app_id,num_sales,avg_cut,avg_gap_days,most_recent_sale,regular_price,days_since_last_sale,label
10,8,86.25,103.11324900792823,2020-12-22 19:01:33+00:00,9.99,2045.978587962963,0
20,30,82.06666666666666,94.2318243135301,2026-06-25 17:20:59+00:00,4.99,35.048425925925926,0
30,31,80.3225806451613,91.0907635030787,2026-06-25 17:20:59+00:00,4.99,35.048425925925926,0
40,29,81.96551724137932,97.59745866401622,2026-06-25 17:29:32+00:00,4.99,35.042488425925924,0
50,33,82.63636363636364,85.39759078414352,2026-06-25 17:20:59+00:00,4.99,35.048425925925926,0
60,30,81.56666666666666,94.2318243135301,2026-06-25 17:20:59+00:00,4.99,35.048425925925926,0
70,36,82.91666666666667,78.0792549603125,2026-06-25 18:34:27+00:00,9.99,34.99740740740741,0
80,30,84.66666666666667,94.23202905490741,2026-06-25 17:29:32+00:00,9.99,35.042488425925924,0
100,3,90.0,87.88451967592593,2019-06-25 18:27:25+00:00,9.99,2592.0022916666667,0
130,34,82.26470588235294,82.80978500280092,2026-06-25 17:20:59+00:00,4.99,35.048425925925926,0
220,34,84.11764705882354,82.80978500280092,2026-06-25 17:20:59+00:00,9.99,35.048425925925926,0
240,29,83.79310344827586,97.59745866401622,2026-06-25 17:29:32+00:00,9.99,35.042488425925924,0
280,10,84.0,80.19906893003473,2020-12-22 18:59:56+00:00,9.99,2045.979710648148,0
300,29,82.24137931034483,97.59724661043981,2026-06-25 17:20:59+00:00,9.99,35.048425925925926,0
320,25,84.68,83.53000675153935,2024-06-27 17:17:02+00:00,4.99,763.0511689814815,0
360,10,84.0,80.19884516460648,2020-12-22 18:57:02+00:00,9.99,2045.981724537037,0
380,24,85.41666666666667,87.16183121980325,2024-06-27 17:19:51+00:00,7.99,763.049212962963,0
400,39,84.87179487179488,71.91376066032407,2026-06-25 17:20:59+00:00,9.99,35.048425925925926,0
420,24,85.41666666666667,87.16174969806713,2024-06-27 17:17:09+00:00,7.99,763.0510879629629,0
500,41,81.58536585365853,68.3180726273148,2026-06-25 17:20:59+00:00,9.99,35.048425925925926,0
550,44,82.5,63.551695467268516,2026-06-25 17:20:59+00:00,9.99,35.048425925925926,0
620,39,84.15384615384616,71.91391691032406,2026-06-25 17:29:32+00:00,9.99,35.042488425925924,0
1200,59,53.40677966101695,47.11649165868056,2026-06-25 18:09:23+00:00,4.99,35.01481481481481,0
1250,63,79.2063492063492,44.076910655613425,2026-06-25 18:26:35+00:00,19.99,35.00287037037037,0
1300,45,69.35555555555555,62.51656118475694,2026-07-13 17:29:19+00:00,9.99,17.042638888888888,0
1309,3,62.0,88.0224363425926,2019-06-26 01:04:37+00:00,9.99,2591.7264583333335,0
1313,45,69.91111111111111,62.51645202019675,2026-07-13 17:22:24+00:00,9.99,17.04744212962963,0
1510,37,74.5945945945946,75.90967624741899,2026-06-25 17:57:37+00:00,11.99,35.02298611111111,1
1520,41,75.1219512195122,68.31870862268518,2026-06-25 17:57:37+00:00,11.99,35.02298611111111,0
1670,67,80.74626865671642,41.405400533101854,2026-06-25 18:09:16+00:00,5.99,35.014895833333334,0
1700,44,66.5,64.3656543389236,2026-07-30 17:21:19+00:00,4.99,0.04819444444444444,0
1900,79,59.24050632911393,35.36819340574074,2026-07-21 17:15:29+00:00,9.99,9.05224537037037,0
1930,84,66.07142857142857,33.237579345150465,2026-07-21 17:15:29+00:00,14.99,9.05224537037037,0
2100,63,75.0,44.07657780763889,2026-06-25 17:56:52+00:00,9.99,35.02350694444444,0
2130,5,75.0,54.20633101851852,2019-08-05 19:48:28+00:00,9.99,2550.9460069444444,0
2200,44,62.40909090909091,64.3656543389236,2026-07-30 17:21:19+00:00,14.99,0.04819444444444444,0
2210,47,65.7872340425532,60.16789427334491,2026-07-30 17:21:19+00:00,14.99,0.04819444444444444,0
2270,47,68.48936170212765,60.16789427334491,2026-07-30 17:21:19+00:00,4.99,0.04819444444444444,0
2280,50,63.4,56.48414564436342,2026-07-30 17:21:19+00:00,9.99,0.04819444444444444,0
2310,49,62.59183673469388,57.66089867862268,2026-07-30 17:21:19+00:00,9.99,0.04819444444444444,0
2320,48,62.583333333333336,58.887726310081014,2026-07-30 17:21:19+00:00,9.99,0.04819444444444444,0
2360,12,66.83333333333333,70.25369844275463,2021-02-11 18:58:35+00:00,4.99,1994.9806481481482,0
2400,12,73.5,70.252189604375,2021-02-11 18:34:41+00:00,9.99,1994.9972453703704,0
2420,4,75.0,59.79816358024305,2019-06-29 09:28:04+00:00,9.99,2588.376840277778,0
2500,82,83.29268292682927,33.98419938842592,2026-07-15 17:17:01+00:00,6.99,15.051180555555556,0
2590,59,80.0,47.63328284642361,2026-07-25 17:31:47+00:00,4.99,5.040925925925926,0
2600,53,50.0,52.55308738425926,2026-06-25 18:15:11+00:00,19.99,35.01078703703703,0
2610,50,68.28,55.770623346550934,2026-06-25 18:15:11+00:00,19.99,35.01078703703703,0
2620,58,49.224137931034484,47.94316743826389,2026-06-25 18:15:11+00:00,19.99,35.01078703703703,0
2630,58,31.551724137931036,47.94316743826389,2026-06-25 18:15:11+00:00,19.99,35.01078703703703,0
2640,49,27.591836734693878,56.93251133293982,2026-06-25 18:15:11+00:00,19.99,35.01078703703703,0
2800,61,68.72131147540983,45.96203144289352,2026-07-20 17:19:31+00:00,4.99,10.049444444444445,0
2810,60,68.7,46.741140929062496,2026-07-20 17:27:20+00:00,9.99,10.044016203703704,0
2820,58,67.48275862068965,48.38108572936343,2026-07-20 17:19:31+00:00,15.99,10.049444444444445,0
2840,60,70.2,46.74104892497685,2026-07-20 17:19:31+00:00,4.99,10.049444444444445,0
2870,60,65.06666666666666,46.74104892497685,2026-07-20 17:19:31+00:00,29.99,10.049444444444445,0
2990,82,79.8780487804878,34.08299211247685,2026-07-23 17:20:12+00:00,9.99,7.0489699074074075,0
3020,84,77.79761904761905,33.237579345150465,2026-07-21 17:15:29+00:00,9.99,9.05224537037037,0
3170,46,78.69565217391305,60.70492078188657,2026-06-24 17:18:52+00:00,9.99,36.04989583333333,1
3320,40,74.975,69.89028549381945,2026-06-18 17:18:26+00:00,4.99,42.05019675925926,0
3330,17,79.70588235294117,51.62510633680556,2026-06-18 17:18:26+00:00,4.99,42.05019675925926,0
3390,39,74.58974358974359,71.72950383770834,2026-06-18 17:18:27+00:00,4.99,42.050185185185185,0
3480,40,75.1,69.89028579059028,2026-06-18 17:18:27+00:00,4.99,42.050185185185185,1
3540,39,74.2051282051282,71.72950383770834,2026-06-18 17:18:27+00:00,4.99,42.050185185185185,1
3590,31,63.225806451612904,67.69063541666667,2024-07-23 17:15:27+00:00,4.99,737.0522685185185,0
3620,17,79.70588235294117,51.625109953703706,2026-06-18 17:18:27+00:00,4.99,42.050185185185185,0
3700,45,72.91111111111111,61.948209438125,2026-06-18 17:18:33+00:00,7.99,42.05011574074074,0
3720,42,80.14285714285714,66.4810052506713,2026-06-18 17:18:33+00:00,9.99,42.05011574074074,0
3730,45,77.4888888888889,61.948209438125,2026-06-18 17:18:33+00:00,4.99,42.05011574074074,0
3830,53,72.84905660377359,53.18692552527778,2026-07-28 17:16:59+00:00,9.99,2.051203703703704,0
3900,23,80.21739130434783,123.76018255471064,2026-06-15 17:22:35+00:00,19.99,45.04731481481482,0
3910,46,76.52173913043478,60.5049781378588,2026-06-15 17:22:35+00:00,4.99,45.04731481481482,0
3920,45,74.77777777777777,62.78932738846064,2026-07-25 17:31:47+00:00,9.99,5.040925925925926,0
3990,9,75.0,319.74921730324075,2026-02-05 18:23:37+00:00,4.99,175.00493055555555,0
4000,49,43.183673469387756,57.49415846835648,2026-07-22 17:16:14+00:00,9.99,8.051724537037037,0
4240,3,35.0,87.86723958333333,2019-06-25 17:37:39+00:00,39.99,2592.0368518518517,0
4500,47,72.02127659574468,47.39029715177084,2024-12-19 22:53:17+00:00,19.99,587.817662037037,0
4560,14,77.92857142857143,56.767292556979164,2021-02-11 18:57:06+00:00,19.99,1994.9816782407408,0
4570,35,62.22857142857143,81.20625578703704,2026-07-24 00:18:17+00:00,14.99,6.758634259259259,0
4700,49,75.51020408163265,56.93225043402778,2026-06-25 17:57:09+00:00,24.99,35.02331018518519,0
4720,46,73.91304347826087,55.371622427974536,2025-10-27 17:21:08+00:00,14.95,276.04832175925924,0
4800,60,73.66666666666667,46.57152405053241,2026-07-10 17:16:41+00:00,7.99,20.051412037037036,0
4850,61,74.8360655737705,45.79533198302084,2026-07-10 17:16:41+00:00,4.99,20.051412037037036,0
4890,61,74.75409836065573,45.79533198302084,2026-07-10 17:16:41+00:00,4.99,20.051412037037036,0
4920,32,64.78125,88.15235551075232,2026-06-25 17:21:09+00:00,4.99,35.04831018518519,0
6000,36,65.55555555555556,78.07852513226852,2026-06-25 17:57:40+00:00,9.99,35.02295138888889,0
6010,32,64.21875,88.15235551075232,2026-06-25 17:21:09+00:00,5.99,35.04831018518519,0
6020,41,65.48780487804878,68.31870949074074,2026-06-25 17:57:40+00:00,9.99,35.02295138888889,0
6030,41,65.48780487804878,68.31870949074074,2026-06-25 17:57:40+00:00,9.99,35.02295138888889,0
6060,36,65.13888888888889,78.07852513226852,2026-06-25 17:57:40+00:00,9.99,35.02295138888889,0
6100,2,100.0,1.0100462962962964,2026-06-12 17:15:09+00:00,6.99,48.05247685185185,0
6120,40,74.5,69.7109274097801,2026-06-11 17:25:41+00:00,9.99,49.04516203703704,0
6200,66,79.84848484848484,42.47274750711805,2026-07-23 17:29:10+00:00,4.99,7.0427430555555555,0
6300,64,62.34375,43.77336327894676,2026-07-20 17:19:31+00:00,19.99,10.049444444444445,0
6310,64,62.34375,43.77336327894676,2026-07-20 17:19:31+00:00,9.99,10.049444444444445,0
6510,56,78.82142857142857,49.68692739898148,2026-06-25 18:44:39+00:00,14.99,34.990324074074074,0
6800,55,53.72727272727273,51.06892382543981,2026-07-20 17:19:31+00:00,4.99,10.049444444444445,0
6810,53,53.490566037735846,53.0331140936574,2026-07-20 17:19:35+00:00,4.99,10.049398148148148,0
6830,55,53.30909090909091,51.06892468277778,2026-07-20 17:19:35+00:00,4.99,10.049398148148148,0
6840,54,53.7962962962963,52.03248929943287,2026-07-20 17:19:35+00:00,4.99,10.049398148148148,0
6850,54,82.4074074074074,52.03248929943287,2026-07-20 17:19:35+00:00,8.99,10.049398148148148,0
6860,55,82.54545454545455,51.19856138545139,2026-07-27 17:20:08+00:00,9.99,3.0490162037037036,0
6870,57,86.0,48.79944010416666,2026-06-25 18:26:51+00:00,6.99,35.002685185185186,1
6880,62,86.0,44.79969148451389,2026-06-25 18:44:54+00:00,6.99,34.990150462962966,1
6900,51,82.54901960784314,55.154438657407404,2026-07-20 17:19:35+00:00,7.99,10.049398148148148,0
6910,63,84.84126984126983,44.07705439814815,2026-06-25 18:39:25+00:00,6.99,34.99395833333333,1
6920,66,84.98484848484848,42.04272881053241,2026-06-25 18:39:25+00:00,6.99,34.99395833333333,0
6980,65,88.16923076923077,42.69964644820602,2026-06-25 18:39:25+00:00,8.99,34.99395833333333,0
7000,65,85.98461538461538,42.69964644820602,2026-06-25 18:39:25+00:00,6.99,34.99395833333333,0
7110,41,74.85365853658537,68.14302864583333,2026-06-18 17:18:27+00:00,14.99,42.050185185185185,0
7200,63,50.0,44.076716696527775,2026-06-25 18:09:16+00:00,29.99,35.014895833333334,0
7210,60,78.66666666666667,46.31811577996528,2026-06-25 18:27:07+00:00,4.99,35.0025,0
7510,83,63.325301204819276,33.64291567863426,2026-07-21 17:15:29+00:00,12.99,9.05224537037037,0
7520,21,58.095238095238095,38.639482638888886,2021-02-11 18:57:06+00:00,19.99,1994.9816782407408,0
7530,20,66.75,40.67236232943287,2021-02-11 18:35:50+00:00,9.99,1994.9964467592592,0
7600,45,74.77777777777777,62.67549847431712,2026-07-20 17:19:35+00:00,9.99,10.049398148148148,0
7610,40,75.0,70.71081879153935,2026-07-20 17:19:35+00:00,9.99,10.049398148148148,0
7620,41,75.0,68.94304832175926,2026-07-20 17:19:35+00:00,4.99,10.049398148148148,0
7650,45,73.77777777777777,62.10848327019676,2026-06-25 18:33:30+00:00,4.99,34.99806712962963,1
7660,46,73.80434782608695,60.72829475307871,2026-06-25 18:33:30+00:00,4.99,34.99806712962963,1
7670,57,74.24561403508773,48.79952256944444,2026-06-25 18:33:30+00:00,19.99,34.99806712962963,0
7760,46,73.80434782608695,60.72829475307871,2026-06-25 18:33:30+00:00,4.99,34.99806712962963,1
7770,46,73.80434782608695,60.72829475307871,2026-06-25 18:33:30+00:00,4.99,34.99806712962963,1
7800,39,68.23076923076923,49.08103222465277,2026-06-25 19:12:18+00:00,19.99,34.971122685185186,0
7830,47,82.2127659574468,59.40775035224537,2026-06-25 18:09:23+00:00,4.99,35.01481481481481,0
7860,55,82.6,51.19856138545139,2026-07-27 17:20:08+00:00,4.99,3.0490162037037036,0
7940,57,50.0,48.79929542824074,2026-06-25 18:15:11+00:00,19.99,35.01078703703703,0
8000,66,88.93939393939394,42.04272881053241,2026-06-25 18:39:25+00:00,8.99,34.99395833333333,0
8140,66,88.93939393939394,42.04272881053241,2026-06-25 18:39:25+00:00,8.99,34.99395833333333,0
8190,62,89.75806451612904,44.79969148451389,2026-06-25 18:44:54+00:00,14.99,34.990150462962966,1
8330,45,48.71111111111111,45.271115845949076,2026-07-27 17:20:08+00:00,0.99,3.0490162037037036,0
8400,65,50.0,42.69983217592593,2026-06-25 18:56:32+00:00,3.99,34.982071759259256,0
8600,19,43.94736842105263,146.3761837705671,2026-03-19 18:30:41+00:00,7.99,133.00002314814816,0
8800,12,75.0,235.70603640571758,2026-02-05 18:23:37+00:00,9.99,175.00493055555555,0
8850,6,69.66666666666667,160.03386574074074,2021-03-11 04:03:50+00:00,19.99,1967.6020023148149,0
8870,78,75.0,35.49056186868056,2026-06-25 18:33:30+00:00,29.99,34.99806712962963,0
8880,48,75.0,58.14411199762732,2026-06-25 18:33:30+00:00,4.99,34.99806712962963,0
8930,13,74.3076923076923,66.91759645061342,2026-07-25 17:31:47+00:00,29.99,5.040925925925926,0
8980,19,45.89473684210526,44.873503086412036,2021-03-18 17:21:12+00:00,29.99,1960.048275462963,0
9010,47,63.59574468085106,60.16789427334491,2026-07-30 17:21:19+00:00,4.99,0.04819444444444444,0
9180,43,63.58139534883721,65.89816991842592,2026-07-30 17:21:19+00:00,4.99,0.04819444444444444,0
9200,46,63.56521739130435,61.504958590532404,2026-07-30 17:21:19+00:00,9.99,0.04819444444444444,0
9340,53,77.66037735849056,52.42598001245371,2026-07-24 00:18:17+00:00,19.99,6.758634259259259,0
9350,58,80.0,47.94330957601852,2026-06-25 18:26:51+00:00,12.99,35.002685185185186,1
9420,56,79.76785714285714,49.68670265150463,2026-06-25 18:26:51+00:00,12.99,35.002685185185186,1
9460,41,75.0,68.14303038194444,2026-06-18 17:18:33+00:00,19.99,42.05011574074074,1
9480,60,75.83333333333333,44.05012201819444,2026-07-09 17:17:12+00:00,9.99,21.051053240740742,0
9500,7,76.42857142857143,358.18149305555556,2025-12-19 20:15:20+00:00,9.99,222.92734953703703,0
10090,58,31.03448275862069,47.94316743826389,2026-06-25 18:15:11+00:00,19.99,35.01078703703703,0
10150,69,74.57971014492753,40.187655058541665,2026-06-25 18:15:11+00:00,19.99,35.01078703703703,0
10180,57,25.87719298245614,48.79929542824074,2026-06-25 18:15:11+00:00,19.99,35.01078703703703,0
10190,6,33.333333333333336,35.16050925925926,2019-06-25 19:15:40+00:00,19.99,2591.968784722222,0
10220,27,78.62962962962963,97.83704326922454,2025-12-18 18:18:54+00:00,5.99,224.0082060185185,0
10500,48,75.3125,58.14357515760417,2026-06-25 17:57:10+00:00,24.99,35.02329861111111,0
10680,46,77.80434782608695,60.727734053495375,2026-06-25 17:57:10+00:00,14.99,35.02329861111111,0
11140,83,80.43373493975903,33.326549796747685,2026-06-25 18:39:00+00:00,9.99,34.99424768518519,0
11150,83,80.43373493975903,33.326549796747685,2026-06-25 18:39:00+00:00,9.99,34.99424768518519,0
11190,83,80.37349397590361,33.326549796747685,2026-06-25 18:39:00+00:00,9.99,34.99424768518519,0
11200,80,83.375,34.84455886660879,2026-07-15 17:17:01+00:00,9.99,15.051180555555556,0
11340,62,74.2258064516129,44.79929056618055,2026-06-25 18:09:41+00:00,4.99,35.01460648148148,0
11370,67,79.02985074626865,41.40552065796297,2026-06-25 18:20:41+00:00,4.99,35.006967592592595,1
11390,76,83.02631578947368,36.67631851851852,2026-07-13 17:22:24+00:00,4.99,17.04744212962963,0
11450,49,70.38775510204081,56.78585720486111,2026-06-18 17:18:27+00:00,4.99,42.050185185185185,0
12130,55,65.0,50.60698838305555,2026-06-25 18:39:25+00:00,9.99,34.99395833333333,0
12140,59,65.0,47.116851253182865,2026-06-25 18:39:25+00:00,9.99,34.99395833333333,0
12150,35,68.71428571428571,80.3758050789699,2026-06-25 18:39:25+00:00,9.99,34.99395833333333,0
12200,58,65.08620689655173,47.943234446064814,2026-06-25 18:20:41+00:00,14.99,35.006967592592595,0
12210,58,69.56896551724138,47.943462678680554,2026-06-25 18:39:25+00:00,19.99,34.99395833333333,0
12320,64,77.96875,43.26541501321759,2026-06-18 17:18:27+00:00,9.99,42.050185185185185,1
12360,82,80.3048780487805,34.08299211247685,2026-07-23 17:20:12+00:00,19.99,7.0489699074074075,0
12710,48,73.04166666666667,57.99406693261574,2026-06-18 17:18:27+00:00,9.99,42.050185185185185,0
12810,49,72.9795918367347,56.78585720486111,2026-06-18 17:18:27+00:00,9.99,42.050185185185185,0
12900,36,75.0,78.07796726189815,2026-06-25 17:29:33+00:00,9.99,35.04247685185185,0
13500,63,77.11111111111111,44.07627184138889,2026-06-25 17:29:33+00:00,9.99,35.04247685185185,0
13520,70,67.92857142857143,39.86556360708334,2026-07-13 17:22:24+00:00,9.99,17.04744212962963,0
13530,67,77.28358208955224,41.405400533101854,2026-06-25 18:09:16+00:00,9.99,35.014895833333334,0
13540,56,73.23214285714286,49.68670496631944,2026-06-25 18:27:02+00:00,9.99,35.00255787037037,0
13560,61,73.08196721311475,45.54614621913194,2026-06-25 18:27:02+00:00,9.99,35.00255787037037,0
13570,62,73.25806451612904,44.79928582269676,2026-06-25 18:09:16+00:00,9.99,35.014895833333334,0
13580,59,73.16949152542372,47.426356760844904,2026-07-13 17:29:19+00:00,9.99,17.042638888888888,0
13600,68,77.32352941176471,41.055580431168984,2026-07-13 17:22:24+00:00,9.99,17.04744212962963,0
15000,58,73.29310344827586,47.94309535412037,2026-06-25 18:09:16+00:00,9.99,35.014895833333334,0
15100,69,70.97101449275362,40.451821895416664,2026-07-13 17:22:24+00:00,19.99,17.04744212962963,0
15120,57,73.26315789473684,48.799222056875,2026-06-25 18:09:16+00:00,9.99,35.014895833333334,0
15170,66,75.0,42.04246919515046,2026-06-25 18:15:07+00:00,9.99,35.01083333333333,0
15190,60,63.0,46.62243879472222,2026-07-13 17:22:24+00:00,9.99,17.04744212962963,0
15210,54,71.96296296296296,51.56159198112268,2026-06-25 18:20:42+00:00,9.99,35.006956018518515,0
15300,56,69.69642857142857,49.68632407407408,2026-06-25 17:56:52+00:00,9.99,35.02350694444444,1
15320,44,74.88636363636364,63.38858069552084,2026-06-18 17:00:55+00:00,9.99,42.06236111111111,0
15370,65,75.0,42.69938277633102,2026-06-25 18:15:07+00:00,9.99,35.01083333333333,0
15390,57,62.89473684210526,49.12006944444445,2026-07-13 17:22:24+00:00,9.99,17.04744212962963,0
15560,24,68.33333333333333,94.17040811190972,2025-10-02 15:30:21+00:00,9.99,301.12525462962964,0
15620,36,77.91666666666667,78.88607705025463,2026-07-24 00:18:17+00:00,49.99,6.758634259259259,0
15700,34,65.02941176470588,82.81037282547453,2026-06-25 17:48:55+00:00,2.99,35.02902777777778,0
15710,34,65.02941176470588,82.81037282547453,2026-06-25 17:48:55+00:00,2.99,35.02902777777778,0
15750,37,65.51351351351352,75.90950842334492,2026-06-25 17:48:55+00:00,9.99,35.02902777777778,0
16450,49,76.53061224489795,56.932858796296294,2026-06-25 18:39:12+00:00,14.99,34.994108796296295,0
16720,55,80.98181818181818,50.60598465363426,2026-06-25 17:21:22+00:00,5.99,35.04815972222222,0
16730,60,80.8,46.317341886377314,2026-06-25 17:21:22+00:00,5.99,35.04815972222222,0
16810,19,68.94736842105263,151.82139531892363,2026-06-25 18:50:34+00:00,19.99,34.98621527777778,0
16900,26,23.46153846153846,108.75260416666667,2026-07-16 15:15:35+00:00,29.99,14.135509259259258,0
17300,18,75.0,59.277836328969904,2021-10-04 17:21:26+00:00,19.99,1760.048113425926,0
17330,43,75.0,64.89812251983797,2026-06-18 17:18:27+00:00,19.99,42.050185185185185,0
17340,3,75.0,87.86721064814814,2019-06-25 17:37:34+00:00,19.99,2592.0369097222224,0
17390,61,76.88524590163935,45.42868499228009,2026-06-18 17:18:23+00:00,19.99,42.05023148148148,0
17410,50,76.1,55.62696121503472,2026-06-18 17:18:23+00:00,19.99,42.05023148148148,0
17440,56,75.44642857142857,49.558565446122685,2026-06-18 17:18:23+00:00,19.99,42.05023148148148,0
17450,24,76.66666666666667,50.71968599033565,2022-03-12 13:16:00+00:00,19.99,1601.2185532407407,0
17460,38,74.10526315789474,73.66813782532407,2026-06-18 17:18:23+00:00,29.99,42.05023148148148,0
17470,46,68.15217391304348,61.504958590532404,2026-07-30 17:21:19+00:00,19.99,0.04819444444444444,0
17480,28,75.0,67.25102366254629,2023-12-21 18:39:48+00:00,19.99,951.9936921296296,0
17710,86,87.23255813953489,32.15055977667824,2026-06-25 19:08:31+00:00,9.99,34.97375,0
18300,60,87.35,46.31734286722222,2026-06-25 17:21:27+00:00,4.99,35.048101851851854,0
18500,30,68.9,94.23183548849538,2026-06-25 17:21:27+00:00,9.99,35.048101851851854,0
18700,50,75.54,56.13722222222222,2026-07-13 17:22:24+00:00,9.99,17.04744212962963,0
19000,44,81.06818181818181,63.99348245046296,2026-07-14 17:16:26+00:00,39.99,16.051585648148148,0
19680,35,80.14285714285714,44.058306781041665,2026-07-30 17:21:19+00:00,9.99,0.04819444444444444,0
19830,58,73.29310344827586,48.258398107534724,2026-07-13 17:29:19+00:00,9.99,17.042638888888888,0
19900,65,68.0,42.69931929976852,2026-06-25 18:09:16+00:00,9.99,35.014895833333334,0
19980,67,77.28358208955224,41.67763468012732,2026-07-13 17:22:24+00:00,9.99,17.04744212962963,0
20500,4,67.0,66.91360725307871,2019-07-20 17:46:47+00:00,19.99,2567.0305092592594,0
20510,47,72.02127659574468,47.39029690015046,2024-12-19 22:53:16+00:00,9.99,587.8176736111111,0
20530,63,78.73015873015873,44.59229540023148,2026-07-27 17:20:08+00:00,9.99,3.0490162037037036,0
20540,50,77.52,55.63705546106481,2026-07-24 00:18:17+00:00,19.99,6.758634259259259,0
20550,63,78.73015873015873,44.59229540023148,2026-07-27 17:20:08+00:00,9.99,3.0490162037037036,0
20820,27,65.18518518518519,105.1068220263426,2026-06-25 18:39:25+00:00,1.99,34.99395833333333,0
20900,71,84.85915492957747,39.496033068773144,2026-07-27 17:20:08+00:00,9.99,3.0490162037037036,0
20920,71,84.78873239436619,39.496033068773144,2026-07-27 17:20:08+00:00,19.99,3.0490162037037036,0
21000,71,77.95774647887323,39.496033068773144,2026-07-27 17:20:08+00:00,19.99,3.0490162037037036,0
21090,27,78.14814814814815,105.10681623930556,2026-06-25 18:39:12+00:00,9.99,34.994108796296295,0
21100,48,76.5625,58.14419621748842,2026-06-25 18:39:12+00:00,19.99,34.994108796296295,0
21110,3,75.0,87.97846643518518,2019-06-25 22:57:59+00:00,54.99,2591.814398148148,0
21120,3,75.0,87.97847222222222,2019-06-25 22:58:00+00:00,54.99,2591.814386574074,0
21130,59,76.61016949152543,47.116851253182865,2026-06-25 18:39:25+00:00,19.99,34.99395833333333,0
21670,56,74.75,49.68686132153935,2026-06-25 18:39:25+00:00,9.99,34.99395833333333,0
21680,55,74.65454545454546,50.606988597384266,2026-06-25 18:39:26+00:00,9.99,34.99394675925926,0
21690,45,75.0,42.04059974746528,2024-01-24 18:52:24+00:00,19.99,917.9849421296296,0
21800,56,69.30357142857143,50.013161616157404,2026-07-13 17:22:24+00:00,9.99,17.04744212962963,0
21980,83,77.83132530120481,33.64291539633102,2026-07-21 17:15:27+00:00,9.99,9.052268518518519,0
22000,25,64.48,113.86571180555555,2026-06-25 18:39:00+00:00,14.99,34.99424768518519,1
22100,49,73.16326530612245,56.93224609375,2026-06-25 17:56:51+00:00,9.99,35.02351851851852,0
22120,14,86.07142857142857,59.44539262819445,2021-02-11 18:57:45+00:00,9.99,1994.981226851852,0
22180,14,86.07142857142857,59.445584045578705,2021-02-11 19:01:20+00:00,9.99,1994.978738425926,0
22200,46,75.8695652173913,60.72791538064814,2026-06-25 18:08:55+00:00,9.99,35.01513888888889,1
22230,34,73.82352941176471,82.8107937008912,2026-06-25 18:08:55+00:00,9.99,35.01513888888889,1
22300,52,72.0,54.269081109293985,2026-07-30 17:21:19+00:00,9.99,0.04819444444444444,0
22320,51,63.76470588235294,55.35446273148148,2026-07-30 17:21:19+00:00,14.99,0.04819444444444444,0
22330,55,71.21818181818182,51.254132158773146,2026-07-30 17:21:19+00:00,14.99,0.04819444444444444,0
22340,48,66.60416666666667,58.887726310081014,2026-07-30 17:21:19+00:00,4.99,0.04819444444444444,0
22370,53,65.32075471698113,53.22544493410879,2026-07-30 17:21:19+00:00,19.99,0.04819444444444444,0
22380,53,66.05660377358491,53.22544493410879,2026-07-30 17:21:19+00:00,9.99,0.04819444444444444,0
22450,46,68.30434782608695,61.50495936212963,2026-07-30 17:21:22+00:00,4.99,0.04815972222222222,0
22490,53,66.05660377358491,53.22544493410879,2026-07-30 17:21:19+00:00,9.99,0.04819444444444444,0
22600,76,80.0,36.249685648148144,2026-06-11 17:26:03+00:00,19.99,49.04490740740741,0
22610,74,82.72972972972973,37.24282772069444,2026-06-11 17:26:03+00:00,9.99,49.04490740740741,0
22650,78,83.71794871794872,35.905484607974536,2026-07-27 17:20:08+00:00,9.99,3.0490162037037036,0
22670,74,83.51351351351352,37.24282772069444,2026-06-11 17:26:03+00:00,9.99,49.04490740740741,1
23400,49,59.59183673469388,56.93224609375,2026-06-25 17:56:51+00:00,9.99,35.02351851851852,0
23450,57,60.0,48.79973420965278,2026-06-25 18:50:34+00:00,9.99,34.98621527777778,0
23490,54,63.888888888888886,52.03259084555555,2026-07-20 17:27:20+00:00,9.99,10.044016203703704,0
24010,55,49.45454545454545,51.06892253943287,2026-07-20 17:19:25+00:00,29.99,10.049513888888889,0
24240,34,74.5,77.98577967171296,2026-07-12 17:15:57+00:00,9.99,18.051921296296296,0
24400,67,74.6268656716418,41.78366389590278,2026-07-20 17:19:25+00:00,9.99,10.049513888888889,0
24420,4,57.5,58.68236882715278,2019-06-26 01:07:50+00:00,9.99,2591.724224537037,0
24670,39,67.25641025641026,68.1516596612963,2026-02-02 18:18:49+00:00,9.99,178.00826388888888,0
24720,57,75.43859649122807,48.673591063159726,2026-06-18 17:18:23+00:00,19.99,42.05023148148148,0
24780,49,75.71428571428571,56.78585624034722,2026-06-18 17:18:23+00:00,19.99,42.05023148148148,0
24790,26,75.0,72.63077314814815,2023-12-21 18:27:50+00:00,14.99,952.0020023148148,0
24800,27,75.0,69.83728320868055,2023-12-21 18:27:53+00:00,19.99,952.0019675925926,0
24810,11,73.18181818181819,77.07647569444444,2021-02-09 18:21:15+00:00,14.99,1997.006574074074,0
24880,35,51.77142857142857,79.12051368462963,2026-06-18 17:18:23+00:00,9.99,42.05023148148148,0
25000,40,62.525,70.06982757597221,2026-06-25 17:21:31+00:00,19.99,35.04805555555556,0
25800,73,71.23287671232876,37.95484262473379,2026-06-25 17:58:05+00:00,14.99,35.02266203703704,0
25830,69,73.84057971014492,40.65768127041667,2026-07-27 17:20:09+00:00,9.99,3.04900462962963,0
25890,72,74.51388888888889,38.489417872974535,2026-06-25 17:58:05+00:00,9.99,35.02266203703704,0
25900,45,78.66666666666667,62.08457807238426,2026-06-24 17:18:52+00:00,6.99,36.04989583333333,1
25980,72,74.51388888888889,38.841152353935186,2026-07-20 17:19:25+00:00,9.99,10.049513888888889,0
25990,75,73.8,37.26651104229167,2026-07-20 17:19:25+00:00,9.99,10.049513888888889,0
26500,5,46.0,90.95977141203704,2026-06-25 17:21:31+00:00,5.99,35.04805555555556,0
26800,29,73.51724137931035,67.84735780422454,2024-03-14 17:25:28+00:00,14.99,868.0453125,0
26900,41,89.39024390243902,68.31808188657408,2026-06-25 17:21:31+00:00,19.99,35.04805555555556,0
28000,38,89.60526315789474,73.85895113863425,2026-06-25 18:44:55+00:00,9.99,34.990138888888886,1
29180,27,68.14814814814815,101.33570334756945,2026-03-19 17:28:44+00:00,9.99,133.04304398148147,0
29800,2,57.5,1231.9847337962963,2024-06-27 18:39:24+00:00,1.99,762.9939699074074,0
31170,52,66.15384615384616,43.58903503993056,2026-07-27 17:20:09+00:00,14.99,3.04900462962963,0
31270,58,67.3103448275862,44.199548814155094,2026-07-27 17:20:09+00:00,4.99,3.04900462962963,0
32330,36,73.75,78.07796693121529,2026-06-25 17:29:32+00:00,19.99,35.042488425925924,0
32340,32,64.6875,88.15254330943287,2026-06-25 17:29:32+00:00,5.99,35.042488425925924,0
32360,37,64.35135135135135,75.90913451645834,2026-06-25 17:29:32+00:00,9.99,35.042488425925924,0
32370,41,65.48780487804878,68.31870949074074,2026-06-25 17:57:40+00:00,9.99,35.02295138888889,0
32380,37,65.27027027027027,75.90967721193287,2026-06-25 17:57:40+00:00,5.99,35.02295138888889,0
32390,33,65.3030303030303,85.39838686342593,2026-06-25 17:57:40+00:00,2.99,35.02295138888889,0
32400,35,65.0,76.05183244825231,2026-01-29 18:17:43+00:00,5.99,182.0090277777778,0
32430,42,65.47619047619048,66.65239950315971,2026-06-25 17:57:40+00:00,19.99,35.02295138888889,0
32440,40,72.875,70.0704712725463,2026-06-25 17:57:40+00:00,19.99,35.02295138888889,0
32450,34,73.67647058823529,82.80996492703704,2026-06-25 17:29:32+00:00,19.99,35.042488425925924,0
32460,37,64.75675675675676,75.90913451645834,2026-06-25 17:29:32+00:00,9.99,35.042488425925924,0
32470,41,65.48780487804878,68.31870949074074,2026-06-25 17:57:40+00:00,19.99,35.02295138888889,0
32500,42,65.47619047619048,66.65239950315971,2026-06-25 17:57:40+00:00,19.99,35.02295138888889,0
32510,40,72.875,70.0704712725463,2026-06-25 17:57:40+00:00,19.99,35.02295138888889,0
33100,40,75.25,70.53138146960649,2026-07-13 17:22:23+00:00,4.99,17.047453703703702,0
33110,37,69.45945945945945,76.40899659207176,2026-07-13 17:22:23+00:00,4.99,17.047453703703702,0
33120,40,68.625,70.53138146960649,2026-07-13 17:22:23+00:00,4.99,17.047453703703702,0
33130,41,75.85365853658537,68.76809693287038,2026-07-13 17:22:23+00:00,4.99,17.047453703703702,0
33220,45,72.4,62.10747369527778,2026-06-25 17:29:32+00:00,9.99,35.042488425925924,0
33229,45,72.4,62.10747369527778,2026-06-25 17:29:32+00:00,9.99,35.042488425925924,0
33230,66,70.74242424242425,42.04198219372685,2026-06-25 17:29:32+00:00,19.99,35.042488425925924,0
33320,63,77.33333333333333,44.0767822207176,2026-06-25 18:15:07+00:00,9.99,35.01083333333333,0
33460,58,75.0,47.943311809606485,2026-06-25 18:27:02+00:00,14.99,35.00255787037037,0
33520,51,74.50980392156863,54.65546550925926,2026-06-25 18:33:31+00:00,6.99,34.99805555555555,0
33530,4,67.5,58.58967206789352,2019-06-25 18:27:23+00:00,6.99,2592.002314814815,0
33600,46,67.23913043478261,61.26042746913195,2026-07-19 17:15:42+00:00,5.99,11.052094907407408,0
33610,46,67.17391304347827,61.26042746913195,2026-07-19 17:15:42+00:00,5.99,11.052094907407408,0
33670,50,61.2,55.524887802337965,2026-06-13 17:16:05+00:00,9.99,47.051828703703706,0
33900,69,80.0,40.62838831018519,2026-07-25 17:31:47+00:00,12.99,5.040925925925926,0
33910,69,80.0,40.62838831018519,2026-07-25 17:31:47+00:00,12.99,5.040925925925926,0
33930,71,80.0,39.46757721560185,2026-07-25 17:31:47+00:00,19.99,5.040925925925926,0
34010,20,40.95,143.8288773148148,2026-06-25 17:58:05+00:00,19.99,35.02266203703704,0
34030,49,75.40816326530613,56.932250675150456,2026-06-25 17:57:10+00:00,24.99,35.02329861111111,0
34190,39,64.74358974358974,71.72950261938658,2026-06-18 17:18:23+00:00,9.99,42.05023148148148,0
34330,50,76.6,55.770368008310186,2026-06-25 17:57:10+00:00,29.99,35.02329861111111,0
34440,23,80.21739130434783,123.76018255471064,2026-06-15 17:22:35+00:00,19.99,45.04731481481482,0
34450,9,75.0,319.74921730324075,2026-02-05 18:23:37+00:00,4.99,175.00493055555555,0
34460,12,75.0,235.70603640571758,2026-02-05 18:23:37+00:00,9.99,175.00493055555555,0
34470,19,68.94736842105263,151.82139531892363,2026-06-25 18:50:34+00:00,19.99,34.98621527777778,0
34830,30,82.2,26.647919061296296,2021-02-11 18:57:06+00:00,7.99,1994.9816782407408,0
34870,77,82.51948051948052,35.95737664473379,2026-06-25 18:15:18+00:00,9.99,35.01070601851852,0
34900,75,56.2,36.929528591087966,2026-06-25 18:50:34+00:00,1.99,34.98621527777778,1
35000,59,85.0,47.11670079021991,2026-06-25 18:26:51+00:00,9.99,35.002685185185186,1
35130,65,85.0,42.699646629050925,2026-06-25 18:39:26+00:00,9.99,34.99394675925926,0
35140,66,77.12121212121212,42.53418963674768,2026-07-27 17:20:09+00:00,19.99,3.04900462962963,0
35450,17,74.52941176470588,48.29959852430556,2021-02-11 19:02:45+00:00,19.99,1994.9777546296295,0
35460,55,76.58181818181818,50.60674789951389,2026-06-25 18:20:43+00:00,9.99,35.00694444444444,0
35700,81,75.80246913580247,34.40900086805555,2026-07-15 17:16:54+00:00,14.99,15.051261574074074,0
35720,82,75.48780487804878,33.98419838819444,2026-07-15 17:16:54+00:00,19.99,15.051261574074074,0
37400,39,79.48717948717949,71.91456201266205,2026-06-25 18:04:50+00:00,4.99,35.017974537037034,0
38400,51,71.74509803921569,55.35446342592592,2026-07-30 17:21:22+00:00,9.99,0.04815972222222222,0
38410,50,71.98,56.484146352974534,2026-07-30 17:21:22+00:00,9.99,0.04815972222222222,0
38420,52,71.61538461538461,54.26908179011574,2026-07-30 17:21:22+00:00,9.99,0.04815972222222222,0
38700,65,86.41538461538461,43.08940339265046,2026-07-20 17:19:25+00:00,4.99,10.049513888888889,0
38720,59,69.13559322033899,47.546927881539354,2026-07-20 17:19:25+00:00,4.99,10.049513888888889,0
38740,65,89.12307692307692,43.08948929398148,2026-07-20 17:27:20+00:00,6.99,10.044016203703704,0
39140,9,45.55555555555556,100.96538483796296,2021-03-18 17:21:14+00:00,11.99,1960.0482523148148,0
39150,43,54.41860465116279,64.73158013667825,2026-06-11 17:25:58+00:00,11.99,49.04496527777778,1
39160,66,79.92424242424242,42.04259455127315,2026-06-25 18:26:51+00:00,14.99,35.002685185185186,1
39190,58,86.0,47.94330957601852,2026-06-25 18:26:51+00:00,6.99,35.002685185185186,1
39200,60,86.0,46.31811264123843,2026-06-25 18:26:51+00:00,6.99,35.002685185185186,1
39500,58,75.22413793103448,47.81966922513889,2026-06-18 17:18:27+00:00,19.99,42.050185185185185,1
39510,57,75.2280701754386,48.67359188987269,2026-06-18 17:18:27+00:00,19.99,42.050185185185185,1
39530,61,78.85245901639344,46.07870543981481,2026-07-27 17:20:09+00:00,9.99,3.04900462962963,0
39540,55,75.43636363636364,50.47631794409722,2026-06-18 17:18:29+00:00,9.99,42.05016203703704,1
39550,55,75.85454545454546,50.47631794409722,2026-06-18 17:18:29+00:00,14.99,42.05016203703704,1
39650,58,75.65517241379311,47.81966922513889,2026-06-18 17:18:27+00:00,9.99,42.050185185185185,1
39670,54,75.0,51.4287021750463,2026-06-18 17:18:33+00:00,4.99,42.05011574074074,1
39680,57,75.57894736842105,48.673592096550934,2026-06-18 17:18:28+00:00,9.99,42.05017361111111,1
39690,57,75.35087719298245,48.67359188987269,2026-06-18 17:18:27+00:00,19.99,42.050185185185185,1
39800,50,60.94,55.77112481103009,2026-06-25 18:50:34+00:00,2.99,34.98621527777778,0
40100,58,75.17241379310344,47.94330957601852,2026-06-25 18:26:51+00:00,12.99,35.002685185185186,1
40300,57,73.78947368421052,48.67359188987269,2026-06-18 17:18:27+00:00,14.99,42.050185185185185,1
40390,59,74.96610169491525,46.995192169537034,2026-06-18 17:18:27+00:00,9.99,42.050185185185185,1
40400,71,74.78873239436619,39.3960261243287,2026-07-20 17:19:26+00:00,9.99,10.049502314814815,0
40700,65,72.75384615384615,43.0581103515625,2026-07-18 17:15:27+00:00,19.99,12.052268518518519,0
40720,63,72.06349206349206,44.447081653217595,2026-07-18 17:15:27+00:00,4.99,12.052268518518519,0
40800,48,80.35416666666667,58.568512115833336,2026-07-15 17:16:54+00:00,14.99,15.051261574074074,0
40950,76,70.19736842105263,36.67631851851852,2026-07-13 17:22:24+00:00,5.99,17.04744212962963,0
40960,78,68.24358974358974,35.72368686868056,2026-07-13 17:22:24+00:00,14.99,17.04744212962963,0
40970,77,75.71428571428571,36.19373538011574,2026-07-13 17:22:24+00:00,9.99,17.04744212962963,0
40980,77,69.1038961038961,36.19373538011574,2026-07-13 17:22:24+00:00,14.99,17.04744212962963,0
40990,67,56.940298507462686,41.40597344976852,2026-06-25 19:03:43+00:00,14.99,34.97708333333333,0
41000,19,83.15789473684211,42.932992541145836,2021-02-11 19:03:10+00:00,14.99,1994.9774652777778,0
41014,58,83.1896551724138,47.943817210844905,2026-06-25 19:08:31+00:00,19.99,34.97375,0
41050,58,80.94827586206897,47.943817210844905,2026-06-25 19:08:31+00:00,5.99,34.97375,0
41070,63,89.2063492063492,44.077380339004634,2026-06-25 19:08:31+00:00,29.99,34.97375,0
41500,60,71.65,46.318322740104165,2026-06-25 18:44:42+00:00,14.99,34.99028935185185,0
41700,47,72.02127659574468,47.390297906597226,2024-12-19 22:53:20+00:00,19.99,587.8176273148148,0
41800,40,67.025,70.06982846628472,2026-06-25 17:21:34+00:00,14.99,35.04802083333333,0
42120,73,86.02739726027397,38.19054735724537,2026-07-12 17:15:57+00:00,9.99,18.051921296296296,0
42170,77,85.84415584415585,36.18051854896991,2026-07-12 17:15:57+00:00,14.99,18.051921296296296,0
42670,67,70.94029850746269,41.4054627875926,2026-06-25 18:15:11+00:00,29.99,35.01078703703703,0
42680,57,50.228070175438596,48.79929542824074,2026-06-25 18:15:11+00:00,39.99,35.01078703703703,0
42700,57,50.24561403508772,48.79995453041666,2026-06-25 19:08:20+00:00,39.99,34.973877314814814,0
42710,6,51.0,35.16209953703704,2019-06-25 19:27:07+00:00,39.99,2591.9608333333335,0
42910,68,74.72058823529412,40.787203392754634,2026-06-25 17:49:23+00:00,9.99,35.028703703703705,1
42960,77,74.74025974025975,35.9571398330787,2026-06-25 17:49:23+00:00,19.99,35.028703703703705,1
42990,70,74.64285714285714,39.60511557299768,2026-06-25 18:04:17+00:00,19.99,35.01835648148148,0
43000,42,50.0,66.65251157407407,2026-06-25 18:04:17+00:00,9.99,35.01835648148148,1
45300,19,68.94736842105263,142.0547710905324,2026-06-25 17:21:36+00:00,9.99,35.04799768518519,0
45740,62,71.53225806451613,44.79962943988426,2026-06-25 18:39:27+00:00,19.99,34.99393518518519,0
45760,62,81.19354838709677,45.2085562765625,2026-07-20 17:19:35+00:00,29.99,10.049398148148148,0
45770,62,71.53225806451613,44.79962943988426,2026-06-25 18:39:27+00:00,19.99,34.99393518518519,0
46250,56,82.58928571428571,50.2676786616088,2026-07-27 17:20:09+00:00,6.99,3.04900462962963,0
46490,68,81.88235294117646,40.78728613875,2026-06-25 17:57:22+00:00,7.99,35.023159722222225,1
46500,72,83.44444444444444,38.48941086332176,2026-06-25 17:57:22+00:00,12.99,35.023159722222225,0
46510,74,83.35135135135135,37.872908580659725,2026-07-27 17:20:09+00:00,12.99,3.04900462962963,0
46560,66,82.13636363636364,42.04218999287037,2026-06-25 17:48:59+00:00,7.99,35.02898148148148,1
47400,77,84.15584415584415,36.19373538011574,2026-07-13 17:22:24+00:00,29.99,17.04744212962963,0
47700,13,73.46153846153847,75.49345389659723,2021-06-24 22:06:53+00:00,19.99,1861.8498842592592,0
47780,53,77.45283018867924,53.22544560185185,2026-07-30 17:21:22+00:00,19.99,0.04815972222222222,0
47790,38,74.47368421052632,73.66813782532407,2026-06-18 17:18:23+00:00,19.99,42.05023148148148,0
47810,52,77.84615384615384,54.26908179011574,2026-07-30 17:21:22+00:00,29.99,0.04815972222222222,0
47830,3,75.0,88.03871527777778,2019-06-26 01:51:30+00:00,19.99,2591.693900462963,0
47890,10,68.5,216.1910853909375,2024-04-29 17:16:28+00:00,19.99,822.0515625,0
48000,60,83.1,46.31839022284722,2026-06-25 18:50:26+00:00,12.49,34.98630787037037,1
48110,15,68.4,57.55164930555556,2021-03-16 17:21:15+00:00,9.99,1962.0482407407408,0
48190,64,69.921875,43.37656176512731,2026-06-25 17:21:41+00:00,19.99,35.04793981481482,0
48220,37,75.0,75.91024369855324,2026-06-25 18:27:02+00:00,9.99,35.00255787037037,0
48240,66,74.01515151515152,42.56494480056713,2026-07-29 17:18:50+00:00,19.99,1.0499189814814816,0
48700,49,73.6734693877551,56.93224609375,2026-06-25 17:56:51+00:00,19.99,35.02351851851852,0
48720,49,73.57142857142857,56.93224609375,2026-06-25 17:56:51+00:00,9.99,35.02351851851852,0
48800,54,73.61111111111111,52.03248929943287,2026-07-20 17:19:35+00:00,19.99,10.049398148148148,0
48950,11,73.63636363636364,33.713038194444444,2026-03-19 20:23:07+00:00,9.99,132.92194444444445,0
49520,66,75.15151515151516,42.53418963674768,2026-07-27 17:20:09+00:00,19.99,3.04900462962963,0
49540,50,78.1,55.770368008310186,2026-06-25 17:57:10+00:00,29.99,35.02329861111111,0
49600,76,72.73684210526316,36.76962577159723,2026-07-20 17:19:35+00:00,9.99,10.049398148148148,0
50130,12,72.91666666666667,67.83611111111111,2021-01-16 04:44:00+00:00,29.99,2021.5741087962963,0
50620,5,81.0,49.43379918981481,2019-07-17 17:38:41+00:00,19.99,2570.036134259259,0
55040,40,49.7,69.7109274097801,2026-06-11 17:25:41+00:00,9.99,49.04516203703704,0
55100,62,84.35483870967742,42.57376593806713,2026-06-25 18:27:07+00:00,19.99,35.0025,0
55110,63,80.95238095238095,44.59229558690972,2026-07-27 17:20:09+00:00,19.99,3.04900462962963,0
55140,58,75.43103448275862,47.819670443460645,2026-06-18 17:18:33+00:00,19.99,42.05011574074074,1
55150,54,74.64814814814815,52.094579184131945,2026-07-24 00:18:17+00:00,39.99,6.758634259259259,0
55230,62,64.2741935483871,44.79948713569444,2026-06-25 18:26:57+00:00,9.99,35.002615740740744,0
57200,4,63.75,695.8672800925926,2025-03-13 18:04:56+00:00,9.99,504.01790509259257,0
57300,65,81.0923076923077,42.69958315248842,2026-06-25 18:33:35+00:00,19.99,34.99800925925926,0
57620,53,67.54716981132076,52.55274283297454,2026-06-25 17:49:23+00:00,14.99,35.028703703703705,0
57650,54,73.05555555555556,52.03248929943287,2026-07-20 17:19:35+00:00,9.99,10.049398148148148,0
57680,52,67.98076923076923,53.583290441168984,2026-06-25 17:56:51+00:00,9.99,35.02351851851852,0
57690,53,62.16981132075472,53.0331140936574,2026-07-20 17:19:35+00:00,14.99,10.049398148148148,0
57740,59,75.2542372881356,46.995192169537034,2026-06-18 17:18:27+00:00,19.99,42.050185185185185,1
57900,58,77.41379310344827,48.38108654157407,2026-07-20 17:19:35+00:00,19.99,10.049398148148148,0
58520,40,78.375,55.89465960350695,2024-12-19 21:24:05+00:00,9.99,587.8796064814815,0
58610,46,77.06521739130434,57.48933796296296,2026-07-28 08:16:02+00:00,9.99,2.426863425925926,0
61500,73,76.71232876712328,37.95475871269676,2026-06-25 17:49:23+00:00,5.99,35.028703703703705,1
63000,25,70.0,113.86347752700232,2026-06-25 17:21:47+00:00,3.99,35.04787037037037,0
63200,5,84.0,88.18923611111111,2019-12-19 18:10:00+00:00,4.99,2415.0143865740743,0
63500,47,76.91489361702128,59.798345410625,2026-07-13 17:22:24+00:00,5.99,17.04744212962963,0
63610,36,54.166666666666664,78.93515443121528,2026-07-25 17:31:47+00:00,5.99,5.040925925925926,0
63700,40,54.225,70.90065319325231,2026-07-28 03:00:41+00:00,9.99,2.6458564814814816,0
63710,44,54.52272727272727,64.30524359387732,2026-07-28 03:00:41+00:00,9.99,2.6458564814814816,0
63910,44,78.75,63.528405469421294,2026-06-24 17:18:52+00:00,14.99,36.04989583333333,1
63940,46,82.6086956521739,60.72718801439815,2026-06-25 17:21:47+00:00,7.99,35.04787037037037,0
64000,45,84.44444444444444,62.10810290403935,2026-06-25 18:09:24+00:00,9.99,35.01480324074074,0
65080,44,52.38636363636363,64.29586832471065,2026-07-27 17:20:10+00:00,14.99,3.0489930555555556,0
65300,25,43.8,115.1967640817824,2026-07-27 17:20:10+00:00,9.99,3.0489930555555556,0
65540,57,76.63157894736842,48.67359230324074,2026-06-18 17:18:29+00:00,19.99,42.05016203703704,1
65560,60,78.91666666666667,46.8597006434375,2026-07-27 17:20:10+00:00,4.99,3.0489930555555556,0
65600,57,75.2280701754386,48.67359230324074,2026-06-18 17:18:29+00:00,9.99,42.05016203703704,1
65730,60,80.0,46.825938873194445,2026-07-25 17:31:46+00:00,19.99,5.0409375,0
65780,70,80.0,40.039570920555555,2026-07-25 17:31:46+00:00,9.99,5.0409375,0
65790,71,80.56338028169014,38.93887367724537,2026-06-18 17:18:28+00:00,4.99,42.05017361111111,0
65800,50,72.98,55.77047524564814,2026-06-25 18:04:44+00:00,14.99,35.01804398148148,0
65930,49,80.0,57.5983820408912,2026-07-27 17:20:10+00:00,19.99,3.0489930555555556,0
65980,55,75.0,51.16167395403935,2026-07-25 17:31:46+00:00,39.99,5.0409375,0
67370,51,82.74509803921569,55.154437962962966,2026-07-20 17:19:32+00:00,29.99,10.04943287037037,0
70000,51,88.52941176470588,55.154546296296296,2026-07-20 17:27:20+00:00,9.99,10.044016203703704,0
70100,150,50.653333333333336,18.34078587185185,2026-06-25 18:39:01+00:00,4.99,34.994236111111114,0
70110,75,51.586666666666666,37.307143236979165,2026-07-23 17:29:11+00:00,4.99,7.042731481481481,0
70120,63,47.888888888888886,38.20864807347222,2025-06-26 22:28:06+00:00,0.99,398.835150462963,0
70300,39,59.84615384615385,71.91377528020833,2026-06-25 17:21:47+00:00,4.99,35.04787037037037,0
70400,30,79.33333333333333,94.231843470625,2026-06-25 17:21:47+00:00,19.99,35.04787037037037,0
70420,29,77.79310344827586,97.59726645171297,2026-06-25 17:21:47+00:00,9.99,35.04787037037037,0
70600,74,80.4054054054054,37.24282772069444,2026-06-11 17:26:03+00:00,14.99,49.04490740740741,0
70620,74,79.1891891891892,37.87290873921296,2026-07-27 17:20:10+00:00,9.99,3.0489930555555556,0
70640,75,80.13333333333334,36.73954423172454,2026-06-11 17:25:50+00:00,7.99,49.04505787037037,0
70660,74,78.91891891891892,37.24282772069444,2026-06-11 17:26:03+00:00,7.99,49.04490740740741,0
71250,51,70.19607843137256,54.514421990740736,2026-06-18 17:18:23+00:00,7.99,42.05023148148148,1
71340,33,74.0909090909091,56.74260380497685,2023-12-21 18:19:11+00:00,19.99,952.0080092592592,0
72000,31,80.16129032258064,91.09096450616897,2026-06-25 17:29:40+00:00,9.99,35.04239583333333,0
72400,17,63.1764705882353,170.79555844907406,2026-06-25 17:29:40+00:00,1.99,35.04239583333333,0
73010,71,71.33802816901408,39.49603339946759,2026-07-27 17:20:10+00:00,19.99,3.0489930555555556,0
73170,68,75.88235294117646,40.787210302650465,2026-06-25 17:50:03+00:00,9.99,35.02824074074074,1
78000,40,73.975,69.89028460350696,2026-06-18 17:18:23+00:00,4.99,42.05023148148148,0
80310,36,70.16666666666667,78.07796990740741,2026-06-25 17:29:41+00:00,9.99,35.04238425925926,0
91100,73,80.38356164383562,37.95552035107639,2026-06-25 19:08:21+00:00,9.99,34.97386574074074,0
91200,62,86.46774193548387,45.09391298572917,2026-07-13 17:29:19+00:00,9.99,17.042638888888888,0
91330,7,57.857142857142854,150.98373842592594,2021-06-24 21:39:30+00:00,14.99,1861.868900462963,0
91600,58,76.63793103448276,48.258313840150464,2026-07-13 17:22:24+00:00,9.99,17.04744212962963,0
91700,36,68.05555555555556,78.07797023809027,2026-06-25 17:29:42+00:00,9.99,35.042372685185185,1
92800,51,60.09803921568628,54.65554189814815,2026-06-25 18:39:01+00:00,9.99,34.994236111111114,0
93200,51,55.92156862745098,54.654963657407414,2026-06-25 17:57:23+00:00,14.99,35.023148148148145,0
94200,2,60.0,50.068194444444444,2019-11-26 18:59:40+00:00,9.99,2437.9798958333336,0
94300,75,75.06666666666666,37.361112675173615,2026-07-27 17:20:10+00:00,3.99,3.0489930555555556,0
94400,75,59.266666666666666,37.17194444444444,2026-07-13 17:22:24+00:00,9.99,17.04744212962963,0
94590,57,66.91228070175438,44.98882709159722,2026-07-27 17:20:10+00:00,4.99,3.0489930555555556,0
95300,36,75.13888888888889,78.0783799603125,2026-06-25 17:50:21+00:00,9.99,35.02803240740741,0
95400,39,75.23076923076923,70.80844785574074,2026-05-14 17:18:16+00:00,11.99,77.0503125,1
96000,81,76.72839506172839,34.38404861111111,2026-07-13 17:22:24+00:00,4.99,17.04744212962963,0
96100,67,69.85074626865672,41.632119984560184,2026-07-10 17:16:41+00:00,1.99,20.051412037037036,0
98200,35,60.0,80.37438112744213,2026-06-25 17:29:42+00:00,24.99,35.042372685185185,1
98300,48,49.875,58.14316932623843,2026-06-25 17:29:42+00:00,9.99,35.042372685185185,0
98400,38,89.34210526315789,71.40278966466435,2026-06-25 17:29:42+00:00,14.99,35.042372685185185,1
98800,31,42.0,91.09096527777778,2026-06-25 17:29:42+00:00,7.99,35.042372685185185,0
98900,36,75.41666666666667,78.59211078041666,2026-07-13 17:22:23+00:00,4.99,17.047453703703702,0
99300,51,75.88235294117646,54.65497361111111,2026-06-25 17:58:06+00:00,15.0,35.022650462962964,0
99700,33,62.93939393939394,85.39777994791666,2026-06-25 17:29:42+00:00,9.99,35.042372685185185,0
102600,52,74.23076923076923,53.584018473125,2026-06-25 18:50:19+00:00,9.99,34.98638888888889,0
102840,39,74.61538461538461,71.54542549950231,2026-06-11 17:25:41+00:00,9.99,49.04516203703704,0
104600,26,62.69230769230769,109.30915370370371,2026-06-25 17:29:32+00:00,1.99,35.042488425925924,0
104900,41,18.70731707317073,68.3182242476852,2026-06-25 17:29:43+00:00,0.99,35.04236111111111,0
105000,80,89.9375,34.85723716596065,2026-07-16 17:19:18+00:00,9.99,14.049594907407407,0
105600,44,49.54545454545455,63.551836509467584,2026-06-25 17:29:43+00:00,9.99,35.04236111111111,0
105800,39,66.66666666666667,71.91475085282407,2026-06-25 18:15:10+00:00,9.99,35.01079861111111,0
107100,43,80.0,65.06542631172454,2026-06-25 17:56:59+00:00,14.99,35.02342592592593,0
107200,63,53.73015873015873,44.366514336909724,2026-07-13 17:22:24+00:00,9.99,17.04744212962963,0
107300,17,64.52941176470588,48.299403211805554,2021-02-11 18:58:15+00:00,2.99,1994.9808796296297,0
107310,17,64.52941176470588,48.29961733217593,2021-02-11 19:03:11+00:00,2.99,1994.9774537037038,0
107410,71,75.15492957746478,36.89661722883102,2026-01-26 18:19:01+00:00,29.99,185.008125,0
108110,86,84.66279069767442,32.44378703703704,2026-07-20 17:19:32+00:00,13.99,10.04943287037037,0
108500,33,63.0,83.43392867476852,2026-06-25 17:49:33+00:00,4.99,35.028587962962966,0
108600,42,33.976190476190474,66.65192609530092,2026-06-25 17:29:43+00:00,19.99,35.04236111111111,0
108710,43,77.3953488372093,65.06631200395834,2026-06-25 18:50:33+00:00,14.99,34.98622685185185,0
108800,44,75.0,63.388862779930555,2026-06-18 17:18:23+00:00,29.99,42.05023148148148,0
110800,63,67.06349206349206,44.077115815405094,2026-06-25 18:44:54+00:00,19.99,34.990150462962966,0
111600,19,80.0,42.932853652256945,2021-02-11 18:59:34+00:00,9.99,1994.9799652777779,0
111800,26,56.96153846153846,109.3110837962963,2026-06-25 18:39:01+00:00,4.99,34.994236111111114,0
113020,40,79.55,70.0699735873611,2026-06-25 17:29:43+00:00,14.99,35.04236111111111,0
113200,51,64.52941176470588,40.02744097222222,2026-07-15 17:16:54+00:00,4.99,15.051261574074074,0
115100,48,69.83333333333333,58.84510909179398,2026-07-28 17:16:59+00:00,9.99,2.051203703703704,0
115110,44,70.0909090909091,64.31907272824074,2026-07-28 17:16:59+00:00,9.99,2.051203703703704,0
115120,45,69.44444444444444,62.857275620787036,2026-07-28 17:16:59+00:00,14.99,2.051203703703704,0
115220,60,74.75,46.57152405053241,2026-07-10 17:16:41+00:00,4.99,20.051412037037036,0
115300,57,50.228070175438596,48.79929542824074,2026-06-25 18:15:11+00:00,39.99,35.01078703703703,0
115320,70,74.35714285714286,39.60522527509259,2026-06-25 18:15:11+00:00,39.99,35.01078703703703,0
115800,63,58.80952380952381,44.366514523587966,2026-07-13 17:22:25+00:00,19.99,17.047430555555554,0
200010,57,89.0,48.79944010416666,2026-06-25 18:26:51+00:00,8.99,35.002685185185186,1
200020,28,60.142857142857146,101.87866298010418,2026-07-13 17:22:25+00:00,6.99,17.047430555555554,0
200170,74,80.87837837837837,37.24282565956018,2026-06-11 17:25:50+00:00,14.99,49.04505787037037,0
200260,65,76.61538461538461,43.198786711516206,2026-07-27 17:20:11+00:00,19.99,3.0489814814814813,0
200510,71,77.32394366197182,39.03938078703704,2026-06-25 18:09:35+00:00,14.99,35.01467592592593,1
200710,61,67.45901639344262,45.54635069444445,2026-06-25 18:44:42+00:00,19.99,34.99028935185185,0
200900,38,45.36842105263158,73.85792542541667,2026-06-25 17:50:16+00:00,14.99,35.02809027777778,0
201270,50,76.6,55.770368008310186,2026-06-25 17:57:10+00:00,29.99,35.02329861111111,0
201480,57,81.14035087719299,48.799956803900464,2026-06-25 19:08:31+00:00,4.99,34.97375,0
201510,84,84.82142857142857,33.261715194108795,2026-07-23 17:20:12+00:00,9.99,7.0489699074074075,0
201570,51,78.03921568627452,55.05440138888889,2026-07-15 17:16:54+00:00,4.99,15.051261574074074,0
201790,54,74.25925925925925,51.56198004017361,2026-06-25 18:50:19+00:00,14.99,34.98638888888889,0
201810,52,69.98076923076923,54.26908179011574,2026-07-30 17:21:22+00:00,19.99,0.04815972222222222,0
201870,70,66.27142857142857,39.86556377481482,2026-07-13 17:22:25+00:00,19.99,17.047430555555554,0
202130,67,75.3731343283582,41.40528303871528,2026-06-25 17:58:06+00:00,19.99,35.022650462962964,0
202200,23,50.0,35.126795033668984,2021-02-11 18:56:52+00:00,19.99,1994.9818402777778,0
202310,54,75.01851851851852,51.56183197937501,2026-06-25 18:39:01+00:00,9.99,34.994236111111114,0
202530,48,66.14583333333333,57.994065947592595,2026-06-18 17:18:23+00:00,9.99,42.05023148148148,1
202750,42,76.45238095238095,66.6532952235764,2026-06-25 18:50:33+00:00,8.99,34.98622685185185,0
202970,57,64.35087719298245,48.80000268682871,2026-06-25 19:12:13+00:00,39.99,34.971180555555556,0
202990,6,61.666666666666664,35.22648611111111,2019-06-26 03:10:42+00:00,59.99,2591.6389004629627,0
203140,54,82.31481481481481,52.1645726327662,2026-07-27 17:20:11+00:00,19.99,3.0489814814814813,0
203160,139,80.75539568345324,19.80273475240741,2026-06-25 18:39:27+00:00,19.99,34.99393518518519,0
203350,46,78.69565217391305,60.70492078188657,2026-06-24 17:18:52+00:00,9.99,36.04989583333333,1
203630,25,75.0,32.199607445983794,2021-02-11 18:58:26+00:00,24.99,1994.9807523148147,0
203750,52,79.40384615384616,53.583307461863434,2026-06-25 17:58:06+00:00,14.99,35.022650462962964,1
203830,80,90.0,34.85723716596065,2026-07-16 17:19:18+00:00,19.99,14.049594907407407,0
204030,34,68.67647058823529,82.81180204825232,2026-06-25 18:56:50+00:00,9.99,34.98186342592592,0
204060,39,66.7948717948718,71.91456688596065,2026-06-25 18:05:06+00:00,7.99,35.01778935185185,1
204100,57,67.80701754385964,48.79959635416667,2026-06-25 18:39:27+00:00,19.99,34.99393518518519,0
204120,60,76.58333333333333,46.31826094631944,2026-06-25 18:39:27+00:00,19.99,34.99393518518519,0
204240,81,80.1604938271605,34.15971368634259,2026-06-25 18:39:01+00:00,9.99,34.994236111111114,0
204300,11,37.72727272727273,33.20042708333333,2026-07-13 17:22:26+00:00,19.99,17.04741898148148,0
204340,61,81.63934426229508,45.546626350300926,2026-06-25 19:08:31+00:00,9.99,34.97375,0
204360,53,78.11320754716981,52.39845953525463,2026-06-17 17:16:39+00:00,14.99,43.051435185185184,0
204450,84,70.71428571428571,33.237579066261574,2026-07-21 17:15:27+00:00,14.99,9.052268518518519,0
204530,83,78.4578313253012,33.63075513775463,2026-07-20 17:19:34+00:00,14.99,10.049409722222222,0
204630,34,67.94117647058823,82.8120479096412,2026-06-25 19:08:31+00:00,14.99,34.97375,1
204860,48,82.70833333333333,58.14375591016204,2026-06-25 18:09:24+00:00,7.99,35.01480324074074,0
204880,62,65.93548387096774,45.09383462355324,2026-07-13 17:22:26+00:00,19.99,17.04741898148148,0
205020,22,71.45454545454545,130.12958057759258,2026-06-25 17:18:31+00:00,12.99,35.05013888888889,0
205100,53,71.05660377358491,53.22544560185185,2026-07-30 17:21:22+00:00,9.99,0.04815972222222222,0
205230,49,75.0,56.93226417824074,2026-06-25 17:58:06+00:00,14.99,35.022650462962964,0
205610,56,66.96428571428571,49.68662563130787,2026-06-25 18:20:45+00:00,14.99,35.0069212962963,0
205650,80,80.825,34.592115125405094,2026-06-25 18:39:01+00:00,19.99,34.994236111111114,0
205730,54,74.85185185185185,51.56206542627314,2026-06-25 18:56:50+00:00,14.99,34.98186342592592,0
205810,59,75.20338983050847,46.995192169537034,2026-06-18 17:18:27+00:00,14.99,42.050185185185185,1
205840,61,77.68852459016394,45.54614737653935,2026-06-25 18:27:08+00:00,4.99,35.002488425925925,0
205910,73,80.78082191780823,38.30169335133102,2026-07-20 17:19:34+00:00,11.99,10.049409722222222,0
205990,70,75.07142857142857,39.9669843666088,2026-07-20 17:19:34+00:00,19.99,10.049409722222222,0
206190,44,64.56818181818181,63.552955695520836,2026-06-25 18:39:01+00:00,9.99,34.994236111111114,0
206420,63,76.34920634920636,44.30194220429398,2026-07-09 17:17:24+00:00,19.99,21.05091435185185,0
206440,58,74.13793103448276,47.942949764456024,2026-06-25 17:57:19+00:00,9.99,35.02319444444444,0
206610,82,76.28048780487805,34.05826003085648,2026-07-21 17:15:27+00:00,9.99,9.052268518518519,0
207080,34,57.35294117647059,82.80980534511575,2026-06-25 17:21:57+00:00,9.99,35.04775462962963,0
207140,74,72.72972972972973,37.43553763951389,2026-06-25 19:03:43+00:00,14.99,34.97708333333333,1
207170,50,73.24,56.13722269462963,2026-07-13 17:22:26+00:00,14.99,17.04741898148148,0
207320,48,70.0,58.14392385736111,2026-06-25 18:20:46+00:00,14.99,35.006909722222225,0
207350,51,74.80392156862744,54.655288425925924,2026-06-25 18:20:46+00:00,19.99,35.006909722222225,0
207420,34,50.61764705882353,82.80980674803241,2026-06-25 17:22:01+00:00,2.99,35.04770833333333,0
207490,58,69.6896551724138,46.66179316925926,2026-04-13 17:19:59+00:00,19.99,108.04912037037037,0
207570,35,67.51428571428572,71.53022160946759,2026-06-25 18:39:01+00:00,4.99,34.994236111111114,0
207610,43,74.20930232558139,55.83282710537038,2026-06-25 18:04:17+00:00,14.99,35.01835648148148,0
207650,32,73.4375,88.15317390979166,2026-06-25 17:57:41+00:00,9.99,35.02293981481481,0
207690,65,72.86153846153846,43.0581103515625,2026-07-18 17:15:27+00:00,14.99,12.052268518518519,0
207750,10,53.3,192.07965277777777,2023-09-25 17:12:18+00:00,4.99,1039.0544560185185,0
207930,55,75.0909090909091,50.476317515428235,2026-06-18 17:18:27+00:00,9.99,42.050185185185185,1
208140,48,77.20833333333333,58.14455698384259,2026-06-25 19:03:37+00:00,9.99,34.977152777777775,0
208200,76,64.23684210526316,36.90297561728009,2026-07-30 17:21:22+00:00,9.99,0.04815972222222222,0
208520,57,68.42105263157895,48.7989837549537,2026-06-25 17:50:03+00:00,14.99,35.02824074074074,0
208580,43,65.46511627906976,65.0654378857986,2026-06-25 17:57:41+00:00,9.99,35.02293981481481,0
208650,65,78.38461538461539,43.198786711516206,2026-07-27 17:20:11+00:00,19.99,3.0489814814814813,0
208670,20,69.0,134.55761147659723,2026-06-25 17:22:03+00:00,9.99,35.04768518518519,0
208730,2,50.0,34.85974537037037,2019-02-04 20:38:02+00:00,14.99,2732.911585648148,0
208750,38,75.26315789473684,73.85792698947917,2026-06-25 17:50:21+00:00,14.99,35.02803240740741,0
209000,64,76.71875,43.88448247354167,2026-07-27 17:20:15+00:00,19.99,3.048935185185185,0
209060,24,68.33333333333333,94.16939512881945,2025-10-02 15:30:21+00:00,14.99,301.12525462962964,0
209080,41,81.41463414634147,65.86981915509259,2026-03-19 19:01:35+00:00,4.99,132.9785648148148,0
209160,13,64.84615384615384,64.39947820215278,2021-02-11 19:02:59+00:00,59.99,1994.9775925925926,0
209170,6,62.333333333333336,35.14748611111111,2019-06-25 17:41:54+00:00,59.99,2592.033900462963,0
209190,69,87.26086956521739,40.70181134259259,2026-07-30 17:21:22+00:00,9.99,0.04815972222222222,0
209540,10,70.5,175.10983667694444,2026-03-19 19:17:11+00:00,19.99,132.96773148148148,0
209630,78,81.1025641025641,35.49061162216435,2026-06-25 18:39:01+00:00,19.99,34.994236111111114,1
209650,56,66.80357142857143,49.68655534511574,2026-06-25 18:15:11+00:00,59.99,35.01078703703703,0
209660,6,67.0,35.20828472222222,2019-06-26 00:59:39+00:00,59.99,2591.7299074074076,0
209670,27,81.48148148148148,101.33567040597222,2026-03-19 17:27:30+00:00,19.99,133.04390046296297,0
209730,62,81.04838709677419,44.79948922282408,2026-06-25 18:27:08+00:00,4.99,35.002488425925925,0
209790,9,58.888888888888886,91.00055700231482,2026-06-25 17:22:03+00:00,9.99,35.04768518518519,0
209830,4,31.25,100.24999614196759,2019-10-28 17:59:59+00:00,14.99,2467.0213425925926,0
210770,63,76.5079365079365,44.59229670697916,2026-07-27 17:20:15+00:00,14.99,3.048935185185185,0
210950,2,75.0,175.77378472222222,2019-06-25 18:34:15+00:00,9.99,2591.997546296296,0
210970,51,74.98039215686275,54.65578935185185,2026-06-25 18:56:50+00:00,39.99,34.98186342592592,1
211160,25,75.0,113.8647072723727,2026-06-25 18:04:17+00:00,14.99,35.01835648148148,0
211260,70,73.57142857142857,39.60522661701389,2026-06-25 18:15:19+00:00,9.99,35.01069444444445,0
211400,55,72.23636363636363,50.60721236282408,2026-06-25 18:56:50+00:00,14.99,34.98186342592592,0
211440,8,71.875,318.9673148148148,2025-02-10 18:30:32+00:00,4.99,535.0001273148148,0
211600,65,84.96923076923076,42.69964699074074,2026-06-25 18:39:28+00:00,6.99,34.993923611111114,0
211740,66,84.98484848484848,42.042729344722225,2026-06-25 18:39:28+00:00,6.99,34.993923611111114,0
211780,57,86.0,48.79944010416666,2026-06-25 18:26:51+00:00,6.99,35.002685185185186,1
211820,53,54.16981132075472,52.97538617342593,2026-07-17 17:16:55+00:00,14.99,13.05125,0
212010,36,72.83333333333333,78.07781911375,2026-06-25 17:22:05+00:00,7.99,35.047662037037036,0
212480,40,73.75,69.89028460350696,2026-06-18 17:18:23+00:00,19.99,42.05023148148148,0
212630,51,72.43137254901961,54.6551287037037,2026-06-25 18:09:16+00:00,19.99,35.014895833333334,1
212680,54,73.24074074074075,51.97585058525463,2026-07-17 17:16:55+00:00,9.99,13.05125,0
213330,73,76.5068493150685,38.39892216435185,2026-07-27 17:20:15+00:00,19.99,3.048935185185185,0
213610,51,66.07843137254902,54.514421990740736,2026-06-18 17:18:23+00:00,9.99,42.05023148148148,1
213670,69,76.44927536231884,40.65768229166667,2026-07-27 17:20:15+00:00,29.99,3.048935185185185,0
214150,45,50.666666666666664,62.10779671716435,2026-06-25 17:50:00+00:00,4.99,35.02827546296297,1
214170,54,87.83333333333333,51.56176166142361,2026-06-25 18:33:39+00:00,5.99,34.997962962962966,1
214250,50,75.0,50.933039965983795,2025-10-31 17:15:18+00:00,14.99,272.05237268518516,0
214340,86,90.11627906976744,32.3967263071875,2026-07-16 17:19:18+00:00,9.99,14.049594907407407,1
214490,49,76.24489795918367,56.93294174381945,2026-06-25 18:44:56+00:00,39.99,34.99012731481481,0
214510,55,76.81818181818181,51.19856288579861,2026-07-27 17:20:15+00:00,19.99,3.048935185185185,0
214550,38,75.0,73.47908752502315,2026-06-11 17:25:47+00:00,6.99,49.045092592592596,0
214560,5,36.0,191.4417505787037,2021-02-04 18:24:29+00:00,19.99,2002.0043287037038,0
214700,32,49.46875,87.70084416068288,2026-06-11 17:25:41+00:00,4.99,49.04516203703704,0
214730,48,79.47916666666667,58.14428092986111,2026-06-25 18:44:56+00:00,14.99,34.99012731481481,0
214770,64,74.375,42.15992816724537,2026-06-25 19:03:43+00:00,14.99,34.97708333333333,1
214790,31,74.48387096774194,91.09078935185185,2026-06-25 17:22:06+00:00,3.99,35.04765046296296,0
214830,27,75.0,59.0663599537037,2023-03-16 17:24:31+00:00,9.99,1232.0459722222222,0
214870,128,82.890625,21.76946768372685,2026-07-27 17:20:15+00:00,19.99,3.048935185185185,0
214950,50,76.0,55.770368008310186,2026-06-25 17:57:10+00:00,59.99,35.02329861111111,0
214970,30,67.06666666666666,94.23185105363426,2026-06-25 17:22:06+00:00,9.99,35.04765046296296,0
215160,55,75.27272727272727,50.476319015763885,2026-06-18 17:18:34+00:00,19.99,42.050104166666664,1
215470,22,55.22727272727273,76.65535824513888,2023-05-29 18:18:02+00:00,4.99,1158.0088078703704,0
215510,18,78.61111111111111,45.692305964050924,2021-02-15 18:27:39+00:00,4.99,1991.0021296296297,0
215530,47,89.36170212765957,59.40703653380787,2026-06-25 17:22:06+00:00,14.99,35.04765046296296,0
215630,49,65.81632653061224,56.93225405092593,2026-06-25 17:57:24+00:00,9.99,35.02313657407407,0
215670,24,77.45833333333333,117.29579106280093,2026-06-25 17:22:09+00:00,4.99,35.04761574074074,0
215690,42,78.42857142857143,66.65259033423611,2026-06-25 18:08:56+00:00,14.99,35.01512731481481,1
215790,83,73.36144578313252,33.64291539633102,2026-07-21 17:15:27+00:00,9.99,9.052268518518519,0
215930,82,56.46341463414634,34.05826003085648,2026-07-21 17:15:27+00:00,8.99,9.052268518518519,0
216890,47,82.55319148936171,59.99390423710648,2026-07-22 17:16:13+00:00,14.99,8.051736111111111,0
216910,45,89.55555555555556,53.29553240740741,2026-06-25 18:39:21+00:00,14.99,34.99400462962963,0
217140,36,77.33333333333333,78.07887400792825,2026-06-25 18:15:15+00:00,14.99,35.010740740740744,0
217200,71,79.05633802816901,38.83894890872685,2026-06-11 17:26:03+00:00,14.99,49.04490740740741,0
217690,48,73.95833333333333,58.143057771863425,2026-06-25 17:22:09+00:00,9.99,35.04761574074074,0
217790,73,81.34246575342466,37.9549517746875,2026-06-25 18:09:24+00:00,9.99,35.01480324074074,0
217920,75,86.26666666666667,36.92919779153935,2026-06-25 18:15:19+00:00,19.99,35.01069444444445,0
218410,18,69.72222222222223,160.7484538398611,2026-06-25 17:22:09+00:00,14.99,35.04761574074074,0
218510,82,76.28048780487805,34.05826003085648,2026-07-21 17:15:27+00:00,11.99,9.052268518518519,0
218620,66,63.04545454545455,42.303375534178244,2026-07-12 17:15:57+00:00,9.99,18.051921296296296,0
218640,75,83.21333333333334,37.11784393768518,2026-07-09 17:17:27+00:00,9.99,21.05087962962963,0
218680,42,78.33333333333333,66.65179793359954,2026-06-25 17:22:09+00:00,19.99,35.04761574074074,0
218740,36,75.83333333333333,78.07782043650462,2026-06-25 17:22:09+00:00,19.99,35.04761574074074,0
218820,10,53.0,84.3071900720139,2021-01-28 18:21:11+00:00,19.99,2009.0066203703705,0
219150,58,78.44827586206897,48.55654686483796,2026-07-30 17:21:22+00:00,9.99,0.04815972222222222,0
219680,6,50.0,546.5447453703704,2026-06-25 17:22:10+00:00,9.99,35.047604166666666,0
219740,51,75.0,54.374525231481485,2026-06-11 17:25:49+00:00,9.99,49.045069444444444,0
219760,53,87.79245283018868,52.55333400106481,2026-06-25 18:33:39+00:00,5.99,34.997962962962966,1
219780,53,88.86792452830188,52.55333400106481,2026-06-25 18:33:39+00:00,19.99,34.997962962962966,1
219890,36,63.25,78.0778207671875,2026-06-25 17:22:10+00:00,19.99,35.047604166666666,0
219910,82,90.0,33.996564643344904,2026-07-16 17:19:18+00:00,19.99,14.049594907407407,0
219990,54,75.64814814814815,51.82491439552083,2026-07-09 17:17:28+00:00,24.99,21.050868055555554,0
220160,62,73.41935483870968,44.799488084386574,2026-06-25 18:27:02+00:00,19.99,35.00255787037037,0
220200,72,74.23611111111111,38.98201649712963,2026-07-30 17:21:22+00:00,39.99,0.04815972222222222,0
220240,75,71.82666666666667,37.361113457199075,2026-07-27 17:20:15+00:00,19.99,3.048935185185185,0
220260,21,43.80952380952381,136.63713657407408,2026-06-25 17:49:32+00:00,14.99,35.02859953703704,0
220440,63,75.31746031746032,44.076786701006945,2026-06-25 18:15:31+00:00,29.99,35.010555555555555,0
220660,25,81.84,74.82346643518518,2023-12-01 18:19:00+00:00,29.99,972.0081365740741,0
220740,84,89.92857142857143,33.177370314583335,2026-07-16 17:19:18+00:00,19.99,14.049594907407407,0
220780,59,54.79661016949152,47.11648627075231,2026-06-25 18:08:56+00:00,9.99,35.01512731481481,0
220820,67,80.95522388059702,41.192823197245374,2026-06-11 17:25:55+00:00,9.99,49.045,0
220860,35,79.31428571428572,80.37422726034723,2026-06-25 17:22:10+00:00,4.99,35.047604166666666,0
221040,45,75.53333333333333,42.0405182028588,2024-01-24 18:47:14+00:00,29.99,917.9885300925926,0
221100,66,42.696969696969695,41.96746314101852,2026-07-25 17:31:46+00:00,49.99,5.0409375,0
221180,23,75.21739130434783,99.77520938552084,2026-06-29 19:45:43+00:00,14.99,30.947916666666668,0
221260,46,67.08695652173913,60.728379886828705,2026-06-25 18:39:01+00:00,14.99,34.994236111111114,1
221380,6,72.5,290.35476851851854,2022-12-22 18:34:20+00:00,19.99,1315.997488425926,0
221540,33,71.48484848484848,85.39838107638889,2026-06-25 17:57:24+00:00,9.99,35.02313657407407,0
221640,40,62.3,70.06983915004629,2026-06-25 17:22:10+00:00,2.99,35.047604166666666,0
221680,23,69.1304347826087,119.7652530513426,2026-03-19 20:03:13+00:00,9.99,132.93576388888889,0
221810,46,69.02173913043478,61.46044727365741,2026-07-28 17:16:59+00:00,14.99,2.051203703703704,0
221910,38,54.473684210526315,73.47861705454861,2026-06-11 17:00:43+00:00,14.99,49.0625,1
222160,78,86.16666666666667,35.671694324189815,2026-07-09 17:17:28+00:00,4.99,21.050868055555554,0
222420,44,65.04545454545455,64.03029015934028,2026-07-16 07:15:34+00:00,14.99,14.468854166666667,0
222440,45,60.955555555555556,60.3477848800463,2026-04-09 07:15:39+00:00,14.99,112.46879629629629,0
222480,70,76.57142857142857,39.96698486982639,2026-07-20 17:19:37+00:00,19.99,10.049375,0
222640,2,90.0,176.39175925925926,2019-06-26 09:24:08+00:00,15.99,2591.3795717592593,0
222730,56,62.232142857142854,49.68692929292824,2026-06-25 18:44:48+00:00,9.99,34.99021990740741,0
222750,44,77.11363636363636,60.200259474583326,2026-07-28 08:16:02+00:00,19.99,2.426863425925926,0
222880,52,64.25,51.8769222040625,2026-03-30 17:21:10+00:00,14.99,122.04829861111111,0
223100,67,81.86567164179104,41.405588524120375,2026-06-25 18:27:08+00:00,19.99,35.002488425925925,0
223220,76,81.75,36.43729953703704,2026-06-25 19:08:21+00:00,14.99,34.97386574074074,0
223470,90,90.0,30.929438982511574,2026-07-15 17:16:54+00:00,9.99,15.051261574074074,0
223810,49,70.0,56.93259259259259,2026-06-25 18:20:48+00:00,14.99,35.00688657407407,0
223830,41,74.8780487804878,68.31809895833334,2026-06-25 17:22:30+00:00,24.99,35.04737268518519,0
223850,50,78.4,55.77062216553241,2026-06-25 18:15:06+00:00,29.99,35.01084490740741,0
223870,5,70.0,44.05996527777778,2019-06-26 05:45:24+00:00,14.99,2591.5314699074074,0
224300,62,85.98387096774194,41.586282255613426,2025-12-11 18:19:02+00:00,6.99,231.00811342592593,0
224460,29,67.58620689655173,96.88291377314815,2026-06-05 17:19:05+00:00,9.99,55.04974537037037,0
224480,47,72.61702127659575,59.40783690619214,2026-06-25 18:15:07+00:00,14.99,35.01083333333333,0
224760,24,54.875,114.55466737116899,2026-03-19 18:10:35+00:00,9.99,133.0139814814815,0
224860,64,80.0,43.852863389178246,2026-07-25 17:31:46+00:00,8.99,5.0409375,0
224900,80,71.1875,34.92049446201389,2026-07-21 17:15:27+00:00,19.99,9.052268518518519,0
224940,49,85.9795918367347,42.95248288001157,2024-08-23 17:15:37+00:00,6.99,706.0521527777778,0
224960,46,82.08695652173913,60.728387088472225,2026-06-25 18:39:29+00:00,6.99,34.993912037037035,0
224980,55,82.7090909090909,50.60698924039352,2026-06-25 18:39:29+00:00,6.99,34.993912037037035,0
225000,56,82.76785714285714,49.68686216329861,2026-06-25 18:39:29+00:00,6.99,34.993912037037035,0
225020,54,82.64814814814815,51.561838093981486,2026-06-25 18:39:29+00:00,6.99,34.993912037037035,0
225080,46,79.1304347826087,51.327180298344906,2025-04-28 17:21:17+00:00,14.99,458.0482175925926,0
225160,50,79.8,55.48420753023149,2026-06-11 17:25:41+00:00,9.99,49.04516203703704,0
225260,45,71.5111111111111,62.857275620787036,2026-07-28 17:16:59+00:00,14.99,2.051203703703704,0
225280,63,42.04761904761905,44.07717965949074,2026-06-25 18:50:36+00:00,12.99,34.98619212962963,0
225300,46,82.08695652173913,60.728387088472225,2026-06-25 18:39:29+00:00,6.99,34.993912037037035,0
225320,45,82.0,62.10857770412037,2026-06-25 18:39:29+00:00,6.99,34.993912037037035,0
225360,49,68.06122448979592,56.93174913194444,2026-06-25 17:22:30+00:00,9.99,35.04737268518519,0
225420,73,71.43835616438356,38.39892216435185,2026-07-27 17:20:15+00:00,19.99,3.048935185185185,0
225540,64,85.0,43.377479423865736,2026-06-25 18:44:56+00:00,19.99,34.99012731481481,1
225640,48,75.0,52.27063017138889,2025-09-22 17:16:15+00:00,14.99,311.05171296296294,0
226100,11,51.81818181818182,77.2774085648148,2021-02-11 18:34:41+00:00,9.99,1994.9972453703704,0
226120,36,75.75,78.07782738094907,2026-06-25 17:22:30+00:00,4.99,35.04737268518519,0
226620,40,52.3,70.07120756172453,2026-06-25 18:39:01+00:00,14.99,34.994236111111114,0
226720,56,80.42857142857143,49.68686216329861,2026-06-25 18:39:29+00:00,24.99,34.993912037037035,0
226740,8,51.875,376.38963293650465,2026-03-19 17:27:30+00:00,9.99,133.04390046296297,0
226840,78,75.32051282051282,35.490164442037035,2026-06-25 17:49:26+00:00,29.99,35.02866898148148,1
226860,68,65.36764705882354,40.787209784409725,2026-06-25 17:50:00+00:00,29.99,35.02827546296297,0
227000,39,69.38461538461539,71.91378898635418,2026-06-25 17:22:32+00:00,9.99,35.047349537037036,1
227100,51,76.68627450980392,54.51442453703704,2026-06-18 17:18:34+00:00,14.99,42.050104166666664,0
227200,30,64.5,90.85341235631944,2026-03-19 17:58:30+00:00,9.99,133.0223726851852,0
227300,91,75.06593406593407,30.36400797324074,2026-06-25 18:15:26+00:00,19.99,35.010613425925925,0
227560,6,64.16666666666667,217.3519212962963,2021-12-22 18:13:50+00:00,5.99,1681.011724537037,0
227600,51,75.0,54.6549738425926,2026-06-25 17:58:07+00:00,14.99,35.02263888888889,0
227780,59,81.52542372881356,47.11719967273148,2026-06-25 19:08:31+00:00,9.99,34.97375,0
227860,53,64.71698113207547,51.14850271545139,2026-04-13 17:19:53+00:00,9.99,108.04918981481481,0
228180,50,69.2,55.770885298553246,2026-06-25 18:33:40+00:00,29.99,34.997951388888886,0
228200,53,77.28301886792453,52.42561832263889,2026-07-24 00:18:17+00:00,19.99,6.758634259259259,0
228260,67,64.8955223880597,41.40519781144676,2026-06-25 17:50:00+00:00,24.99,35.02827546296297,0
228280,62,62.903225806451616,44.79875379476852,2026-06-25 17:22:32+00:00,19.99,35.047349537037036,1
228300,56,80.53571428571429,49.68686216329861,2026-06-25 18:39:29+00:00,29.99,34.993912037037035,0
228360,33,70.51515151515152,85.3976244212963,2026-06-25 17:22:32+00:00,14.99,35.047349537037036,0
228380,58,56.37931034482759,47.8196706465162,2026-06-18 17:18:34+00:00,29.99,42.050104166666664,1
228760,63,50.0,44.076716696527775,2026-06-25 18:09:16+00:00,19.99,35.014895833333334,0
228960,17,69.88235294117646,151.99850477430556,2026-06-25 17:22:32+00:00,9.99,35.047349537037036,0
229480,58,67.67241379310344,47.94346349090278,2026-06-25 18:39:29+00:00,14.99,34.993912037037035,0
230050,33,48.78787878787879,85.39762478298611,2026-06-25 17:22:33+00:00,2.99,35.04733796296296,0
230070,67,66.7910447761194,41.85955141694445,2026-07-25 17:31:46+00:00,14.99,5.0409375,0
230190,62,79.1774193548387,44.799689207638885,2026-06-25 18:44:42+00:00,29.99,34.99028935185185,0
230230,5,75.0,44.85466724537037,2019-06-29 10:02:53+00:00,39.99,2588.352662037037,0
230270,39,50.56410256410256,71.84431499755787,2026-06-25 17:22:33+00:00,14.99,35.04733796296296,0
230290,54,32.53703703703704,51.561194968553245,2026-06-25 17:50:24+00:00,29.99,35.027997685185184,0
230700,70,71.44285714285714,40.01048091115741,2026-07-23 17:21:23+00:00,14.99,7.048148148148148,0
230820,80,89.375,34.85723716596065,2026-07-16 17:19:18+00:00,19.99,14.049594907407407,0
230840,3,48.333333333333336,106.01300925925926,2020-01-23 18:31:05+00:00,9.99,2379.9997453703704,0
230860,34,39.85294117647059,82.80981797137731,2026-06-25 17:22:33+00:00,14.99,35.04733796296296,0
230980,7,26.142857142857142,363.31529706789354,2024-12-19 21:24:10+00:00,5.99,587.8795486111111,0
231040,43,71.5813953488372,65.06603284832177,2026-06-25 18:33:40+00:00,9.99,34.997951388888886,0
231140,61,79.04918032786885,45.54614737653935,2026-06-25 18:27:08+00:00,9.99,35.002488425925925,0
231160,44,83.97727272727273,63.55295596467593,2026-06-25 18:39:02+00:00,14.99,34.994224537037034,0
231200,39,44.743589743589745,71.91378929092593,2026-06-25 17:22:33+00:00,24.99,35.04733796296296,0
231330,51,75.0,54.51442453703704,2026-06-18 17:18:34+00:00,19.99,42.050104166666664,1
231430,55,75.74545454545455,50.48392768346066,2026-07-24 00:18:17+00:00,19.99,6.758634259259259,0
231740,28,75.0,29.546853137858797,2021-03-08 18:21:39+00:00,9.99,1970.0062962962963,0
232010,87,80.0,31.776287413865738,2026-06-25 18:15:26+00:00,4.99,35.010613425925925,0
232050,39,73.2051282051282,71.91392422026621,2026-06-25 17:29:56+00:00,19.99,35.04221064814815,0
232090,62,77.24193548387096,44.7994175015162,2026-06-25 18:20:50+00:00,29.99,35.00686342592593,0
232430,77,65.83116883116882,35.95764528508102,2026-06-25 18:44:42+00:00,14.99,34.99028935185185,1
232750,62,78.70967741935483,44.79948922282408,2026-06-25 18:27:08+00:00,4.99,35.002488425925925,0
232770,11,75.0,32.97558680555556,2019-11-26 18:08:27+00:00,1.99,2438.015462962963,0
232790,45,72.95555555555555,62.857275620787036,2026-07-28 17:16:59+00:00,14.99,2.051203703703704,0
232890,80,89.875,34.81929002577546,2026-07-13 17:22:26+00:00,39.99,17.04741898148148,0
232910,63,50.0,44.076716696527775,2026-06-25 18:09:16+00:00,9.99,35.014895833333334,0
233130,59,84.83050847457628,47.63328264686343,2026-07-25 17:31:46+00:00,29.99,5.0409375,0
233150,58,77.75862068965517,48.50390229043981,2026-07-27 17:20:18+00:00,9.99,3.048900462962963,0
233190,65,77.36923076923077,42.69951316550926,2026-06-25 18:27:08+00:00,4.99,35.002488425925925,0
233270,75,70.6,37.36111392642361,2026-07-27 17:20:18+00:00,14.99,3.048900462962963,0
233290,62,89.35483870967742,44.799691863993054,2026-06-25 18:44:56+00:00,19.99,34.99012731481481,1
233350,27,45.22222222222222,105.10496616809027,2026-06-25 17:29:56+00:00,5.99,35.04221064814815,0
233370,4,58.5,70.00461805555555,2019-07-30 00:19:57+00:00,19.99,2557.757476851852,0
233450,62,76.93548387096774,45.07736680327547,2026-07-12 17:15:54+00:00,29.99,18.051956018518517,0
233470,35,67.0,80.37603247548611,2026-06-25 18:50:33+00:00,9.99,34.98622685185185,1
233610,44,66.52272727272727,63.55184000861111,2026-06-25 17:29:56+00:00,24.99,35.04221064814815,1
233700,14,68.21428571428571,59.44414529914352,2021-02-11 18:34:24+00:00,9.99,1994.9974421296297,0
233720,62,77.58064516129032,45.09383462355324,2026-07-13 17:22:26+00:00,9.99,17.04741898148148,0
233740,42,53.0,66.65239526873843,2026-06-25 17:57:25+00:00,4.99,35.023125,0
233840,75,81.4,37.36111392642361,2026-07-27 17:20:18+00:00,24.99,3.048900462962963,0
233860,65,50.83076923076923,40.23403609664352,2026-07-13 17:22:26+00:00,29.99,17.04741898148148,0
233980,32,71.25,84.99216061827546,2026-03-19 18:10:03+00:00,12.99,133.01435185185184,0
234080,51,78.23529411764706,55.0343949074074,2026-07-14 17:16:26+00:00,29.99,16.051585648148148,0
234140,47,77.55319148936171,59.407155545486106,2026-06-25 17:29:59+00:00,19.99,35.042175925925925,0
234160,29,57.62068965517241,87.00185722552084,2026-03-19 19:17:11+00:00,6.99,132.96773148148148,0
234190,33,72.72727272727273,85.39778609664351,2026-06-25 17:29:59+00:00,4.99,35.042175925925925,0
234270,84,83.16666666666667,32.92517444778935,2026-06-25 18:56:51+00:00,19.99,34.98185185185185,1
234390,67,74.55223880597015,41.405283214074075,2026-06-25 17:58:07+00:00,12.99,35.02263888888889,1
234510,60,76.85,46.318041823599536,2026-06-25 18:20:50+00:00,19.99,35.00686342592593,0
234650,74,75.0,37.43491359081018,2026-06-25 17:58:07+00:00,14.99,35.02263888888889,1
234670,59,62.54237288135593,47.116561103125,2026-06-25 18:15:11+00:00,19.99,35.01078703703703,0
234940,31,65.70967741935483,87.82424768518518,2026-03-19 17:27:30+00:00,0.99,133.04390046296297,0
235210,57,70.52631578947368,48.799596767523155,2026-06-25 18:39:29+00:00,14.99,34.993912037037035,0
235250,48,76.45833333333333,58.14467863474537,2026-06-25 19:11:51+00:00,4.99,34.971435185185186,1
235320,59,78.05084745762711,47.63328264686343,2026-07-25 17:31:46+00:00,9.99,5.0409375,0
235360,22,68.63636363636364,60.47160604055556,2022-06-23 21:41:22+00:00,9.99,1497.8676041666668,0
235380,33,66.81818181818181,39.67958116319444,2022-06-23 17:55:06+00:00,9.99,1498.0247337962962,0
235460,37,62.972972972972975,65.40483957046295,2025-06-12 13:46:53+00:00,29.99,413.19710648148146,0
235540,79,86.21518987341773,35.2528125,2026-07-12 17:15:54+00:00,29.99,18.051956018518517,0
235600,62,73.11290322580645,44.79928582269676,2026-06-25 18:09:16+00:00,19.99,35.014895833333334,0
235620,50,64.8,55.52619661753472,2026-07-18 17:15:27+00:00,9.99,12.052268518518519,0
235800,36,74.55555555555556,78.07797585978008,2026-06-25 17:29:59+00:00,14.99,35.042175925925925,0
235900,74,88.04054054054055,37.72221556315972,2026-07-16 17:19:18+00:00,24.99,14.049594907407407,0
236090,54,74.11111111111111,51.562065644652776,2026-06-25 18:56:51+00:00,14.99,34.98185185185185,0
236130,90,77.61111111111111,30.907010247604166,2026-07-13 17:22:26+00:00,29.99,17.04741898148148,0
236150,89,84.4494382022472,31.337750289351852,2026-07-20 17:19:43+00:00,34.99,10.049305555555556,0
236370,8,59.375,323.39369378306714,2025-03-13 18:08:26+00:00,9.99,504.01547453703705,0
236430,13,75.0,64.39936246141204,2021-02-11 19:00:59+00:00,39.99,1994.9789814814815,0
236450,58,72.15517241379311,47.94340277777778,2026-06-25 18:34:30+00:00,9.99,34.997372685185184,0
236510,39,76.41025641025641,45.86861202484954,2026-06-11 17:25:45+00:00,4.99,49.04511574074074,0
236690,42,80.5952380952381,45.92105013549769,2024-02-26 18:18:48+00:00,19.99,885.008275462963,0
236730,62,85.90322580645162,45.09391298572917,2026-07-13 17:29:19+00:00,14.99,17.042638888888888,0
236850,75,75.37333333333333,36.929036380127314,2026-06-25 17:58:07+00:00,49.99,35.02263888888889,0
237430,56,75.89285714285714,49.558566498310185,2026-06-18 17:18:28+00:00,19.99,42.05017361111111,1
237630,52,74.67307692307692,53.58387096041667,2026-06-25 18:39:29+00:00,14.99,34.993912037037035,0
237850,40,66.7,70.07068702516204,2026-06-25 18:09:47+00:00,24.99,35.01453703703704,1
237890,38,76.84210526315789,73.85754473222222,2026-06-25 17:29:59+00:00,14.99,35.042175925925925,0
237930,45,79.77777777777777,62.107905881724534,2026-06-25 17:56:55+00:00,19.99,35.023472222222225,1
237950,59,80.0,47.63328264686343,2026-07-25 17:31:46+00:00,6.99,5.0409375,0
237990,50,78.6,55.76998275699074,2026-06-25 17:29:59+00:00,24.99,35.042175925925925,0
238010,68,85.19117647058823,40.78772267135417,2026-06-25 18:39:29+00:00,19.99,34.993912037037035,1
238090,47,84.29787234042553,59.25480927938658,2026-06-18 17:18:34+00:00,29.99,42.050104166666664,0
238210,43,67.09302325581395,57.326672178125,2025-08-04 17:17:08+00:00,9.99,360.05109953703703,0
238240,59,76.98305084745763,47.11601991538195,2026-06-25 17:29:59+00:00,14.99,35.042175925925925,0
238280,25,62.2,94.32534336418982,2025-03-13 19:23:52+00:00,9.99,503.9630902777778,0
238320,52,80.67307692307692,53.9552891249074,2026-07-14 17:16:26+00:00,14.99,16.051585648148148,0
238370,73,74.65753424657534,37.9547591949537,2026-06-25 17:49:26+00:00,14.99,35.02866898148148,1
238430,69,56.82608695652174,40.18755378539352,2026-06-25 18:05:16+00:00,9.99,35.017673611111114,0
238460,50,75.2,55.60652848638888,2026-06-17 17:16:39+00:00,14.99,43.051435185185184,0
238750,20,74.75,47.673167032152776,2021-06-24 18:57:51+00:00,24.99,1861.9811574074074,0
238910,65,74.76923076923077,42.69976779513889,2026-06-25 18:50:36+00:00,9.99,34.98619212962963,1
239030,24,52.125,118.8140026167361,2026-06-25 17:19:46+00:00,9.99,35.04927083333333,1
239070,38,79.21052631578948,73.47908908908565,2026-06-11 17:25:52+00:00,9.99,49.04503472222222,1
239120,37,51.351351351351354,75.5201768261227,2026-06-11 17:25:58+00:00,15.99,49.04496527777778,1
239140,33,67.87878787878788,67.71133969907407,2024-12-06 18:18:32+00:00,19.99,601.0084606481481,0
239160,69,83.98550724637681,40.1879032203125,2026-06-25 18:39:29+00:00,19.99,34.993912037037035,0
239200,67,82.6268656716418,41.405658319293984,2026-06-25 18:33:46+00:00,19.99,34.997881944444444,1
239250,52,78.26923076923077,53.9552891249074,2026-07-14 17:16:26+00:00,39.99,16.051585648148148,0
239350,35,76.42857142857143,80.37438725489584,2026-06-25 17:30:00+00:00,14.99,35.04216435185185,0
239430,43,68.65116279069767,65.06498015872685,2026-06-25 17:30:00+00:00,9.99,35.04216435185185,0
239820,49,58.69387755102041,57.34833478009259,2026-07-15 17:16:54+00:00,9.99,15.051261574074074,0
239840,28,74.10714285714286,92.28604166666666,2025-10-27 17:21:18+00:00,19.99,276.0482060185185,0
240440,36,48.69444444444444,77.67789054232638,2026-06-11 17:25:41+00:00,19.99,49.04516203703704,1
240720,42,60.23809523809524,66.65193089430555,2026-06-25 17:30:00+00:00,7.99,35.04216435185185,0
240760,50,69.28,55.7711252834375,2026-06-25 18:50:36+00:00,29.99,34.98619212962963,0
241240,67,49.37313432835821,41.67770745650463,2026-07-13 17:29:19+00:00,12.99,17.042638888888888,0
241260,78,81.47435897435898,35.49061177247685,2026-06-25 18:39:02+00:00,29.99,34.994224537037034,0
241320,25,40.16,113.86371527777777,2026-06-25 17:30:00+00:00,19.99,35.04216435185185,0
241410,39,74.48717948717949,71.91519523635417,2026-06-25 18:39:29+00:00,9.99,34.993912037037035,0
241600,43,78.95348837209302,65.06498015872685,2026-06-25 17:30:00+00:00,14.99,35.04216435185185,1
241620,88,67.25,31.651973978287035,2026-07-16 17:19:18+00:00,9.99,14.049594907407407,0
241910,83,90.0,33.581972391597226,2026-07-16 17:19:18+00:00,19.99,14.049594907407407,0
241930,20,53.5,42.040357577962965,2021-03-09 18:24:11+00:00,9.99,1969.004537037037,0
242050,24,66.04166666666667,35.031439714166666,2021-03-16 17:21:17+00:00,19.99,1962.0482175925927,0
242110,59,83.03389830508475,42.36216135855324,2026-07-13 17:29:19+00:00,14.99,17.042638888888888,0
242550,59,77.30508474576271,45.4281996328125,2026-03-19 20:03:14+00:00,29.99,132.9357523148148,0
242570,12,63.0,250.06581018518517,2026-07-13 17:22:26+00:00,19.99,17.04741898148148,0
242640,62,88.2258064516129,45.29066218881945,2026-07-25 17:31:46+00:00,19.99,5.0409375,0
242680,13,48.84615384615385,190.92183641974538,2026-06-25 18:50:36+00:00,11.99,34.98619212962963,0
242700,65,77.84615384615384,43.198787977430555,2026-07-27 17:20:18+00:00,19.99,3.048900462962963,0
242760,48,62.520833333333336,58.14428117612269,2026-06-25 18:44:57+00:00,19.99,34.99011574074074,0
242780,40,70.275,70.06997892924768,2026-06-25 17:30:01+00:00,14.99,35.04215277777778,0
242820,41,75.04878048780488,68.31822945601853,2026-06-25 17:30:01+00:00,4.99,35.04215277777778,1
242840,43,75.0,56.417914737650456,2025-06-27 13:15:29+00:00,19.99,398.21891203703706,0
242860,69,70.94202898550725,40.18819972085648,2026-06-25 19:08:31+00:00,19.99,34.97375,0
242880,81,52.71604938271605,34.559030381944446,2026-07-27 17:20:18+00:00,19.99,3.048900462962963,0
242920,43,64.34883720930233,63.49345789240741,2026-04-20 17:24:20+00:00,19.99,101.04609953703704,0
242940,56,86.0,49.68670286194444,2026-06-25 18:26:52+00:00,6.99,35.00267361111111,1
242960,62,85.98387096774194,44.799629819363425,2026-06-25 18:39:29+00:00,6.99,34.993912037037035,0
242980,59,86.0,47.11670098978009,2026-06-25 18:26:52+00:00,6.99,35.00267361111111,1
243000,59,85.01694915254237,47.11670098978009,2026-06-25 18:26:52+00:00,9.99,35.00267361111111,1
243040,25,74.04,113.86371576002314,2026-06-25 17:30:01+00:00,6.99,35.04215277777778,0
243160,24,41.791666666666664,117.73736966585648,2026-06-25 17:18:53+00:00,14.99,35.04988425925926,0
243200,81,90.0,34.42152170138889,2026-07-16 17:19:18+00:00,19.99,14.049594907407407,0
243450,71,80.97183098591549,39.49603472222222,2026-07-27 17:20:18+00:00,6.99,3.048900462962963,0
243470,67,77.68656716417911,41.40546208613426,2026-06-25 18:15:07+00:00,19.99,35.01083333333333,1
243780,27,85.29629629629629,105.10496839386575,2026-06-25 17:30:01+00:00,9.99,35.04215277777778,0
243800,62,78.69354838709677,45.126558515474535,2026-07-15 17:16:54+00:00,24.99,15.051261574074074,0
243930,62,77.04838709677419,44.79956094413194,2026-06-25 18:33:26+00:00,6.99,34.99811342592593,0
243950,16,90.0,51.519523919745374,2021-02-11 19:01:43+00:00,39.99,1994.9784722222223,0
243970,47,74.68085106382979,59.10236589170139,2026-06-11 17:00:43+00:00,19.99,49.0625,1
244070,42,75.0,66.65259823847222,2026-06-25 18:09:24+00:00,4.99,35.01480324074074,0
244090,43,75.0,65.06563161375,2026-06-25 18:09:24+00:00,4.99,35.01480324074074,0
244160,49,87.44897959183673,56.932778742280085,2026-06-25 18:33:40+00:00,34.99,34.997951388888886,0
244210,60,76.0,46.080106716875,2026-06-11 17:25:52+00:00,19.99,49.04503472222222,0
244430,37,55.0,76.74251093106481,2026-07-25 17:31:46+00:00,17.99,5.0409375,0
244450,50,79.9,55.77054138321759,2026-06-25 18:09:24+00:00,29.99,35.01480324074074,0
244710,50,72.6,55.77078845425926,2026-06-25 18:26:50+00:00,14.99,35.00269675925926,0
244770,14,47.142857142857146,59.4453169515625,2021-02-11 18:56:20+00:00,14.99,1994.982210648148,0
244850,65,40.92307692307692,43.198787977430555,2026-07-27 17:20:18+00:00,19.99,3.048900462962963,0
244870,12,73.41666666666667,82.34456649831019,2021-06-24 18:57:56+00:00,7.99,1861.981099537037,0
245050,55,75.9090909090909,50.47631794409722,2026-06-18 17:18:29+00:00,19.99,42.05016203703704,1
245170,57,73.6140350877193,49.12006985780093,2026-07-13 17:22:26+00:00,24.99,17.04741898148148,0
245280,52,82.0576923076923,51.66295343136574,2026-03-19 19:27:18+00:00,19.99,132.96070601851852,0
245390,49,64.48979591836735,57.306748167430555,2026-07-13 17:22:26+00:00,9.99,17.04741898148148,0
245470,42,61.92857142857143,66.65193145888888,2026-06-25 17:30:02+00:00,24.99,35.04214120370371,0
245490,62,74.19354838709677,44.79928582269676,2026-06-25 18:09:16+00:00,19.99,35.014895833333334,0
245620,16,63.75,51.519426697523144,2021-02-11 18:59:37+00:00,19.99,1994.9799305555555,0
246070,46,69.76086956521739,61.46044727365741,2026-07-28 17:16:59+00:00,13.37,2.051203703703704,0
246090,47,68.91489361702128,60.1243505937963,2026-07-28 17:16:59+00:00,9.99,2.051203703703704,0
246420,56,41.785714285714285,49.686931186863426,2026-06-25 18:44:57+00:00,9.99,34.99011574074074,1
246580,14,54.07142857142857,46.53731125355324,2026-06-25 17:58:10+00:00,19.99,35.02260416666667,0
246620,76,67.64473684210526,36.62294027777778,2026-07-09 17:17:33+00:00,14.99,21.050810185185185,0
246840,28,66.60714285714286,81.14731138545139,2026-06-25 17:30:02+00:00,7.99,35.04214120370371,0
246900,41,45.75609756097561,68.31822974537037,2026-06-25 17:30:02+00:00,12.99,35.04214120370371,0
246940,84,84.54761904761905,32.92527206046296,2026-06-25 19:08:31+00:00,24.99,34.97375,0
247000,23,61.608695652173914,125.12363952019676,2026-07-15 17:16:54+00:00,6.99,15.051261574074074,0
247020,77,75.27272727272727,35.957483095752316,2026-06-25 18:26:57+00:00,12.99,35.002615740740744,0
247080,76,79.9342105263158,36.88961882715278,2026-07-29 17:18:50+00:00,14.99,1.0499189814814816,0
247240,32,76.71875,88.15255488350694,2026-06-25 17:30:03+00:00,9.99,35.04212962962963,0
247430,51,82.3529411764706,55.15444050925926,2026-07-20 17:19:43+00:00,8.99,10.049305555555556,0
247660,55,86.27272727272727,51.124602837789354,2026-07-23 17:29:07+00:00,24.99,7.042777777777777,0
247910,52,76.5576923076923,53.44551425199074,2026-06-18 17:18:34+00:00,14.99,42.050104166666664,0
247950,55,75.0909090909091,50.476317515428235,2026-06-18 17:18:27+00:00,14.99,42.050185185185185,1
248170,26,53.26923076923077,109.30916805555555,2026-06-25 17:30:03+00:00,99.99,35.04212962962963,0
248390,44,75.3409090909091,63.55184189275463,2026-06-25 17:30:03+00:00,18.99,35.04212962962963,0
248470,71,74.40845070422536,39.396028935185186,2026-07-20 17:19:43+00:00,9.99,10.049305555555556,0
248530,12,63.5,65.61773463804397,2020-12-22 19:04:55+00:00,14.99,2045.97625,0
248550,37,59.32432432432432,75.90914448302082,2026-06-25 17:30:03+00:00,14.99,35.04212962962963,0
248610,46,78.3913043478261,60.72829732509259,2026-06-25 18:33:40+00:00,19.99,34.997951388888886,0
248650,26,55.57692307692308,87.63939444444443,2026-06-25 17:30:03+00:00,3.99,35.04212962962963,0
248710,76,82.53947368421052,36.67631882715278,2026-07-13 17:22:26+00:00,4.99,17.04741898148148,0
248820,38,77.55263157894737,73.85884071570602,2026-06-25 18:39:02+00:00,9.99,34.994224537037034,0
248860,50,75.0,55.77096797052083,2026-06-25 18:39:30+00:00,14.99,34.99390046296296,0
249050,63,75.3015873015873,44.60838915023148,2026-07-28 17:16:59+00:00,11.99,2.051203703703704,0
249130,60,76.41666666666667,46.859702212800926,2026-07-27 17:20:18+00:00,19.99,3.048900462962963,0
249190,69,75.14492753623189,40.187481277222226,2026-06-25 17:58:10+00:00,19.99,35.02260416666667,1
249230,58,75.08620689655173,47.81966963125,2026-06-18 17:18:29+00:00,14.99,42.05016203703704,1
249590,33,85.60606060606061,85.3986498119213,2026-06-25 18:09:47+00:00,9.99,35.01453703703704,0
249650,76,89.34210526315789,36.716289814814814,2026-07-16 17:19:18+00:00,9.99,14.049594907407407,0
249870,51,78.82352941176471,54.51442453703704,2026-06-18 17:18:34+00:00,19.99,42.050104166666664,0
249990,39,74.25641025641026,69.33533229775463,2026-03-19 17:49:23+00:00,14.99,133.0287037037037,0
250050,12,74.16666666666667,72.8805829124537,2021-03-15 17:21:38+00:00,12.99,1963.0479745370371,0
250110,41,70.2439024390244,68.31973148148148,2026-06-25 18:56:32+00:00,19.99,34.982071759259256,0
250180,44,56.25,62.053548126608796,2026-04-22 07:15:42+00:00,7.99,99.46876157407408,1
250260,40,75.0,70.06997981956019,2026-06-25 17:30:04+00:00,14.99,35.042118055555555,1
250320,58,55.44827586206897,43.639112451261575,2026-06-25 18:39:30+00:00,14.99,34.99390046296296,1
250340,22,49.0,130.1296235670139,2026-06-25 17:19:49+00:00,9.99,35.049236111111114,0
250380,34,62.705882352941174,82.81213138327546,2026-06-25 19:12:29+00:00,2.99,34.97099537037037,1
250400,64,78.515625,43.15438436947917,2026-06-11 17:25:45+00:00,14.99,49.04511574074074,0
250460,75,77.17333333333333,37.131350256504625,2026-07-10 17:16:41+00:00,9.99,20.051412037037036,0
250520,36,58.75,78.07851851851852,2026-06-25 17:57:20+00:00,14.99,35.02318287037037,0
250620,36,72.63888888888889,78.07887037037038,2026-06-25 18:15:04+00:00,16.99,35.010868055555555,0
250700,42,75.16666666666667,66.65339656729167,2026-06-25 18:56:32+00:00,14.99,34.982071759259256,1
250760,39,39.05128205128205,71.91496740983796,2026-06-25 18:27:01+00:00,39.99,35.00256944444445,0
250900,40,41.15,70.06997981956019,2026-06-25 17:30:04+00:00,14.99,35.042118055555555,0
251060,49,76.63265306122449,56.9318586033912,2026-06-25 17:30:04+00:00,29.99,35.042118055555555,0
251110,74,73.10810810810811,37.90029331556713,2026-07-29 17:18:50+00:00,29.99,1.0499189814814816,0
251130,65,66.84615384615384,40.89064181857639,2026-07-12 17:15:54+00:00,14.99,18.051956018518517,0
251150,49,50.0,56.932433449074075,2026-06-25 18:09:48+00:00,19.99,35.014525462962965,0
251170,33,63.72727272727273,72.3136281105324,2025-10-27 17:21:18+00:00,8.99,276.0482060185185,0
251230,57,70.59649122807018,48.67359188987269,2026-06-18 17:18:27+00:00,9.99,42.050185185185185,0
251410,84,82.9047619047619,32.924980477465276,2026-06-25 18:33:40+00:00,9.99,34.997951388888886,1
251430,76,81.86842105263158,36.63626558641204,2026-07-10 17:16:41+00:00,14.99,20.051412037037036,0
251470,52,73.67307692307692,53.9552891249074,2026-07-14 17:16:26+00:00,14.99,16.051585648148148,0
251530,62,82.01612903225806,45.09383481328704,2026-07-13 17:22:27+00:00,4.99,17.04740740740741,0
251690,32,69.09375,70.45013814216435,2026-06-18 17:18:34+00:00,9.99,42.050104166666664,0
251730,51,73.07843137254902,55.01447847222223,2026-07-13 17:22:27+00:00,23.99,17.04740740740741,0
251990,73,62.73972602739726,37.95524209104167,2026-06-25 18:39:30+00:00,9.99,34.99390046296296,1
252030,20,68.25,98.15512853313658,2024-03-14 17:16:59+00:00,14.99,868.0512037037037,0
252110,49,53.204081632653065,56.93185884451389,2026-06-25 17:30:05+00:00,14.99,35.04210648148148,0
252130,71,73.8169014084507,39.03991798940972,2026-06-25 19:03:44+00:00,4.99,34.97707175925926,1
252170,62,82.40322580645162,45.09383481328704,2026-07-13 17:22:27+00:00,4.99,17.04740740740741,0
252350,35,60.77142857142857,80.37639944171296,2026-06-25 19:08:31+00:00,9.99,34.97375,0
252410,73,80.93150684931507,38.34345212833333,2026-07-23 17:29:07+00:00,9.99,7.042777777777777,0
252470,64,53.671875,43.66228450175926,2026-07-13 17:22:27+00:00,19.99,17.04740740740741,0
252490,55,41.14545454545455,51.235581704386576,2026-07-29 17:18:50+00:00,39.99,1.0499189814814816,0
252530,47,30.595744680851062,59.40768216585648,2026-06-25 18:04:52+00:00,29.99,35.01795138888889,0
252610,82,69.9390243902439,34.04595093163194,2026-07-20 17:19:43+00:00,14.99,10.049305555555556,0
252630,43,89.06976744186046,65.06485807980324,2026-06-25 17:22:37+00:00,14.99,35.047291666666666,0
252670,90,67.55555555555556,30.98564073553241,2026-07-20 17:19:43+00:00,7.99,10.049305555555556,0
252870,50,43.4,55.7698783541088,2026-06-25 17:22:37+00:00,19.99,35.047291666666666,0
253030,43,68.02325581395348,65.06485807980324,2026-06-25 17:22:37+00:00,9.99,35.047291666666666,0
253110,49,67.10204081632654,57.59838396990741,2026-07-27 17:20:18+00:00,8.99,3.048900462962963,0
253230,49,48.265306122448976,56.931750819826384,2026-06-25 17:22:37+00:00,29.99,35.047291666666666,0
253330,80,75.0,34.907873740034724,2026-07-20 17:19:43+00:00,14.99,10.049305555555556,0
253430,9,41.44444444444444,317.97050202546296,2025-12-18 18:20:11+00:00,5.99,224.0073148148148,0
253650,76,76.75,36.67631898148148,2026-07-13 17:22:27+00:00,4.99,17.04740740740741,0
253750,43,50.0,65.0664109347338,2026-06-25 18:56:32+00:00,9.99,34.982071759259256,0
253840,17,49.705882352941174,151.98245442708333,2025-08-28 17:15:45+00:00,19.99,336.0520601851852,0
253860,82,58.41463414634146,34.05826003085648,2026-07-21 17:15:27+00:00,6.99,9.052268518518519,0
253880,82,59.21951219512195,34.05826003085648,2026-07-21 17:15:27+00:00,9.99,9.052268518518519,0
253900,84,54.107142857142854,33.237579066261574,2026-07-21 17:15:27+00:00,9.99,9.052268518518519,0
253920,81,58.111111111111114,34.48398828125,2026-07-21 17:15:27+00:00,9.99,9.052268518518519,0
253940,83,57.54216867469879,33.64291539633102,2026-07-21 17:15:27+00:00,7.99,9.052268518518519,0
253960,82,60.91463414634146,34.05826003085648,2026-07-21 17:15:27+00:00,6.99,9.052268518518519,0
253980,81,55.925925925925924,34.48398828125,2026-07-21 17:15:27+00:00,9.99,9.052268518518519,0
254060,84,66.14285714285714,33.237579066261574,2026-07-21 17:15:27+00:00,8.99,9.052268518518519,0
254080,83,63.674698795180724,33.64291539633102,2026-07-21 17:15:27+00:00,6.99,9.052268518518519,0
254200,56,81.60714285714286,49.68678872053241,2026-06-25 18:33:40+00:00,12.99,34.997951388888886,0
254440,57,67.89473684210526,48.799956803900464,2026-06-25 19:08:31+00:00,6.99,34.97375,1
254460,15,67.73333333333333,183.99565889549768,2026-04-27 17:19:38+00:00,6.99,94.04936342592593,0
254480,15,68.4,184.00034474206018,2026-04-27 17:19:38+00:00,9.99,94.04936342592593,0
254700,67,75.0,41.783667052465276,2026-07-20 17:19:43+00:00,19.99,10.049305555555556,0
254960,55,75.0909090909091,50.47631794409722,2026-06-18 17:18:29+00:00,9.99,42.05016203703704,1
255070,46,78.56521739130434,60.72786059670138,2026-06-25 18:05:22+00:00,14.99,35.017604166666665,1
255280,77,90.0,36.23318089059028,2026-07-16 17:19:19+00:00,9.99,14.049583333333333,0
255300,78,87.78205128205128,35.76262009980324,2026-07-16 17:19:19+00:00,6.99,14.049583333333333,0
255320,35,89.31428571428572,80.99181610837962,2026-07-16 17:19:19+00:00,14.99,14.049583333333333,0
255370,34,77.11764705882354,82.80981972502315,2026-06-25 17:22:38+00:00,9.99,35.047280092592594,0
255520,5,78.0,44.85240451388889,2019-06-29 09:49:51+00:00,39.99,2588.361712962963,0
255710,57,74.21052631578948,48.54868510251158,2026-06-11 17:25:58+00:00,29.99,49.04496527777778,1
256190,75,85.66666666666667,36.92914226725694,2026-06-25 18:09:24+00:00,19.99,35.01480324074074,0
256290,64,69.375,43.66228450175926,2026-07-13 17:22:27+00:00,14.99,17.04740740740741,0
256330,51,88.52941176470588,55.0343949074074,2026-07-14 17:16:26+00:00,9.99,16.051585648148148,0
256370,68,83.6470588235294,41.16003023078704,2026-07-20 17:19:43+00:00,9.99,10.049305555555556,0
257350,62,62.32258064516129,44.798755122939816,2026-06-25 17:22:39+00:00,19.99,35.04726851851852,1
257420,43,65.46511627906976,49.16839451057871,2026-06-25 19:08:31+00:00,39.99,34.97375,0
257510,62,85.64516129032258,44.79996034456018,2026-06-25 19:08:31+00:00,29.99,34.97375,0
257690,19,67.0,141.32016203703705,2025-12-18 18:18:36+00:00,19.99,224.00841435185185,0
257830,16,90.0,50.38433873456019,2021-01-25 18:21:43+00:00,9.99,2012.00625,0
257850,18,56.666666666666664,162.80724537037037,2026-07-30 17:21:22+00:00,19.99,0.04815972222222222,0
258090,76,50.0,36.436860802465276,2026-06-25 18:20:58+00:00,9.99,35.006770833333334,0
258180,66,80.15151515151516,42.04272970084491,2026-06-25 18:39:30+00:00,9.99,34.99390046296296,1
258520,43,80.46511627906976,65.06485863094908,2026-06-25 17:22:39+00:00,19.99,35.04726851851852,0
258760,90,80.0,30.705176602152775,2026-06-25 18:15:26+00:00,9.99,35.010613425925925,0
258970,47,77.76595744680851,59.40704534017361,2026-06-25 17:22:41+00:00,19.99,35.04724537037037,0
259130,9,56.77777777777778,92.25044270833334,2021-02-11 18:33:51+00:00,5.99,1994.997824074074,0
259320,83,71.02409638554217,33.64291539633102,2026-07-21 17:15:27+00:00,6.99,9.052268518518519,0
259340,79,75.53164556962025,35.368193108969905,2026-07-21 17:15:27+00:00,12.99,9.052268518518519,0
259530,63,51.58730158730159,44.36652852449074,2026-07-13 17:23:40+00:00,1.99,17.0465625,0
259550,86,77.12790697674419,32.15017075163194,2026-06-25 18:20:54+00:00,7.99,35.00681712962963,1
260210,52,70.48076923076923,53.58278617465278,2026-06-25 17:19:49+00:00,19.99,35.049236111111114,0
260230,58,74.13793103448276,47.94316662605324,2026-06-25 18:15:07+00:00,14.99,35.01083333333333,0
260730,56,74.55357142857143,49.55856670875,2026-06-18 17:18:29+00:00,4.99,42.05016203703704,1
260750,13,75.0,52.147064043206015,2020-09-17 18:21:16+00:00,9.99,2142.0065625,0
261030,43,69.76744186046511,55.832854387118054,2026-06-25 18:04:17+00:00,14.99,35.01835648148148,0
261110,64,86.171875,43.37728137859954,2026-06-25 18:26:58+00:00,19.99,35.002604166666664,0
261180,36,50.0,78.07783399469908,2026-06-25 17:22:50+00:00,13.99,35.0471412037037,0
261510,16,74.0625,175.65184953703704,2026-03-19 18:39:57+00:00,19.99,132.99358796296298,0
261530,60,68.75,46.318647598865745,2026-06-25 19:12:18+00:00,9.99,34.971122685185186,1
261550,40,30.125,58.41837191357639,2026-06-25 17:56:54+00:00,49.99,35.0234837962963,0
261640,67,77.46268656716418,41.8897339716551,2026-07-27 17:20:19+00:00,39.99,3.048888888888889,0
261760,19,71.73684210526316,131.60376736111112,2025-06-26 20:49:39+00:00,9.99,398.9035185185185,0
262060,67,80.43283582089552,41.40565761783565,2026-06-25 18:33:42+00:00,24.99,34.99792824074074,0
262120,47,47.38297872340426,59.4070496175463,2026-06-25 17:22:58+00:00,14.99,35.04704861111111,0
262150,88,54.03409090909091,31.69801524584491,2026-07-20 17:27:21+00:00,4.99,10.04400462962963,0
262260,46,62.608695652173914,60.728558641967595,2026-06-25 18:50:36+00:00,7.99,34.98619212962963,0
262280,58,73.87931034482759,48.38118116471065,2026-07-20 17:27:21+00:00,19.99,10.04400462962963,0
262390,43,68.02325581395348,65.06486386684028,2026-06-25 17:22:58+00:00,19.99,35.04704861111111,0
262830,47,61.42553191489362,59.4070496175463,2026-06-25 17:22:58+00:00,13.99,35.04704861111111,0
262940,50,74.82,56.259576247164354,2026-07-19 17:15:42+00:00,24.99,11.052094907407408,0
263620,70,74.98571428571428,40.01055874261574,2026-07-23 17:29:07+00:00,9.99,7.042777777777777,0
263680,7,65.0,120.29894675925927,2020-12-22 19:02:54+00:00,4.99,2045.9776504629629,0
263760,28,82.32142857142857,101.21201045952546,2026-06-25 17:22:58+00:00,9.99,35.04704861111111,0
263980,64,64.453125,43.37721468988426,2026-06-25 18:20:55+00:00,9.99,35.00680555555556,0
264140,22,52.5,111.66431768077547,2026-06-25 17:19:49+00:00,14.99,35.049236111111114,0
264200,53,74.98113207547169,52.552390046296296,2026-06-25 17:22:58+00:00,4.99,35.04704861111111,0
264280,14,60.92857142857143,135.39920138888888,2023-12-21 23:45:30+00:00,4.99,951.781400462963,0
264710,57,50.78947368421053,48.79936652612269,2026-06-25 18:20:55+00:00,29.99,35.00680555555556,0
265120,57,81.57894736842105,35.03073164681713,2024-05-15 17:18:12+00:00,6.99,806.0503587962963,0
265210,26,35.07692307692308,101.75056296296297,2025-12-18 18:20:16+00:00,2.49,224.00725694444444,0
265300,24,83.70833333333333,33.599689512881945,2021-02-11 19:01:43+00:00,29.99,1994.9784722222223,0
265330,78,87.8974358974359,35.76261919792824,2026-07-16 17:19:13+00:00,4.99,14.049652777777778,0
265380,75,86.84,37.17195633133102,2026-07-13 17:23:40+00:00,9.99,17.0465625,0
265550,63,73.01587301587301,44.077055331539356,2026-06-25 18:39:30+00:00,29.99,34.99390046296296,0
265590,51,80.68627450980392,54.37452430555556,2026-06-11 17:25:45+00:00,9.99,49.04511574074074,0
265610,35,64.31428571428572,80.37424462145833,2026-06-25 17:23:01+00:00,14.99,35.04701388888889,0
265890,63,70.0,44.07705010453704,2026-06-25 18:39:02+00:00,2.99,34.994224537037034,0
265930,54,77.03703703703704,52.16457437980324,2026-07-27 17:20:19+00:00,9.99,3.048888888888889,0
265970,68,74.48529411764706,41.055593559976856,2026-07-13 17:23:40+00:00,11.99,17.0465625,0
266010,65,52.92307692307692,42.98007450810185,2026-07-13 17:23:40+00:00,2.99,17.0465625,0
266110,61,65.91803278688525,45.54641898148148,2026-06-25 18:50:36+00:00,14.99,34.98619212962963,0
266130,50,89.3,55.76988402304398,2026-06-25 17:23:01+00:00,9.99,35.04701388888889,0
266210,73,66.05479452054794,38.34345212833333,2026-07-23 17:29:07+00:00,3.49,7.042777777777777,0
266310,31,65.0,25.66465586418981,2021-03-15 17:21:54+00:00,19.99,1963.0477893518519,0
266510,68,72.94117647058823,40.78783789385417,2026-06-25 18:50:36+00:00,19.99,34.98619212962963,1
266840,31,72.54838709677419,66.82599382715279,2024-06-27 18:42:56+00:00,29.99,762.9915162037037,0
267490,59,76.61016949152543,46.99519356640046,2026-06-18 17:18:34+00:00,19.99,42.050104166666664,0
267530,56,76.51785714285714,50.267680765983805,2026-07-27 17:20:19+00:00,19.99,3.048888888888889,0
267980,83,74.74698795180723,33.54542400631944,2026-07-13 17:23:40+00:00,2.99,17.0465625,0
268050,52,70.90384615384616,54.26908179011574,2026-07-30 17:21:22+00:00,19.99,0.04815972222222222,0
268130,40,62.875,70.07045762107639,2026-06-25 17:56:54+00:00,14.99,35.0234837962963,0
268400,58,72.60344827586206,48.41613283787037,2026-07-22 17:16:11+00:00,29.99,8.05175925925926,0
268500,73,86.01369863013699,37.9549517746875,2026-06-25 18:09:24+00:00,19.99,35.01480324074074,1
268540,82,90.0,33.99656392888889,2026-07-16 17:19:13+00:00,19.99,14.049652777777778,0
268650,32,41.40625,82.46902255077546,2026-06-25 17:23:02+00:00,24.99,35.04700231481481,0
268750,39,50.256410256410255,71.91379812377315,2026-06-25 17:23:02+00:00,9.99,35.04700231481481,0
268870,14,82.5,59.44414797008102,2021-02-11 18:34:27+00:00,29.99,1994.9974074074073,0
268910,42,27.738095238095237,66.65329607045139,2026-06-25 18:50:36+00:00,19.99,34.98619212962963,0
269190,81,50.629629629629626,33.72491767939815,2026-06-25 18:39:21+00:00,29.99,34.99400462962963,0
269210,75,77.72,36.92937030780092,2026-06-25 18:33:42+00:00,7.99,34.99792824074074,0
269670,65,83.58461538461539,42.93997287326389,2026-07-13 17:23:40+00:00,9.99,17.0465625,0
269710,76,83.71052631578948,36.43691635802083,2026-06-25 18:26:58+00:00,24.99,35.002604166666664,0
269770,11,17.727272727272727,84.69637847222222,2026-06-25 17:23:03+00:00,14.99,35.04699074074074,0
269790,49,70.71428571428571,57.306766010798604,2026-07-13 17:23:40+00:00,14.99,17.0465625,0
269950,37,50.24324324324324,75.90900945215277,2026-06-25 17:23:03+00:00,29.99,35.04699074074074,0
270050,37,55.16216216216216,75.90900945215277,2026-06-25 17:23:03+00:00,4.99,35.04699074074074,0
270090,23,84.56521739130434,57.71455913298611,2022-06-23 17:17:14+00:00,3.99,1498.0510300925926,0
270150,68,75.26470588235294,40.787902674120375,2026-06-25 18:56:51+00:00,14.99,34.98185185185185,0
270210,68,64.44117647058823,41.16002988528935,2026-07-20 17:19:41+00:00,9.99,10.049328703703704,0
270450,14,80.71428571428571,59.445446047002314,2021-02-11 18:58:45+00:00,9.99,1994.9805324074075,0
270570,19,45.31578947368421,43.93137474278935,2021-03-01 18:21:14+00:00,0.99,1977.006585648148,0
270630,53,80.0,52.55324719550926,2026-06-25 18:27:09+00:00,4.99,35.00247685185185,0
270790,20,67.5,66.82942556042825,2022-06-23 18:13:05+00:00,4.99,1498.0122453703705,0
270850,26,90.0,31.23059074074074,2021-02-19 18:21:16+00:00,6.99,1987.0065625,0
270880,89,75.06741573033707,31.05409906354167,2026-06-25 18:15:26+00:00,19.99,35.010613425925925,0
271260,72,60.59722222222222,38.84115496217593,2026-07-20 17:19:41+00:00,19.99,10.049328703703704,0
271500,69,66.6376811594203,40.1876565904051,2026-06-25 18:15:20+00:00,2.99,35.01068287037037,0
271570,4,43.25,180.59137731481482,2020-06-25 18:34:45+00:00,9.99,2225.997199074074,0
271820,25,41.56,113.8647400655787,2026-06-25 18:05:25+00:00,9.99,35.01756944444445,0
271860,79,72.62025316455696,35.03570705721065,2026-06-25 18:50:37+00:00,2.99,34.986180555555556,0
272230,36,21.75,78.99206977512732,2026-07-27 17:20:19+00:00,19.99,3.048888888888889,0
272270,51,70.56862745098039,54.65570300925926,2026-06-25 18:50:37+00:00,34.99,34.986180555555556,1
272470,46,89.34782608695652,60.72720756172453,2026-06-25 17:23:03+00:00,14.99,35.04699074074074,0
272510,59,78.13559322033899,47.11656130267361,2026-06-25 18:15:12+00:00,29.99,35.01077546296296,0
272600,58,80.0,47.9434580084375,2026-06-25 18:39:02+00:00,6.99,34.994224537037034,0
273500,90,73.86666666666666,30.985640475439816,2026-07-20 17:19:41+00:00,2.99,10.049328703703704,0
274170,60,80.25,46.910562225358795,2026-07-30 17:21:22+00:00,14.99,0.04815972222222222,0
274190,60,77.66666666666667,46.08010475517361,2026-06-11 17:25:42+00:00,14.99,49.045150462962965,0
274230,51,77.74509803921569,55.191882407407405,2026-07-22 14:15:32+00:00,12.99,8.177210648148149,0
274290,58,77.84482758620689,47.69695053605324,2026-06-11 17:25:42+00:00,9.99,49.045150462962965,0
274310,52,78.26923076923077,51.66174768518518,2026-03-19 17:58:45+00:00,9.99,133.02219907407408,0
274500,71,57.478873239436616,39.039965443113424,2026-06-25 19:08:31+00:00,24.99,34.97375,1
274520,78,70.3076923076923,35.684674272476855,2026-07-10 17:16:41+00:00,14.99,20.051412037037036,0
274560,32,75.0,88.2869829002315,2026-06-29 21:30:55+00:00,4.99,30.874861111111112,0
274900,78,63.58974358974359,35.49034842472222,2026-06-25 18:09:50+00:00,2.99,35.01450231481481,0
274940,49,69.48979591836735,56.932594521597224,2026-06-25 18:20:56+00:00,19.99,35.00679398148148,0
274980,10,62.7,52.6359156378588,2020-04-18 17:21:28+00:00,9.99,2294.0480902777776,0
275100,49,74.28571428571429,56.93267988039352,2026-06-25 18:26:50+00:00,24.99,35.00269675925926,0
275200,21,74.95238095238095,90.78858217592592,2023-12-21 18:31:10+00:00,14.99,951.9996875,0
275390,75,74.44,37.26651354479167,2026-07-20 17:19:41+00:00,14.99,10.049328703703704,0
275470,52,73.4423076923077,53.583945624537044,2026-06-25 18:44:58+00:00,4.99,34.99010416666667,1
275490,48,87.70833333333333,49.740644454293985,2025-05-26 19:26:49+00:00,6.99,429.9610416666667,0
275530,37,77.91891891891892,75.71447595164352,2026-06-18 17:18:26+00:00,6.99,42.05019675925926,0
275670,61,78.27868852459017,45.54614756944444,2026-06-25 18:27:09+00:00,4.99,35.00247685185185,0
275850,83,52.53012048192771,33.54542400631944,2026-07-13 17:23:40+00:00,59.99,17.0465625,0
276810,67,84.25373134328358,41.40558677047454,2026-06-25 18:26:58+00:00,19.99,35.002604166666664,0
277430,47,69.97872340425532,59.408466938402775,2026-06-25 18:56:51+00:00,2.99,34.98185185185185,0
277450,52,54.03846153846154,54.072980437534724,2026-07-20 17:19:41+00:00,4.99,10.049328703703704,0
277590,61,67.37704918032787,45.54537712190972,2026-06-25 17:20:35+00:00,14.99,35.0487037037037,0
277890,24,48.125,117.59467441626158,2026-05-28 16:15:37+00:00,9.99,63.09381944444444,0
278080,43,66.09302325581395,64.99863618826389,2026-07-27 17:20:04+00:00,49.99,3.0490625,0
278100,63,90.38095238095238,44.47938769414352,2026-07-20 17:19:44+00:00,14.99,10.049293981481481,0
278360,59,77.11864406779661,47.11691351372685,2026-06-25 18:44:37+00:00,14.99,34.99034722222222,1
278460,41,79.26829268292683,68.31810995370371,2026-06-25 17:23:08+00:00,14.99,35.04693287037037,0
279720,82,63.76829268292683,34.05826003085648,2026-07-21 17:15:27+00:00,7.99,9.052268518518519,0
280140,92,83.72826086956522,30.03042480666667,2026-06-25 18:26:52+00:00,9.99,35.00267361111111,0
280160,47,78.72340425531915,59.40705414652778,2026-06-25 17:23:16+00:00,19.99,35.046840277777775,0
280180,66,78.34848484848484,42.042728098287036,2026-06-25 18:39:21+00:00,19.99,34.99400462962963,0
280220,39,68.64102564102564,71.9138023879051,2026-06-25 17:23:16+00:00,14.99,35.046840277777775,0
280360,13,69.61538461538461,127.97732928240741,2023-03-16 17:28:15+00:00,9.99,1232.0433796296297,0
280640,78,87.91025641025641,35.840513918946755,2026-07-22 17:16:11+00:00,4.99,8.05175925925926,0
280680,37,35.567567567567565,75.90967335390047,2026-06-25 17:57:28+00:00,9.99,35.023090277777776,0
281610,49,86.53061224489795,56.93277970678241,2026-06-25 18:33:44+00:00,49.99,34.997905092592596,0
281640,48,77.39583333333333,58.14307427107639,2026-06-25 17:23:16+00:00,24.99,35.046840277777775,0
281750,75,87.77333333333333,37.21245511135417,2026-07-16 17:19:13+00:00,4.99,14.049652777777778,0
281920,56,66.75,50.267680765983805,2026-07-27 17:20:19+00:00,6.99,3.048888888888889,0
281940,40,67.975,69.89028460350696,2026-06-18 17:18:23+00:00,9.99,42.05023148148148,0
281990,60,74.75,46.1478658584375,2026-06-15 17:22:41+00:00,49.99,45.04724537037037,0
282070,74,79.5945945945946,37.7770142059838,2026-07-20 17:19:44+00:00,19.99,10.049293981481481,0
282140,71,80.08450704225352,39.28170469576389,2026-07-12 17:15:50+00:00,29.99,18.052002314814814,0
282210,45,65.91111111111111,62.78932712541667,2026-07-25 17:31:46+00:00,14.99,5.0409375,0
282400,16,75.0,51.519347222222216,2021-02-11 18:57:54+00:00,9.99,1994.9811226851853,0
282440,40,68.375,61.92220263532407,2026-07-30 17:21:22+00:00,9.99,0.04815972222222222,0
282530,51,79.6078431372549,55.0343949074074,2026-07-14 17:16:26+00:00,14.99,16.051585648148148,0
282560,31,71.35483870967742,80.69841628085648,2026-07-13 17:23:40+00:00,14.99,17.0465625,0
282590,7,58.57142857142857,85.34277199074074,2020-12-22 18:57:07+00:00,19.99,2045.9816666666666,0
282800,82,75.6829268292683,33.73778735138889,2026-06-25 18:15:31+00:00,6.99,35.010555555555555,0
282900,50,58.4,55.77036659107638,2026-06-25 17:57:04+00:00,14.99,35.02336805555556,1
283000,71,81.94366197183099,39.296068121689814,2026-07-13 17:23:40+00:00,5.99,17.0465625,0
283290,85,75.21176470588236,32.746723434733795,2026-07-13 17:23:40+00:00,2.99,17.0465625,0
283390,85,74.75294117647059,32.746724674814814,2026-07-13 17:23:49+00:00,2.99,17.046458333333334,0
283640,44,73.29545454545455,63.55173261196759,2026-06-25 17:23:17+00:00,17.99,35.0468287037037,0
283680,69,73.84057971014492,40.59895033359954,2026-07-23 17:29:13+00:00,19.99,7.042708333333334,0
284160,41,20.048780487804876,68.31811284722222,2026-06-25 17:23:18+00:00,24.99,35.04681712962963,0
284240,35,79.0,80.37418096405092,2026-06-25 17:19:54+00:00,9.99,35.049178240740744,0
284460,51,72.49019607843137,54.654490277777775,2026-06-25 17:23:18+00:00,9.99,35.04681712962963,0
284930,19,82.10526315789474,151.81784079217593,2026-06-25 17:18:26+00:00,2.99,35.05019675925926,0
285130,22,84.81818181818181,60.46423500880787,2022-06-23 17:58:28+00:00,9.99,1498.0223958333333,0
285160,55,76.81818181818181,51.19856374313657,2026-07-27 17:20:19+00:00,19.99,3.048888888888889,0
285190,57,78.50877192982456,49.30379836309027,2026-07-24 00:18:18+00:00,39.99,6.758622685185185,0
285310,49,64.89795918367346,57.306768180937496,2026-07-13 17:23:49+00:00,5.99,17.046458333333334,0
285330,50,66.18,56.1372422996875,2026-07-13 17:23:49+00:00,9.99,17.046458333333334,0
285420,41,80.73170731707317,68.31811284722222,2026-06-25 17:23:18+00:00,4.99,35.04681712962963,0
285500,21,87.61904761904762,39.88825694444444,2021-03-08 18:21:48+00:00,7.99,1970.0061921296297,0
285800,77,81.15584415584415,35.95737862450231,2026-06-25 18:15:31+00:00,9.99,35.010555555555555,0
285900,66,55.31818181818182,42.30337428774306,2026-07-12 17:15:50+00:00,19.99,18.052002314814814,0
285920,60,52.36666666666667,46.656272363460644,2026-07-15 17:16:54+00:00,24.99,15.051261574074074,0
286000,36,79.69444444444444,78.07784325395833,2026-06-25 17:23:18+00:00,19.99,35.04681712962963,0
286040,76,80.0,36.67633163579861,2026-07-13 17:23:49+00:00,4.99,17.046458333333334,0
286120,27,57.77777777777778,101.33620860041667,2026-03-19 17:47:39+00:00,2.99,133.02990740740742,0
286160,36,50.0,78.07784391533565,2026-06-25 17:23:20+00:00,19.99,35.04679398148148,0
286260,71,54.29577464788732,39.03943964946759,2026-06-25 18:15:31+00:00,14.99,35.010555555555555,1
286690,65,82.6923076923077,42.69970685040509,2026-06-25 18:44:59+00:00,19.99,34.990092592592596,1
286790,58,58.672413793103445,48.18808134340278,2026-07-09 17:17:43+00:00,6.99,21.050694444444446,0
287100,16,78.125,182.1814398148148,2026-06-25 17:19:06+00:00,2.99,35.049733796296294,0
287120,9,90.0,48.97131944444445,2020-01-27 18:29:36+00:00,4.99,2376.000775462963,0
287290,69,81.76811594202898,40.55473583877315,2026-07-20 17:19:44+00:00,5.99,10.049293981481481,0
287370,15,74.73333333333333,52.70883101851852,2021-02-11 18:59:08+00:00,12.99,1994.9802662037036,0
287371,15,74.73333333333333,52.713423445763894,2021-02-11 18:33:39+00:00,12.99,1994.997962962963,0
287390,65,82.6923076923077,42.69970685040509,2026-06-25 18:44:59+00:00,19.99,34.990092592592596,1
287450,56,72.46428571428571,49.687081439386574,2026-06-25 18:56:51+00:00,19.99,34.98185185185185,0
287700,36,61.25,67.27625396825232,2025-06-12 16:03:12+00:00,19.99,413.10244212962965,0
287980,50,49.46,56.280041572175925,2026-07-20 17:19:44+00:00,9.99,10.049293981481481,0
288060,62,80.45161290322581,45.07736604431713,2026-07-12 17:15:50+00:00,9.99,18.052002314814814,0
288160,52,77.9423076923077,54.17118418663195,2026-07-25 17:31:46+00:00,4.99,5.0409375,0
288370,28,63.92857142857143,90.2248816872338,2026-03-19 19:17:25+00:00,19.99,132.96756944444445,0
288470,54,70.92592592592592,51.562065644652776,2026-06-25 18:56:51+00:00,34.99,34.98185185185185,0
289070,78,83.16666666666667,35.87961565054398,2026-07-25 17:31:47+00:00,59.99,5.040925925925926,0
289090,10,42.1,273.7478112139815,2025-09-29 17:31:38+00:00,4.99,304.0410300925926,0
289130,56,75.98214285714286,50.28582049663195,2026-07-28 17:16:59+00:00,29.99,2.051203703703704,0
289520,48,78.75,58.12173266350695,2026-06-24 17:18:52+00:00,12.99,36.04989583333333,1
289650,75,75.86666666666666,37.266514014004635,2026-07-20 17:19:44+00:00,29.99,10.049293981481481,0
289690,65,85.0,42.69964753327546,2026-06-25 18:39:31+00:00,19.99,34.99388888888889,0
289760,11,47.72727272727273,263.4749224537037,2026-03-19 17:58:53+00:00,6.99,133.02210648148147,0
289930,44,78.63636363636364,63.55257186692129,2026-06-25 18:15:15+00:00,19.99,35.010740740740744,1
289950,47,68.72340425531915,59.408370320046295,2026-06-25 18:50:27+00:00,14.99,34.986296296296295,1
290080,32,78.75,88.15315710871528,2026-06-25 17:56:56+00:00,19.99,35.023460648148145,0
290280,13,49.30769230769231,42.58,2026-07-20 17:19:45+00:00,0.99,10.049282407407407,0
290300,35,87.85714285714286,80.90367340685185,2026-07-13 17:23:51+00:00,19.99,17.046435185185185,0
290340,70,58.714285714285715,39.89449376005787,2026-07-15 17:16:54+00:00,24.99,15.051261574074074,0
290770,32,72.8125,88.73724089008101,2026-07-13 20:30:26+00:00,9.99,16.916863425925925,0
290790,10,67.4,80.1988953189236,2020-12-22 18:57:41+00:00,29.99,2045.9812731481481,0
290890,22,61.54545454545455,121.13157021604165,2025-12-18 18:18:41+00:00,4.99,224.00835648148148,0
291010,35,82.28571428571429,77.4919801879051,2026-03-19 17:27:21+00:00,9.99,133.04400462962963,0
291650,92,60.891304347826086,29.810127314814814,2026-06-05 17:19:05+00:00,39.99,55.04974537037037,1
291860,53,53.54716981132076,52.39846109329861,2026-06-17 17:16:46+00:00,19.99,43.05135416666667,0
292000,19,24.736842105263158,31.941588220162036,2026-06-25 19:08:32+00:00,29.99,34.97373842592592,1
292030,21,69.52380952380952,38.63956712962963,2021-02-11 18:59:32+00:00,39.99,1994.979988425926,0
292120,44,54.31818181818182,63.22619455210648,2026-06-11 17:25:58+00:00,15.99,49.04496527777778,1
292140,44,54.31818181818182,63.22619455210648,2026-06-11 17:25:58+00:00,19.99,49.04496527777778,1
292160,48,80.10416666666667,58.14455870763889,2026-06-25 19:03:44+00:00,3.99,34.97707175925926,0
292330,86,78.36046511627907,32.15055991284722,2026-06-25 19:08:32+00:00,19.99,34.97373842592592,0
292370,8,47.5,219.3897337962963,2023-03-16 17:28:31+00:00,1.99,1232.0431944444445,0
292380,21,79.47619047619048,63.494781249999996,2022-06-23 21:29:42+00:00,4.99,1497.8757060185185,0
292390,83,75.06024096385542,33.545425558935186,2026-07-13 17:23:51+00:00,2.99,17.046435185185185,0
292410,80,75.2375,34.81930247890046,2026-07-13 17:23:51+00:00,2.99,17.046435185185185,0
292570,19,49.473684210526315,151.81803176439814,2026-06-25 17:23:23+00:00,1.99,35.04675925925926,0
292620,82,74.1219512195122,33.959566615219906,2026-07-13 17:23:51+00:00,2.99,17.046435185185185,0
292630,27,84.14814814814815,48.8365059650926,2022-06-23 17:58:47+00:00,4.99,1498.022175925926,0
292730,58,65.51724137931035,47.94316764131945,2026-06-25 18:15:12+00:00,59.99,35.01077546296296,0
292910,80,89.375,34.59206897561342,2026-06-25 18:33:46+00:00,29.99,34.997881944444444,1
292930,58,74.8103448275862,47.81966881902778,2026-06-18 17:18:25+00:00,9.99,42.05020833333333,1
293180,74,67.25675675675676,37.435259861736114,2026-06-25 18:34:31+00:00,4.99,34.99736111111111,0
293320,19,88.15789473684211,125.76408564814815,2025-03-13 18:05:06+00:00,5.99,504.01778935185183,0
293760,38,19.210526315789473,73.85742398648148,2026-06-25 17:23:33+00:00,29.99,35.04664351851852,0
293780,52,70.88461538461539,53.582837009803235,2026-06-25 17:23:33+00:00,14.99,35.04664351851852,1
293840,28,72.67857142857143,97.5833054698148,2026-03-19 17:58:55+00:00,9.99,133.02208333333334,0
294020,76,88.22368421052632,36.67633194444444,2026-07-13 17:23:51+00:00,14.99,17.046435185185185,0
294040,81,67.8641975308642,34.55903052662037,2026-07-27 17:20:19+00:00,2.99,3.048888888888889,0
294100,45,16.444444444444443,49.794919507569446,2026-06-25 17:50:24+00:00,34.99,35.027997685185184,1
294230,74,75.37837837837837,37.68116295662037,2026-07-13 17:23:51+00:00,3.99,17.046435185185185,0
294750,61,84.44262295081967,45.845414930555556,2026-07-13 17:23:51+00:00,9.99,17.046435185185185,0
294810,78,85.0,34.632795664976854,2026-04-20 17:24:23+00:00,19.99,101.04606481481481,0
294860,53,71.0,52.553010149571755,2026-06-25 18:09:24+00:00,19.99,35.01480324074074,0
295650,58,42.98275862068966,46.88458170890046,2026-07-21 17:15:27+00:00,4.99,9.052268518518519,0
295670,31,75.19354838709677,84.79214737653935,2025-12-18 18:20:46+00:00,19.99,224.00690972222222,0
295690,8,90.0,55.39558697089121,2020-01-23 18:27:31+00:00,4.99,2380.0022222222224,0
295790,39,79.6923076923077,71.91380939326389,2026-06-25 17:23:39+00:00,14.99,35.04657407407407,0
296050,48,79.02083333333333,54.12411889282408,2025-12-18 20:00:22+00:00,2.99,223.93774305555556,0
296470,72,65.41666666666667,38.939752706041666,2026-07-27 17:20:19+00:00,4.99,3.048888888888889,0
296490,48,63.645833333333336,58.73890563435185,2026-07-23 17:29:08+00:00,9.99,7.042766203703704,0
296710,57,75.6140350877193,48.799735036365746,2026-06-25 18:50:38+00:00,17.99,34.986168981481484,1
296830,74,83.17567567567568,37.626310565694446,2026-07-09 17:17:46+00:00,19.99,21.05065972222222,0
296870,75,74.33333333333333,37.29350772646991,2026-07-22 17:16:11+00:00,5.99,8.05175925925926,0
296910,72,72.76388888888889,38.48908108371528,2026-06-25 17:23:39+00:00,6.99,35.04657407407407,0
296970,20,64.35,42.353856603310184,2021-03-15 17:21:31+00:00,19.99,1963.0480555555555,0
297000,51,73.96078431372548,54.65449513888889,2026-06-25 17:23:39+00:00,14.99,35.04657407407407,0
297020,84,81.72619047619048,32.92502942324074,2026-06-25 18:39:31+00:00,4.99,34.99388888888889,1
297120,55,78.54545454545455,51.19856374313657,2026-07-27 17:20:19+00:00,9.99,3.048888888888889,0
297130,61,85.08196721311475,46.04550675153935,2026-07-25 17:31:47+00:00,14.99,5.040925925925926,0
297860,5,60.0,683.1811950231481,2026-06-25 17:23:41+00:00,19.99,35.04655092592593,0
298030,28,59.107142857142854,96.54683256172453,2026-02-19 18:20:51+00:00,4.99,161.00685185185185,0
298050,28,57.67857142857143,69.3229955418287,2024-02-15 17:18:04+00:00,24.99,896.0504513888889,0
298110,70,73.4,39.605224771863426,2026-06-25 18:15:08+00:00,29.99,35.01082175925926,1
298480,81,77.71604938271605,34.159557291666665,2026-06-25 18:21:00+00:00,7.99,35.00674768518518,0
298600,72,72.06944444444444,38.49005998956019,2026-06-25 19:03:44+00:00,5.99,34.97707175925926,1
298630,72,77.29166666666667,38.291921459305556,2026-06-11 17:26:03+00:00,17.99,49.04490740740741,0
298900,73,79.41095890410959,38.246136027511575,2026-07-16 17:19:23+00:00,29.99,14.049537037037037,0
299250,68,59.338235294117645,40.78753109452546,2026-06-25 18:21:00+00:00,19.99,35.00674768518518,0
299260,13,75.0,36.726962770057874,2020-03-16 17:21:55+00:00,7.99,2327.047777777778,0
299460,47,70.80851063829788,59.993903733888885,2026-07-22 17:16:11+00:00,3.99,8.05175925925926,0
299480,72,81.18055555555556,38.939752706041666,2026-07-27 17:20:19+00:00,19.99,3.048888888888889,0
299720,6,75.0,58.74460185185185,2019-10-21 17:21:08+00:00,1.99,2474.048321759259,0
299740,32,44.75,88.73306115590277,2026-07-13 17:23:51+00:00,29.99,17.046435185185185,0
300220,3,46.333333333333336,164.8779224537037,2019-11-26 18:08:25+00:00,9.99,2438.015486111111,0
300380,74,70.27027027027027,37.43507483510417,2026-06-25 18:15:04+00:00,19.99,35.010868055555555,0
300550,73,75.06849315068493,37.95484294623842,2026-06-25 17:58:07+00:00,14.99,35.02263888888889,0
300570,52,50.0,53.58386505990741,2026-06-25 18:39:03+00:00,24.99,34.99421296296296,0
300580,17,75.76470588235294,151.99964265046296,2026-06-25 17:23:42+00:00,19.99,35.046539351851855,0
300820,34,71.02941176470588,79.84025217451389,2026-03-19 17:28:47+00:00,19.99,133.04300925925926,0
301120,47,74.25531914893617,59.407459742349545,2026-06-25 17:50:08+00:00,19.99,35.02818287037037,0
301200,74,85.93243243243244,37.681163115162036,2026-07-13 17:23:52+00:00,7.99,17.046423611111113,0
301320,18,40.0,160.7483728213426,2026-06-25 17:20:10+00:00,39.99,35.048993055555556,0
301640,52,85.86538461538461,53.445511755625,2026-06-18 17:18:23+00:00,44.99,42.05023148148148,0
301690,9,66.0,44.09473813657407,2019-12-19 18:11:23+00:00,2.99,2415.0134259259257,0
301700,9,66.0,44.09634259259259,2019-12-19 18:29:52+00:00,2.99,2415.000590277778,0
301860,72,90.0,38.48993185967593,2026-06-25 18:50:38+00:00,19.99,34.986168981481484,0
301910,64,75.546875,43.59874136537037,2026-07-09 17:17:49+00:00,14.99,21.050625,0
301970,65,74.43076923076923,43.001630859375,2026-07-15 02:30:18+00:00,14.99,15.666956018518519,0
302010,38,65.92105263157895,73.85905843342593,2026-06-25 18:50:38+00:00,9.99,34.986168981481484,0
302080,87,80.0,31.776287413865738,2026-06-25 18:15:26+00:00,4.99,35.010613425925925,0
302510,69,68.69565217391305,40.18819989106481,2026-06-25 19:08:32+00:00,9.99,34.97373842592592,0
302610,49,55.97959183673469,57.306768904317124,2026-07-13 17:23:52+00:00,4.99,17.046423611111113,0
302670,13,51.92307692307692,39.590234375,2021-02-27 18:21:15+00:00,14.99,1979.006574074074,0
303210,35,53.857142857142854,79.96255004084492,2026-06-11 17:26:27+00:00,9.99,49.04462962962963,1
303390,75,67.04,36.92937797171297,2026-06-25 18:34:31+00:00,4.99,34.99736111111111,0
303610,52,82.3076923076923,54.11214846585648,2026-07-22 17:16:11+00:00,5.99,8.05175925925926,0
303690,27,46.111111111111114,84.26752181267362,2026-06-25 17:23:50+00:00,7.99,35.04644675925926,0
303800,77,84.28571428571429,36.377927174699074,2026-07-27 17:20:21+00:00,9.99,3.048865740740741,0
304240,66,73.4090909090909,42.42649341167824,2026-07-20 17:19:47+00:00,19.99,10.049259259259259,0
304390,101,72.42574257425743,27.60728564814815,2026-07-23 17:29:08+00:00,29.99,7.042766203703704,0
304410,64,70.0,43.377414572303245,2026-06-25 18:39:03+00:00,4.99,34.99421296296296,0
304430,76,77.10526315789474,36.437133796296294,2026-06-25 18:50:27+00:00,24.99,34.986296296296295,1
304530,62,87.11290322580645,45.32331910290509,2026-07-27 17:20:21+00:00,29.99,3.048865740740741,0
304650,55,65.38181818181818,50.60675175753473,2026-06-25 18:21:01+00:00,18.99,35.00673611111111,1
304670,33,76.9090909090909,85.96027162905092,2026-07-13 17:29:19+00:00,2.99,17.042638888888888,0
304730,56,85.80357142857143,50.14040130471065,2026-07-20 17:19:47+00:00,19.99,10.049259259259259,0
305620,66,59.166666666666664,42.04219106125,2026-06-25 17:49:05+00:00,34.99,35.02891203703704,0
305640,76,88.8157894736842,36.437193055555554,2026-06-25 18:56:51+00:00,14.99,34.98185185185185,1
305780,78,43.91025641025641,35.82860554953704,2026-07-21 19:15:47+00:00,6.99,8.968703703703703,0
306020,39,66.92307692307692,71.9138136574074,2026-06-25 17:23:53+00:00,9.99,35.04641203703704,0
306130,66,66.74242424242425,42.58035665953704,2026-07-30 17:21:23+00:00,19.99,0.04814814814814815,0
306200,19,81.52631578947368,44.3202822787963,2021-03-08 18:21:43+00:00,3.99,1970.00625,0
306410,72,52.15277777777778,38.74260432967593,2026-07-13 17:23:52+00:00,6.99,17.046423611111113,0
306660,37,66.21621621621621,71.90797325101852,2026-07-27 17:20:21+00:00,19.99,3.048865740740741,0
306670,49,71.44897959183673,56.78585624034722,2026-06-18 17:18:23+00:00,9.99,42.05023148148148,0
306760,39,65.76923076923077,71.91427570662036,2026-06-25 17:49:10+00:00,29.99,35.02885416666667,0
307110,59,46.28813559322034,47.426356760844904,2026-07-13 17:29:19+00:00,15.99,17.042638888888888,0
307230,73,67.46575342465754,38.23222318672454,2026-07-15 17:16:54+00:00,1.99,15.051261574074074,0
307350,20,86.05,66.83705592104167,2022-06-23 21:41:51+00:00,6.99,1497.8672685185186,0
307670,63,88.33333333333333,44.07649865590278,2026-06-25 17:49:48+00:00,19.99,35.02841435185185,0
307690,64,85.078125,43.377480158726854,2026-06-25 18:45:00+00:00,19.99,34.99008101851852,1
307780,71,74.0,39.46757721560185,2026-07-25 17:31:47+00:00,19.99,5.040925925925926,0
307880,67,58.11940298507463,41.404923190231486,2026-06-25 17:23:54+00:00,3.99,35.046400462962964,0
307960,64,77.71875,43.85286357289352,2026-07-25 17:31:47+00:00,49.99,5.040925925925926,0
308000,74,60.7027027027027,37.777014840173614,2026-07-20 17:19:48+00:00,2.99,10.049247685185184,0
308040,88,80.45454545454545,31.582987574490744,2026-07-10 17:16:41+00:00,5.99,20.051412037037036,0
308060,57,68.50877192982456,48.79944031084491,2026-06-25 18:26:52+00:00,14.99,35.00267361111111,1
310060,71,74.36619718309859,39.03926851851852,2026-06-25 17:58:16+00:00,7.99,35.022534722222225,0
310080,25,77.2,69.98855034722222,2023-08-07 17:24:18+00:00,9.99,1088.046122685185,0
310510,48,89.375,58.143083628831015,2026-06-25 17:23:54+00:00,19.99,35.046400462962964,0
310790,65,50.0,42.6997681568287,2026-06-25 18:50:38+00:00,14.99,34.986168981481484,0
310950,41,63.292682926829265,39.368088541666665,2023-04-24 17:21:54+00:00,19.99,1193.0477893518519,0
311010,86,90.5,32.15012159585648,2026-06-25 18:14:53+00:00,14.99,35.010995370370374,1
311120,65,74.1076923076923,42.69928005642361,2026-06-25 18:05:39+00:00,2.99,35.017407407407404,1
311140,67,80.7910447761194,41.889734322384264,2026-07-27 17:20:21+00:00,3.99,3.048865740740741,0
311210,14,46.785714285714285,59.445597400277784,2021-02-11 19:01:35+00:00,59.99,1994.9785648148147,0
311240,54,67.70370370370371,51.561910377349534,2026-06-25 18:45:00+00:00,19.99,34.99008101851852,0
311260,50,50.92,55.62696239606482,2026-06-18 17:18:28+00:00,29.99,42.05017361111111,1
311290,57,72.82456140350877,48.67359230324074,2026-06-18 17:18:29+00:00,39.99,42.05016203703704,1
311310,23,53.91304347826087,124.21657302187499,2026-06-25 18:21:02+00:00,19.99,35.00672453703704,0
311340,30,72.66666666666667,81.19547892719908,2025-06-12 16:03:12+00:00,19.99,413.10244212962965,0
311560,69,68.81159420289855,40.18765454792824,2026-06-25 18:15:08+00:00,19.99,35.01082175925926,1
311690,69,60.10144927536232,40.58411134939815,2026-07-22 17:16:11+00:00,14.99,8.05175925925926,0
311770,32,73.59375,88.15241972819445,2026-06-25 17:24:01+00:00,19.99,35.04631944444444,0
311860,61,61.57377049180328,45.546672839502314,2026-06-25 19:12:32+00:00,1.99,34.97096064814815,0
312200,80,58.0625,34.591957044062504,2026-06-25 18:21:02+00:00,19.99,35.00672453703704,1
312520,62,56.82258064516129,45.07736604431713,2026-07-12 17:15:50+00:00,24.99,18.052002314814814,0
312530,29,54.37931034482759,97.60000537366898,2026-06-25 19:12:13+00:00,12.99,34.971180555555556,0
312610,44,56.81818181818182,62.053548126608796,2026-04-22 07:15:42+00:00,7.99,99.46876157407408,1
312660,46,86.52173913043478,60.57157998971064,2026-06-18 17:18:23+00:00,59.99,42.05023148148148,0
312670,46,85.78260869565217,60.57157998971064,2026-06-18 17:18:23+00:00,49.99,42.05023148148148,0
312750,38,51.31578947368421,73.47909096596065,2026-06-11 17:25:58+00:00,15.99,49.04496527777778,1
312780,51,73.23529411764706,54.655625,2026-06-25 18:45:00+00:00,24.99,34.99008101851852,0
312840,60,79.85,46.318194248263886,2026-06-25 18:33:47+00:00,9.99,34.99787037037037,1
313010,60,75.86666666666666,46.31811636848379,2026-06-25 18:27:10+00:00,9.99,35.00246527777778,0
313120,26,40.5,109.31058425925926,2026-06-25 18:21:02+00:00,19.99,35.00672453703704,0
313140,28,87.14285714285714,91.24927597736111,2025-09-29 17:31:51+00:00,9.99,304.0408796296296,0
313160,23,46.08695652173913,124.21557922979166,2026-06-25 17:49:33+00:00,12.99,35.028587962962966,0
313340,56,39.839285714285715,49.44946317339121,2026-06-12 17:17:29+00:00,0.99,48.05085648148148,0
313480,24,66.66666666666667,55.20651519725694,2022-06-23 17:59:47+00:00,4.99,1498.0214814814815,0
313500,24,66.66666666666667,55.20651519725694,2022-06-23 17:59:47+00:00,4.99,1498.0214814814815,0
313630,12,50.0,115.59395412457175,2022-06-25 12:48:14+00:00,19.99,1496.2378356481481,0
313690,71,75.07042253521126,38.99899355158565,2026-07-27 17:20:21+00:00,19.99,3.048865740740741,0
313740,87,73.5632183908046,31.776208548657408,2026-06-25 18:05:40+00:00,9.99,35.01739583333333,0
314020,40,68.75,70.07033119657407,2026-06-25 17:49:48+00:00,3.99,35.02841435185185,0
314160,28,78.75,94.68935185185185,2026-06-25 18:56:51+00:00,24.99,34.98185185185185,0
314250,20,41.15,143.82786915203704,2026-06-25 17:30:30+00:00,0.99,35.04181712962963,0
314410,51,62.549019607843135,54.655703240740735,2026-06-25 18:50:38+00:00,12.99,34.986168981481484,0
314450,6,51.666666666666664,158.15296296296296,2021-03-01 18:21:20+00:00,1.99,1977.0065162037038,0
314520,56,75.17857142857143,50.30403030302084,2026-07-29 17:19:12+00:00,19.99,1.0496643518518518,0
314560,30,69.4,94.33980324074074,2026-06-28 20:30:11+00:00,9.99,31.917037037037037,0
314650,30,28.166666666666668,88.65416786398148,2026-06-25 18:05:40+00:00,29.99,35.01739583333333,1
314660,36,68.02777777777777,78.0783515211574,2026-06-25 17:48:55+00:00,19.99,35.02902777777778,0
314710,64,86.171875,43.884483575833336,2026-07-27 17:20:21+00:00,19.99,3.048865740740741,0
314790,74,73.5,37.72221477041667,2026-07-16 17:19:13+00:00,19.99,14.049652777777778,0
314810,79,89.54430379746836,35.30412408,2026-07-16 17:19:13+00:00,19.99,14.049652777777778,0
314830,74,87.70270270270271,37.72221477041667,2026-07-16 17:19:13+00:00,9.99,14.049652777777778,0
315210,23,87.82608695652173,39.63461384679398,2026-07-27 17:20:21+00:00,69.99,3.048865740740741,0
315260,69,78.98550724637681,40.65768331290509,2026-07-27 17:20:21+00:00,4.99,3.048865740740741,0
315330,79,85.55696202531645,35.26570394111111,2026-07-13 17:23:52+00:00,12.99,17.046423611111113,0
315430,22,44.27272727272727,88.9886105599537,2024-02-12 18:15:35+00:00,12.99,899.0105092592593,0
315460,43,41.674418604651166,65.06531498015046,2026-06-25 17:50:15+00:00,11.99,35.02810185185185,0
315650,44,59.54545454545455,63.552485195949075,2026-06-25 18:09:53+00:00,9.99,35.014467592592595,1
315660,45,74.93333333333334,58.85825336700231,2026-02-02 18:18:56+00:00,19.99,178.00818287037038,0
316790,35,71.2,80.37439780773147,2026-06-25 17:30:31+00:00,14.99,35.041805555555555,0
317250,44,81.5,41.52988937337963,2023-11-21 18:50:45+00:00,4.99,981.986087962963,0
317820,41,53.609756097560975,68.31884837962963,2026-06-25 18:05:40+00:00,19.99,35.01739583333333,0
318100,78,81.35897435897436,35.49066302909722,2026-06-25 18:44:43+00:00,4.99,34.99027777777778,0
318230,32,75.0,88.15256645758102,2026-06-25 17:30:34+00:00,14.99,35.04177083333333,0
318430,51,72.54901960784314,49.62100069444445,2026-06-25 18:33:48+00:00,5.99,34.9978587962963,0
318600,76,79.80263157894737,36.8629662037037,2026-07-27 17:20:21+00:00,14.99,3.048865740740741,0
319180,27,57.592592592592595,105.10571002491899,2026-06-25 17:57:47+00:00,4.99,35.02287037037037,0
319510,2,75.0,186.20835648148147,2020-06-26 22:35:20+00:00,4.99,2224.830127314815,0
319910,83,74.62650602409639,33.56975694444444,2026-07-15 17:16:54+00:00,21.99,15.051261574074074,0
319970,15,80.86666666666666,55.19943700395834,2021-02-11 19:00:39+00:00,2.99,1994.979212962963,0
320040,81,86.54320987654322,34.15986848958334,2026-06-25 18:56:51+00:00,14.99,34.98185185185185,1
320240,50,75.7,55.361665013217596,2026-06-05 17:19:05+00:00,59.99,55.04974537037037,0
320300,83,90.0,33.533162545162035,2026-07-12 17:15:50+00:00,19.99,18.052002314814814,1
320340,46,75.15217391304348,61.327101594641206,2026-07-22 17:16:11+00:00,9.99,8.05175925925926,0
320430,30,58.5,93.02916906129629,2026-06-25 18:05:42+00:00,9.99,35.01737268518519,0
320820,21,76.42857142857143,54.33804166666666,2021-12-22 18:15:36+00:00,9.99,1681.010497685185,0
321150,14,90.0,41.672887286319444,2020-06-25 17:56:27+00:00,9.99,2226.0237962962965,0
321270,81,56.54320987654321,34.471526186342594,2026-07-20 17:19:49+00:00,4.99,10.049236111111112,0
321360,46,56.76086956521739,61.3659830246875,2026-07-24 11:15:42+00:00,12.99,6.302094907407407,0
321800,62,62.54838709677419,44.79884638736111,2026-06-25 17:30:40+00:00,19.99,35.04170138888889,1
321960,20,75.25,42.40648269980324,2021-03-16 17:21:22+00:00,29.99,1962.0481597222222,0
322110,61,62.40983606557377,45.54629108796296,2026-06-25 18:39:33+00:00,14.99,34.99386574074074,0
322170,36,59.02777777777778,78.07798941798612,2026-06-25 17:30:40+00:00,4.99,35.04170138888889,0
322190,74,80.89189189189189,37.81820031075232,2026-07-23 17:29:13+00:00,14.99,7.042708333333334,0
322210,59,55.50847457627118,47.11602809706018,2026-06-25 17:30:40+00:00,9.99,35.04170138888889,0
322330,56,65.57142857142857,49.431386574074075,2026-06-11 17:25:49+00:00,14.99,49.045069444444444,0
322450,79,70.0,35.29128294158565,2026-07-15 17:16:54+00:00,9.99,15.051261574074074,0
322500,80,63.5625,34.592010226203705,2026-06-25 18:27:05+00:00,24.99,35.00252314814815,1
322680,48,82.5,58.14462470449074,2026-06-25 19:08:12+00:00,8.99,34.97396990740741,0
323060,46,54.32608695652174,61.44723276748842,2026-07-28 03:00:41+00:00,14.99,2.6458564814814816,0
323190,84,71.36904761904762,33.22556740851852,2026-07-20 17:19:49+00:00,29.99,10.049236111111112,0
323220,23,35.30434782608695,107.67588436446758,2025-06-26 20:52:01+00:00,14.99,398.901875,0
323320,61,75.08196721311475,45.84539949844907,2026-07-13 17:22:31+00:00,7.99,17.047361111111112,0
323470,61,85.22950819672131,46.01203819444444,2026-07-23 17:20:06+00:00,39.99,7.049039351851852,0
323580,64,75.34375,43.77336658582176,2026-07-20 17:19:49+00:00,14.99,10.049236111111112,0
323720,74,85.55405405405405,37.72221492896991,2026-07-16 17:19:14+00:00,4.99,14.049641203703704,0
323850,63,73.14285714285714,44.543905876631946,2026-07-24 17:19:55+00:00,14.99,6.049166666666666,0
324080,76,25.513157894736842,36.75625648148148,2026-07-19 17:15:42+00:00,14.99,11.052094907407408,0
324160,53,57.264150943396224,53.03311720975694,2026-07-20 17:19:49+00:00,44.99,10.049236111111112,0
324310,45,75.77777777777777,61.78923269149305,2026-06-11 17:25:47+00:00,9.99,49.045092592592596,1
324570,46,69.8695652173913,60.72865509259259,2026-06-25 18:56:51+00:00,2.99,34.98185185185185,0
324800,59,84.0677966101695,47.63328284642361,2026-07-25 17:31:47+00:00,29.99,5.040925925925926,0
325090,23,76.95652173913044,69.80584438130786,2023-03-16 17:29:09+00:00,4.99,1232.0427546296296,0
325120,82,64.63414634146342,33.737783493368056,2026-06-25 18:15:04+00:00,9.99,35.010868055555555,0
325420,34,62.14705882352941,77.0838096240162,2025-12-18 18:22:38+00:00,14.99,224.00561342592593,0
325610,49,75.22448979591837,56.933336467974534,2026-06-25 19:12:13+00:00,44.99,34.971180555555556,0
326120,85,74.01176470588236,32.533205467361114,2026-06-25 18:56:32+00:00,4.99,34.982071759259256,0
326180,52,38.28846153846154,53.583194898321764,2026-06-25 17:49:50+00:00,0.99,35.028391203703706,1
326410,40,60.625,70.07088882952546,2026-06-25 18:21:07+00:00,9.99,35.00666666666667,0
326460,39,28.205128205128204,71.91428971733797,2026-06-25 17:49:56+00:00,9.99,35.028321759259256,0
326670,36,77.91666666666667,51.393111441793984,2023-12-04 18:12:49+00:00,14.99,969.0124305555555,0
327030,74,78.25675675675676,37.872910641805554,2026-07-27 17:20:22+00:00,29.99,3.0488541666666666,0
327220,83,89.27710843373494,33.58197253274306,2026-07-16 17:19:19+00:00,19.99,14.049583333333333,0
327410,55,72.81818181818181,50.606446973587964,2026-06-25 17:57:19+00:00,3.99,35.02319444444444,0
327740,32,73.59375,88.15256981780092,2026-06-25 17:30:43+00:00,9.99,35.041666666666664,0
328080,68,49.05882352941177,39.17495076699074,2026-03-09 17:19:15+00:00,14.99,143.04962962962964,0
328760,41,86.65853658536585,54.49733680555556,2024-12-19 21:26:36+00:00,7.99,587.8778587962963,0
329000,62,61.33870967741935,44.800006071643516,2026-06-25 19:12:32+00:00,1.99,34.97096064814815,0
329050,63,65.87301587301587,44.076849611701384,2026-06-25 18:21:08+00:00,24.99,35.006655092592595,0
329130,29,59.13793103448276,97.59748842592593,2026-06-25 17:30:44+00:00,14.99,35.04165509259259,0
329380,65,88.0923076923077,43.245674732349535,2026-07-30 17:21:23+00:00,14.99,0.04814814814814815,0
329430,13,77.3076923076923,64.39779224537037,2021-02-11 18:33:51+00:00,19.99,1994.997824074074,0
329440,49,74.6734693877551,56.78585624034722,2026-06-18 17:18:23+00:00,29.99,42.05023148148148,1
329490,17,62.35294117647059,48.2993359375,2021-02-11 18:56:42+00:00,11.99,1994.9819560185185,0
329830,65,50.83076923076923,42.69932635271991,2026-06-25 18:09:55+00:00,1.99,35.01444444444444,0
330020,74,62.310810810810814,35.45268518518518,2026-07-20 17:19:51+00:00,21.99,10.049212962962963,0
330350,32,90.21875,88.95877837513889,2026-07-20 17:19:52+00:00,4.99,10.04920138888889,0
330390,40,49.0,70.07045762107639,2026-06-25 17:56:54+00:00,19.99,35.0234837962963,1
330580,90,56.333333333333336,30.985641905949073,2026-07-20 17:19:52+00:00,4.99,10.04920138888889,0
330820,48,64.54166666666667,58.143184840416666,2026-06-25 17:30:45+00:00,9.99,35.04164351851852,1
330830,36,26.805555555555557,54.5905707671875,2026-06-11 17:25:55+00:00,19.99,49.045,1
331480,47,84.04255319148936,60.01584037841436,2026-07-23 17:29:16+00:00,14.99,7.042673611111111,0
331600,61,83.27868852459017,46.01204533178241,2026-07-23 17:20:43+00:00,39.99,7.048611111111111,0
331670,60,53.916666666666664,46.31819483678241,2026-06-25 18:33:50+00:00,24.99,34.99783564814815,0
331690,52,77.0576923076923,54.210244644143515,2026-07-27 17:20:22+00:00,14.99,3.0488541666666666,0
331870,81,83.81481481481481,34.42152184606481,2026-07-16 17:19:19+00:00,14.99,14.049583333333333,0
332200,63,60.476190476190474,44.56016782407407,2026-07-25 17:31:47+00:00,19.99,5.040925925925926,0
332310,59,73.98305084745763,47.667628911238424,2026-07-27 17:20:22+00:00,29.99,3.0488541666666666,0
332500,2,65.0,34.941828703703706,2019-02-04 22:36:14+00:00,19.99,2732.829502314815,0
332570,25,25.0,110.8324199459838,2026-06-25 17:30:46+00:00,19.99,35.04163194444445,0
332790,64,56.984375,43.37735706936343,2026-06-25 18:33:50+00:00,0.99,34.99783564814815,0
332800,2,75.0,186.20835648148147,2020-06-26 22:35:20+00:00,7.99,2224.830127314815,0
333250,80,63.15,34.81929090482639,2026-07-13 17:22:32+00:00,7.99,17.047349537037036,0
333420,56,63.17857142857143,49.95854419190972,2026-07-10 17:16:42+00:00,19.99,20.051400462962963,0
333600,64,56.71875,43.37666207377315,2026-06-25 17:30:47+00:00,9.99,35.04162037037037,0
333640,86,11.80232558139535,32.15046446077546,2026-06-25 18:56:51+00:00,29.99,34.98185185185185,1
333950,59,39.23728813559322,47.667628911238424,2026-07-27 17:20:22+00:00,9.99,3.0488541666666666,0
333980,51,53.13725490196079,54.65529375,2026-06-25 18:21:09+00:00,19.99,35.006643518518516,0
334040,33,86.27272727272727,42.50029730902778,2026-07-20 17:19:52+00:00,4.99,10.04920138888889,0
334070,22,89.0909090909091,125.46394786155093,2026-03-19 17:49:47+00:00,9.99,133.02842592592592,0
334120,70,70.9,39.605759024421296,2026-06-25 19:08:13+00:00,9.99,34.973958333333336,1
334210,37,84.72972972972973,75.9091586291088,2026-06-25 17:30:47+00:00,14.99,35.04162037037037,0
334230,42,43.11904761904762,67.09085055328704,2026-07-13 17:23:49+00:00,4.99,17.046458333333334,0
334270,56,66.51785714285714,50.31914288719907,2026-07-30 13:16:07+00:00,9.99,0.21847222222222223,0
334310,56,68.28571428571429,41.249885732314816,2026-06-25 19:12:13+00:00,19.99,34.971180555555556,1
334420,46,75.30434782608695,60.72786625513889,2026-06-25 18:05:44+00:00,14.99,35.017349537037035,1
334940,71,76.7605633802817,38.83894708994213,2026-06-11 17:25:52+00:00,19.99,49.04503472222222,1
335190,76,55.0,36.4368625,2026-06-25 18:21:09+00:00,6.99,35.006643518518516,0
335300,33,65.15151515151516,83.33516167534722,2026-04-20 17:24:15+00:00,39.99,101.0461574074074,0
335670,45,35.666666666666664,62.109095643935184,2026-06-25 19:12:18+00:00,19.99,34.971122685185186,1
336140,48,51.208333333333336,58.14318557918981,2026-06-25 17:30:48+00:00,14.99,35.041608796296295,0
337000,68,85.1470588235294,40.78772336234954,2026-06-25 18:39:33+00:00,29.99,34.99386574074074,1
337150,55,82.32727272727273,50.6064439729051,2026-06-25 17:57:05+00:00,9.99,35.02335648148148,1
337320,42,40.714285714285715,66.6519447267361,2026-06-25 17:30:49+00:00,19.99,35.04159722222222,0
337340,59,69.89830508474576,47.11634718230324,2026-06-25 17:57:19+00:00,9.99,35.02319444444444,0
338050,44,74.38636363636364,63.551745531863425,2026-06-25 17:24:05+00:00,8.99,35.046273148148146,0
338140,14,71.57142857142857,59.44534544158565,2021-02-11 18:56:52+00:00,9.99,1994.9818402777778,0
338170,61,71.06557377049181,45.54607831789352,2026-06-25 18:21:10+00:00,8.99,35.00663194444444,0
338390,62,79.08064516129032,44.799489792037036,2026-06-25 18:27:11+00:00,9.99,35.0024537037037,0
338530,10,45.2,141.0844855967014,2022-06-23 18:14:56+00:00,0.99,1498.010960648148,0
339190,82,87.5,33.996564786226855,2026-07-16 17:19:19+00:00,9.99,14.049583333333333,0
339200,61,50.32786885245902,46.07870814042824,2026-07-27 17:20:23+00:00,14.99,3.0488425925925924,0
339230,56,76.07142857142857,50.01316224746528,2026-07-13 17:22:27+00:00,19.99,17.04740740740741,0
339340,68,73.45588235294117,41.16003178550926,2026-07-20 17:19:52+00:00,19.99,10.04920138888889,0
339400,31,74.25806451612904,91.09083526233796,2026-06-25 17:24:05+00:00,9.99,35.046273148148146,0
339580,67,74.40298507462687,41.192821443599534,2026-06-11 17:25:45+00:00,9.99,49.04511574074074,0
339800,34,76.76470588235294,82.81036896744213,2026-06-25 17:48:44+00:00,9.99,35.029155092592596,0
340050,92,71.68478260869566,30.30463878712963,2026-07-20 17:19:52+00:00,4.99,10.04920138888889,0
340170,43,57.44186046511628,64.73158013667825,2026-06-11 17:25:58+00:00,29.99,49.04496527777778,1
340320,16,90.0,50.384335648148145,2021-01-25 18:21:39+00:00,4.99,2012.0062962962963,0
340840,32,75.96875,80.37816158900463,2025-10-27 17:21:08+00:00,5.99,276.04832175925924,0
341000,46,49.78260869565217,60.72722402262731,2026-06-25 17:24:07+00:00,14.99,35.04625,0
341310,65,70.26153846153846,42.69944842303241,2026-06-25 18:21:10+00:00,1.99,35.00663194444444,0
341500,27,67.48148148148148,105.1047128739236,2026-06-25 17:20:27+00:00,1.99,35.048796296296295,0
341800,52,63.30769230769231,53.583295887789355,2026-06-25 17:57:15+00:00,14.99,35.02324074074074,0
341940,84,60.333333333333336,33.17737045402777,2026-07-16 17:19:19+00:00,5.99,14.049583333333333,0
342180,53,64.98113207547169,47.917896189456016,2025-10-27 17:32:04+00:00,19.99,276.04072916666667,0
342480,25,78.32,101.32850067515047,2026-06-25 17:19:54+00:00,19.99,35.049178240740744,0
342560,48,35.729166666666664,58.82115592986111,2026-07-27 14:15:50+00:00,24.99,3.177002314814815,0
342620,18,51.666666666666664,105.91187772331018,2025-03-13 19:24:02+00:00,9.99,503.96297453703704,0
343100,41,86.07317073170732,54.49758506944444,2024-12-19 21:40:54+00:00,4.99,587.8679282407408,0
343270,21,33.904761904761905,136.6360949074074,2026-06-25 17:19:32+00:00,0.99,35.04943287037037,0
343360,73,67.15068493150685,37.95483474793981,2026-06-25 17:57:16+00:00,29.99,35.02322916666667,0
343390,70,42.27142857142857,40.094362251736115,2026-07-29 12:15:50+00:00,1.99,1.2603356481481482,0
343710,74,80.75675675675676,37.87291080034722,2026-07-27 17:20:23+00:00,19.99,3.0488425925925924,0
343780,20,32.45,143.8297210038889,2026-06-25 18:21:10+00:00,6.99,35.00663194444444,0
343860,74,67.54054054054055,37.4356192922338,2026-06-25 19:12:18+00:00,19.99,34.971122685185186,1
344230,81,82.77777777777777,34.38404904513889,2026-07-13 17:22:27+00:00,4.99,17.04740740740741,0
344300,49,59.51020408163265,56.932436342592595,2026-06-25 18:10:00+00:00,5.99,35.014386574074074,0
344740,41,75.53658536585365,68.31858275462963,2026-06-25 17:50:22+00:00,14.99,35.028020833333336,0
344760,77,75.81818181818181,36.193735836979165,2026-07-13 17:22:27+00:00,9.99,17.04740740740741,0
344850,51,67.6470588235294,54.654487037037036,2026-06-25 17:23:04+00:00,24.99,35.04697916666667,0
344910,21,75.0,39.73823842592592,2021-03-05 18:21:16+00:00,1.99,1973.0065625,0
345180,15,66.0,55.19929976851852,2021-02-11 18:57:53+00:00,19.99,1994.9811342592593,0
345220,47,53.1063829787234,59.79834616545139,2026-07-13 17:22:27+00:00,5.99,17.04740740740741,0
345260,50,76.2,55.77036824451389,2026-06-25 17:57:11+00:00,9.99,35.023287037037036,0
345350,44,54.31818181818182,63.22619455210648,2026-06-11 17:25:58+00:00,19.99,49.04496527777778,1
345390,18,39.611111111111114,42.46172726034722,2020-12-22 20:23:05+00:00,24.99,2045.9219675925926,0
345660,24,75.41666666666667,34.38118911030093,2021-03-01 18:24:59+00:00,14.99,1977.0039814814816,0
346010,52,63.38461538461539,54.249439451701384,2026-07-29 17:18:50+00:00,14.99,1.0499189814814816,0
346110,20,73.0,66.2484898879051,2022-06-12 17:18:41+00:00,29.99,1509.050023148148,0
346500,66,62.95454545454545,42.042471866087965,2026-06-25 18:15:22+00:00,4.99,35.01065972222222,0
346810,81,72.5679012345679,34.38404918981482,2026-07-13 17:22:28+00:00,5.99,17.047395833333333,0
346940,76,75.0657894736842,36.436650925925925,2026-06-25 17:58:18+00:00,19.99,35.02251157407407,1
346950,22,89.31818181818181,60.46318176806712,2022-06-23 17:26:37+00:00,7.99,1498.0445138888888,0
347160,49,52.06122448979592,56.93302445023148,2026-06-25 18:50:39+00:00,12.99,34.986157407407404,0
347430,53,54.339622641509436,52.553167512453705,2026-06-25 18:21:11+00:00,4.99,35.00662037037037,1
347560,53,50.75471698113208,52.55385327634259,2026-06-25 19:12:32+00:00,1.99,34.97096064814815,0
347620,77,39.116883116883116,35.95789930555556,2026-06-25 19:12:30+00:00,9.99,34.970983796296295,1
347800,23,40.0,58.22127630471064,2026-06-25 18:39:03+00:00,19.99,34.99421296296296,0
347830,45,46.888888888888886,62.107908512199074,2026-06-25 17:57:05+00:00,9.99,35.02335648148148,1
348360,54,68.57407407407408,51.56198440775463,2026-06-25 18:50:39+00:00,14.99,34.986157407407404,0
348510,47,56.361702127659576,59.40768266907407,2026-06-25 18:04:54+00:00,9.99,35.017928240740744,1
348550,55,78.38181818181818,50.606356095671295,2026-06-25 17:50:15+00:00,14.99,35.02810185185185,0
349040,59,59.152542372881356,47.11656150223379,2026-06-25 18:15:13+00:00,19.99,35.01076388888889,0
349440,32,87.0,38.421969832731484,2026-06-25 18:34:32+00:00,4.99,34.99734953703704,0
349460,58,54.172413793103445,34.700604491550926,2026-07-13 17:22:29+00:00,4.99,17.04738425925926,0
349500,56,86.875,49.68722895622685,2026-06-25 19:08:32+00:00,4.99,34.97373842592592,0
350080,53,70.0754716981132,53.22544582442129,2026-07-30 17:21:23+00:00,19.99,0.04814814814814815,0
350110,44,78.63636363636364,63.55257213608796,2026-06-25 18:15:16+00:00,19.99,35.010729166666664,1
350640,79,84.48101265822785,35.03560689695602,2026-06-25 18:39:22+00:00,29.99,34.993993055555556,0
350810,75,81.2,36.92925284658565,2026-06-25 18:21:11+00:00,4.99,35.00662037037037,1
351290,56,67.0,47.562078914131945,2026-06-25 17:30:59+00:00,14.99,35.04148148148148,1
351510,59,52.71186440677966,47.11678460248842,2026-06-25 18:33:51+00:00,9.99,34.997824074074074,0
351710,18,57.22222222222222,45.458220996724535,2021-02-11 18:57:15+00:00,14.99,1994.9815740740742,0
351910,82,86.29268292682927,33.996564786226855,2026-07-16 17:19:19+00:00,6.99,14.049583333333333,0
351920,80,87.4125,34.85723731246528,2026-07-16 17:19:19+00:00,9.99,14.049583333333333,0
351940,23,86.52173913043478,20.13788983585648,2021-02-11 19:00:39+00:00,14.99,1994.979212962963,0
351970,55,80.85454545454546,51.18001178840278,2026-07-26 17:17:43+00:00,49.99,4.050694444444445,0
352400,57,76.57894736842105,49.37004443616898,2026-07-27 17:20:23+00:00,19.99,3.0488425925925924,0
352520,52,82.01923076923077,49.87775962236111,2025-12-18 18:22:40+00:00,9.99,224.00559027777777,0
352550,50,79.8,55.770268801956014,2026-06-25 17:50:10+00:00,29.99,35.02815972222222,0
352720,53,26.849056603773583,52.55275396188657,2026-06-25 17:50:13+00:00,29.99,35.028125,0
353270,18,57.22222222222222,45.45835307733796,2021-02-11 19:00:29+00:00,14.99,1994.9793287037037,0
353550,66,77.75757575757575,42.042534188032405,2026-06-25 18:21:12+00:00,1.99,35.0066087962963,0
353560,9,45.888888888888886,341.688833912037,2026-06-26 12:15:22+00:00,3.99,34.26065972222222,0
353640,66,75.12121212121212,42.42657371793982,2026-07-20 17:27:18+00:00,9.99,10.044039351851852,0
354140,2,75.0,186.20835648148147,2020-06-26 22:35:20+00:00,7.99,2224.830127314815,0
354240,54,53.611111111111114,51.56081717329861,2026-06-25 17:21:34+00:00,4.99,35.04802083333333,0
354380,67,69.04477611940298,41.40558764730324,2026-06-25 18:27:03+00:00,9.99,35.002546296296295,0
354430,39,65.12820512820512,71.91443347952547,2026-06-25 17:57:48+00:00,9.99,35.0228587962963,0
355050,32,56.84375,88.1543604390625,2026-06-25 18:50:39+00:00,9.99,34.986157407407404,0
355130,23,80.21739130434783,35.12694391834491,2021-02-11 19:01:35+00:00,19.99,1994.9785648148147,0
355790,55,80.38181818181818,51.16167395403935,2026-07-25 17:31:46+00:00,19.99,5.0409375,0
355800,61,78.75409836065573,45.54614795524306,2026-06-25 18:27:11+00:00,9.99,35.0024537037037,0
355920,77,81.0,36.377927479282405,2026-07-27 17:20:23+00:00,4.99,3.0488425925925924,0
355980,168,71.69047619047619,16.471400878796295,2026-07-13 17:22:29+00:00,9.99,17.04738425925926,0
356040,76,78.09210526315789,36.86296651233796,2026-07-27 17:20:23+00:00,14.99,3.0488425925925924,0
356190,61,81.14754098360656,45.546354552465274,2026-06-25 18:45:02+00:00,49.99,34.99005787037037,0
356400,61,67.37704918032787,46.07870814042824,2026-07-27 17:20:23+00:00,19.99,3.0488425925925924,0
356500,37,65.27027027027027,75.90967978394676,2026-06-25 17:57:48+00:00,5.99,35.0228587962963,0
356570,72,70.80555555555556,38.490060152581016,2026-06-25 19:03:45+00:00,9.99,34.97706018518519,1
356650,58,44.13793103448276,47.943863304085646,2026-06-25 19:12:18+00:00,19.99,34.971122685185186,1
356880,79,81.21518987341773,35.03560318731481,2026-06-25 18:38:57+00:00,4.99,34.994282407407404,0
357070,55,55.74545454545454,50.90221579217592,2026-07-11 17:16:18+00:00,0.99,19.051678240740742,0
357190,64,69.84375,43.77336750439815,2026-07-20 17:19:54+00:00,24.99,10.04917824074074,0
357280,46,73.91304347826087,60.72837885802083,2026-06-25 18:38:57+00:00,4.99,34.994282407407404,0
357290,81,65.01234567901234,34.15996918402778,2026-06-25 19:08:27+00:00,4.99,34.9737962962963,0
357900,87,49.793103448275865,31.985162171608795,2026-07-13 17:22:29+00:00,0.99,17.04738425925926,0
358130,73,73.3013698630137,38.20449926054398,2026-07-13 17:22:29+00:00,14.99,17.04738425925926,0
358310,29,65.03448275862068,69.99951016864583,2026-06-25 18:15:16+00:00,1.99,35.010729166666664,0
359100,43,66.3953488372093,65.06612185846065,2026-06-25 18:39:03+00:00,24.99,34.99421296296296,0
359230,27,82.48148148148148,105.10469818375,2026-06-25 17:19:54+00:00,19.99,35.049178240740744,0
359310,35,67.28571428571429,80.37603247548611,2026-06-25 18:50:33+00:00,19.99,34.98622685185185,1
359320,76,73.51315789473684,36.43702746913194,2026-06-25 18:38:58+00:00,19.99,34.99427083333333,0
359510,61,63.85245901639344,40.63685011574074,2026-06-25 18:39:03+00:00,19.99,34.99421296296296,0
359550,66,59.65151515151515,35.98039939458333,2025-05-27 17:25:23+00:00,19.99,429.0453703703704,0
359600,68,69.0,40.78759380181713,2026-06-25 18:27:03+00:00,9.99,35.002546296296295,0
359610,68,69.0,40.78759380181713,2026-06-25 18:27:03+00:00,9.99,35.002546296296295,0
359840,67,84.23880597014926,41.72305678310185,2026-07-16 17:19:19+00:00,15.99,14.049583333333333,0
359870,40,53.75,69.71093245488426,2026-06-11 17:25:58+00:00,29.99,49.04496527777778,1
359900,45,89.33333333333333,62.107381628784715,2026-06-25 17:23:42+00:00,14.99,35.046539351851855,0
360170,70,76.71428571428571,39.4018292069213,2026-06-11 17:25:45+00:00,14.99,49.04511574074074,0
360430,76,69.23684210526316,36.43725694444444,2026-06-25 19:03:45+00:00,29.99,34.97706018518519,0
360640,46,52.43478260869565,60.727868055555554,2026-06-25 18:05:51+00:00,2.99,35.01726851851852,1
360740,55,65.43636363636364,51.19856460047453,2026-07-27 17:20:23+00:00,2.99,3.0488425925925924,0
360830,73,81.3013698630137,33.496104359560185,2025-08-08 17:16:06+00:00,19.99,356.0518171296296,0
360890,62,74.33870967741936,45.0938351927662,2026-07-13 17:22:29+00:00,4.99,17.04738425925926,0
360940,42,79.28571428571429,58.50535569105324,2025-07-26 17:16:12+00:00,9.99,369.0517476851852,0
360970,39,51.82051282051282,64.10407468322917,2026-07-22 17:16:11+00:00,0.99,8.05175925925926,0
361190,73,76.9041095890411,38.20449926054398,2026-07-13 17:22:29+00:00,4.99,17.04738425925926,0
361280,60,61.21666666666667,46.75795040803241,2026-07-21 17:15:28+00:00,12.99,9.052256944444444,0
361300,53,77.73584905660377,53.167740162037035,2026-07-27 17:20:23+00:00,14.99,3.0488425925925924,0
361420,61,49.85245901639344,45.54570659722222,2026-06-25 17:49:03+00:00,29.99,35.02893518518518,0
361550,34,75.73529411764706,79.84090102412037,2026-03-19 17:59:37+00:00,12.99,133.02159722222223,0
361690,39,65.51282051282051,71.91443347952547,2026-06-25 17:57:48+00:00,9.99,35.0228587962963,0
361890,67,51.74626865671642,41.4058359637963,2026-06-25 18:50:39+00:00,0.99,34.986157407407404,1
361990,39,71.7948717948718,71.91381396197916,2026-06-25 17:23:54+00:00,9.99,35.046400462962964,0
362130,84,85.44047619047619,32.92492372266204,2026-06-25 18:26:53+00:00,9.99,35.002662037037034,0
362610,32,67.1875,88.15241972819445,2026-06-25 17:24:01+00:00,3.99,35.04631944444444,0
362680,46,68.80434782608695,60.7272224794213,2026-06-25 17:24:01+00:00,14.99,35.04631944444444,0
362890,52,66.0576923076923,53.58294049563657,2026-06-25 17:31:09+00:00,19.99,35.041365740740744,0
362930,78,78.87179487179488,35.49071654039352,2026-06-25 18:50:39+00:00,4.99,34.986157407407404,1
362960,68,67.58823529411765,40.78802186981482,2026-06-25 19:08:21+00:00,29.99,34.97386574074074,1
363150,30,67.66666666666667,95.33525941890046,2026-07-27 17:20:26+00:00,59.99,3.0488078703703705,0
363440,60,60.233333333333334,46.31854696327546,2026-06-25 19:03:45+00:00,14.99,34.97706018518519,0
363490,55,50.74545454545454,50.607414266111114,2026-06-25 19:12:32+00:00,1.99,34.97096064814815,0
363600,81,88.27160493827161,34.42152184606481,2026-07-16 17:19:19+00:00,9.99,14.049583333333333,0
363680,21,72.38095238095238,38.63966087962963,2021-02-11 19:02:14+00:00,19.99,1994.9781134259258,0
363890,80,81.075,34.85723731246528,2026-07-16 17:19:19+00:00,79.99,14.049583333333333,0
363930,82,85.04878048780488,33.92246827846065,2026-07-10 17:16:42+00:00,14.99,20.051400462962963,0
364050,44,82.56818181818181,57.39283941644676,2025-12-18 19:48:52+00:00,3.99,223.94572916666667,0
364360,56,75.26785714285714,49.68670433501158,2026-06-25 18:26:59+00:00,59.99,35.00259259259259,1
364420,38,50.26315789473684,73.85739583333333,2026-06-25 17:22:03+00:00,9.99,35.04768518518519,0
364690,32,84.75,88.95877912186343,2026-07-20 17:19:54+00:00,4.99,10.04917824074074,0
365160,31,78.96774193548387,91.09202507715278,2026-06-25 18:15:29+00:00,14.99,35.0105787037037,0
365360,63,54.20634920634921,44.31806339605324,2026-07-10 17:16:42+00:00,29.99,20.051400462962963,0
365450,76,82.36842105263158,36.70293533950231,2026-07-15 17:17:01+00:00,9.99,15.051180555555556,0
365590,59,76.62711864406779,47.42627494412037,2026-07-13 17:22:29+00:00,29.99,17.04738425925926,0
365820,54,74.44444444444444,51.43815186057871,2026-07-24 00:18:17+00:00,12.99,6.758634259259259,0
365960,44,68.36363636363636,63.22619024547454,2026-06-11 17:25:42+00:00,29.99,49.045150462962965,0
366090,21,29.047619047619047,102.99494733796296,2026-06-25 17:23:50+00:00,24.95,35.04644675925926,0
366220,62,57.33870967741935,45.110158242256944,2026-07-14 17:16:18+00:00,29.99,16.051678240740742,0
366250,43,56.97674418604651,63.531013558194445,2026-04-22 07:15:42+00:00,7.99,99.46876157407408,1
366320,59,79.64406779661017,47.116704781284724,2026-06-25 18:27:11+00:00,9.99,35.0024537037037,0
366690,75,57.46666666666667,36.92952952952546,2026-06-25 18:50:40+00:00,18.99,34.98614583333333,0
366760,63,73.63492063492063,44.51160674282407,2026-07-22 17:16:15+00:00,29.99,8.051712962962963,0
366870,73,61.21917808219178,37.9550670331713,2026-06-25 18:21:21+00:00,14.99,35.00650462962963,1
367450,50,86.5,56.40246197089121,2026-07-26 17:17:43+00:00,9.99,4.050694444444445,0
367500,61,78.49180327868852,45.96203587962963,2026-07-20 17:19:54+00:00,29.99,10.04917824074074,0
367520,43,48.883720930232556,65.06500027556713,2026-06-25 17:31:13+00:00,14.99,35.04131944444445,0
367580,79,21.253164556962027,35.44516055317129,2026-07-27 17:20:26+00:00,2.99,3.0488078703703705,0
367670,16,33.0,121.05158179011573,2023-12-21 18:34:10+00:00,2.99,951.9976041666666,0
368070,78,77.51282051282051,35.490398328518516,2026-06-25 18:15:22+00:00,19.99,35.01065972222222,0
368180,10,70.3,282.6403858024653,2025-12-18 18:19:24+00:00,3.99,224.0078587962963,0
368260,34,73.0,38.48407337260417,2026-06-25 18:09:25+00:00,59.99,35.01479166666667,0
368340,52,44.28846153846154,53.58386710239583,2026-06-25 18:39:12+00:00,19.99,34.994108796296295,0
368360,5,65.0,43.99220775462963,2019-06-25 23:15:07+00:00,9.99,2591.8025,0
368370,74,65.0,37.87291127599537,2026-07-27 17:20:26+00:00,9.99,3.0488078703703705,0
368390,73,58.16438356164384,38.19054623199074,2026-07-12 17:15:50+00:00,14.99,18.052002314814814,0
368500,73,74.10958904109589,37.95524273405093,2026-06-25 18:39:34+00:00,29.99,34.993854166666665,1
368590,11,66.36363636363636,72.17920601851853,2020-12-22 19:00:34+00:00,4.99,2045.9792708333334,0
368620,41,47.5609756097561,68.31858015046296,2026-06-25 17:50:13+00:00,19.99,35.028125,0
368730,74,73.0945945945946,37.43553795662037,2026-06-25 19:03:45+00:00,14.99,34.97706018518519,1
368990,8,51.0,103.11360615078705,2020-12-22 19:05:09+00:00,0.99,2045.976087962963,0
369000,63,39.87301587301587,44.382575044791665,2026-07-14 17:16:18+00:00,0.99,16.051678240740742,0
369070,82,80.01219512195122,33.92246827846065,2026-07-10 17:16:42+00:00,12.99,20.051400462962963,0
369990,73,72.26027397260275,37.95475951645833,2026-06-25 17:49:28+00:00,19.99,35.028645833333336,0
370020,63,57.38095238095238,44.637949335416664,2026-07-30 13:16:07+00:00,9.99,0.21847222222222223,0
370360,52,49.32692307692308,53.583865286851854,2026-06-25 18:39:04+00:00,6.99,34.99420138888889,0
370510,21,75.0,39.73823842592592,2021-03-05 18:21:16+00:00,1.99,1973.0065625,0
370910,39,79.74358974358974,71.91529300681714,2026-06-25 18:44:50+00:00,9.99,34.99019675925926,1
371140,47,71.91489361702128,59.40819847020834,2026-06-25 18:39:04+00:00,19.99,34.99420138888889,0
371200,16,74.8125,53.64820061728009,2021-03-15 17:21:08+00:00,14.99,1963.0483217592594,0
371520,77,88.32467532467533,36.233181042881945,2026-07-16 17:19:20+00:00,9.99,14.049571759259258,0
371570,81,67.8641975308642,34.55903153935186,2026-07-27 17:20:26+00:00,2.99,3.0488078703703705,0
371660,69,77.33333333333333,40.18765471813658,2026-06-25 18:15:09+00:00,29.99,35.010810185185186,1
371970,50,42.16,55.771310704826384,2026-06-25 19:03:41+00:00,19.99,34.977106481481485,1
372360,57,73.24561403508773,49.35215422453704,2026-07-26 17:17:43+00:00,19.99,4.050694444444445,0
373180,19,42.89473684210526,151.81788258744214,2026-06-25 17:19:31+00:00,19.99,35.04944444444445,0
373390,38,23.289473684210527,68.86351726725694,2026-06-25 17:31:10+00:00,12.99,35.041354166666665,0
373420,58,72.32758620689656,47.94339546783565,2026-06-25 18:33:54+00:00,39.99,34.99778935185185,1
373770,70,58.714285714285715,39.60522829440972,2026-06-25 18:15:29+00:00,2.99,35.0105787037037,0
373930,61,68.11475409836065,45.54594290122685,2026-06-25 18:09:28+00:00,19.99,35.01475694444444,0
374040,69,67.2463768115942,39.98126770151621,2026-06-11 17:25:44+00:00,19.99,49.04512731481481,0
374080,59,59.40677966101695,47.357318805868054,2026-07-09 17:23:16+00:00,6.99,21.04684027777778,0
374320,34,64.94117647058823,80.80985374578704,2026-04-20 17:24:15+00:00,59.99,101.0461574074074,0
374830,13,75.76923076923077,75.48300347222222,2021-06-24 19:06:18+00:00,9.99,1861.9752893518519,0
374900,80,85.675,34.996487634780095,2026-07-27 17:20:26+00:00,14.99,3.0488078703703705,0
375010,87,78.32183908045977,31.985162171608795,2026-07-13 17:22:29+00:00,2.99,17.04738425925926,0
375460,70,77.97142857142858,39.86556444577546,2026-07-13 17:22:29+00:00,2.99,17.04738425925926,0
375480,40,42.225,70.06984745962963,2026-06-25 17:22:38+00:00,13.99,35.047280092592594,0
375510,53,50.75471698113208,52.55385327634259,2026-06-25 19:12:32+00:00,1.99,34.97096064814815,0
375530,60,62.083333333333336,46.318601106400465,2026-06-25 19:08:21+00:00,24.99,34.97386574074074,0
375820,53,56.81132075471698,52.553406339027774,2026-06-25 18:39:04+00:00,14.99,34.99420138888889,1
375910,63,79.12698412698413,44.076915882615744,2026-06-25 18:27:03+00:00,39.99,35.002546296296295,0
376210,39,31.435897435897434,71.913775889375,2026-06-25 17:21:49+00:00,19.99,35.047847222222224,0
376300,50,86.62,55.770269982986115,2026-06-25 17:50:15+00:00,29.99,35.02810185185185,0
377160,57,63.333333333333336,49.423628265532415,2026-07-30 17:21:23+00:00,19.99,0.04814814814814815,0
377310,52,50.75,53.58432098765046,2026-06-25 19:12:32+00:00,1.99,34.97096064814815,0
377530,27,50.0,98.3370864494213,2026-06-25 17:19:53+00:00,16.99,35.04918981481482,0
377840,41,54.146341463414636,67.96815914351852,2026-06-11 17:25:58+00:00,20.99,49.04496527777778,1
377900,28,56.785714285714285,97.58332733195603,2026-03-19 17:59:46+00:00,9.99,133.02149305555557,0
378100,6,43.333333333333336,145.20327777777777,2022-10-25 17:32:08+00:00,1.99,1374.0406828703703,0
378540,70,79.28571428571429,39.90901100375,2026-07-16 17:19:20+00:00,14.99,14.049571759259258,0
378610,56,78.30357142857143,49.6867853535301,2026-06-25 18:33:24+00:00,14.99,34.998136574074074,0
378720,52,64.51923076923077,53.58283405954861,2026-06-25 17:23:20+00:00,19.99,35.04679398148148,0
379430,68,69.41176470588235,40.787776914039355,2026-06-25 18:44:43+00:00,29.99,34.99027777777778,0
379720,62,70.62903225806451,45.37251119459491,2026-07-30 17:21:23+00:00,19.99,0.04814814814814815,0
380150,75,58.14666666666667,36.9296971971875,2026-06-25 19:08:32+00:00,7.99,34.97373842592592,1
380750,78,76.1025641025641,35.74961234366898,2026-07-15 17:17:01+00:00,19.99,15.051180555555556,0
381120,60,48.416666666666664,46.31819032484954,2026-06-25 18:33:27+00:00,4.99,34.99810185185185,0
381210,66,56.666666666666664,41.90338621793982,2026-06-16 17:16:57+00:00,19.99,44.05122685185185,0
381780,58,55.08620689655172,47.94254264131945,2026-06-25 17:23:54+00:00,12.99,35.046400462962964,0
382080,77,63.36363636363637,36.1937361415625,2026-07-13 17:22:29+00:00,4.99,17.04738425925926,0
382110,6,30.166666666666668,108.35490972222222,2020-06-25 18:35:21+00:00,14.99,2225.9967824074074,0
382140,82,89.08536585365853,33.99656492912037,2026-07-16 17:19:20+00:00,9.99,14.049571759259258,0
382300,33,57.15151515151515,84.30882342303241,2026-06-25 19:08:21+00:00,2.99,34.97386574074074,0
382310,47,18.19148936170213,56.02185361311343,2026-06-25 17:49:34+00:00,29.99,35.02857638888889,1
382420,55,81.9090909090909,50.88370241768518,2026-07-10 17:16:42+00:00,14.99,20.051400462962963,0
382560,47,56.48936170212766,53.41310990337963,2026-06-11 17:25:42+00:00,19.99,49.045150462962965,0
383120,56,52.410714285714285,50.06766835016204,2026-07-16 17:19:20+00:00,19.99,14.049571759259258,0
383150,73,81.16438356164383,37.95529240611111,2026-06-25 18:44:43+00:00,19.99,34.99027777777778,0
383180,74,81.01351351351352,37.435356893703705,2026-06-25 18:44:43+00:00,19.99,34.99027777777778,0
383230,28,78.21428571428571,56.878937757199076,2023-03-16 17:33:06+00:00,12.99,1232.040011574074,0
383270,69,79.27536231884058,40.701811512789355,2026-07-30 17:21:23+00:00,14.99,0.04814814814814815,0
383330,52,50.75,53.58432098765046,2026-06-25 19:12:32+00:00,1.99,34.97096064814815,0
383580,65,35.723076923076924,43.167662398726854,2026-07-25 17:31:46+00:00,4.99,5.0409375,0
383870,29,76.55172413793103,96.35061797288195,2026-06-25 17:20:35+00:00,19.99,35.0487037037037,0
383980,54,50.75925925925926,51.56183263451389,2026-06-25 18:39:04+00:00,29.99,34.99420138888889,1
384110,57,89.47368421052632,48.798624958657406,2026-06-25 17:21:07+00:00,12.99,35.04833333333333,0
384190,73,63.28767123287671,37.760086162546294,2026-06-11 17:25:44+00:00,19.99,49.04512731481481,0
384300,76,48.421052631578945,35.12999830246528,2026-03-19 17:59:49+00:00,16.99,133.02145833333333,0
384360,17,55.76470588235294,136.93566550925925,2026-06-25 17:19:53+00:00,1.87,35.04918981481482,0
384490,68,75.07352941176471,40.787210820891204,2026-06-25 17:50:06+00:00,29.99,35.02820601851852,1
384500,69,82.8840579710145,40.46646548202546,2026-07-14 17:16:18+00:00,9.99,16.051678240740742,0
384570,72,89.88888888888889,38.78481351068287,2026-07-16 17:19:20+00:00,7.99,14.049571759259258,0
384740,59,79.22033898305085,47.11684706256944,2026-06-25 18:39:04+00:00,9.99,34.99420138888889,1
385070,38,88.52631578947368,72.26275932181713,2026-04-27 17:19:49+00:00,5.99,94.04923611111111,0
385080,60,59.2,46.318650345254625,2026-06-25 19:12:32+00:00,1.99,34.97096064814815,0
385150,72,54.041666666666664,36.26354590505787,2026-07-13 17:22:29+00:00,4.99,17.04738425925926,0
385270,3,30.0,176.37954282407406,2019-12-19 18:13:05+00:00,3.99,2415.0122453703702,0
385380,68,16.102941176470587,40.78729615809028,2026-06-25 17:58:20+00:00,14.99,35.02248842592593,0
385400,69,55.608695652173914,40.45182274645833,2026-07-13 17:22:29+00:00,5.99,17.04738425925926,0
385600,54,68.61111111111111,51.560924615648155,2026-06-25 17:29:46+00:00,3.99,35.04232638888889,0
385800,64,54.84375,43.37664756025463,2026-06-25 17:29:28+00:00,2.99,35.04253472222222,0
385830,2,51.0,36.02439814814815,2020-12-22 18:57:06+00:00,0.99,2045.9816782407408,0
386070,42,61.714285714285715,66.65180583784722,2026-06-25 17:22:37+00:00,29.99,35.047291666666666,0
386280,84,69.70238095238095,33.23757920570602,2026-07-21 17:15:28+00:00,29.99,9.052256944444444,0
386620,77,73.79220779220779,35.95748340033565,2026-06-25 18:26:59+00:00,14.99,35.00259259259259,0
386880,11,52.27272727272727,108.67850462962964,2021-12-22 18:50:28+00:00,4.99,1680.9862847222223,0
386940,59,53.3728813559322,47.11670079021991,2026-06-25 18:26:51+00:00,14.99,35.002685185185186,1
387290,54,72.96296296296296,51.56206586303241,2026-06-25 18:56:52+00:00,19.99,34.98184027777778,0
387340,52,60.94230769230769,53.58329429918981,2026-06-25 17:57:08+00:00,14.99,35.02332175925926,1
387840,13,31.692307692307693,228.22661747685186,2026-07-01 17:15:57+00:00,0.99,29.051921296296296,0
387990,34,33.588235294117645,82.81023849606481,2026-06-25 17:42:32+00:00,19.99,35.03346064814815,0
388080,27,49.074074074074076,105.10495726495371,2026-06-25 17:29:36+00:00,6.99,35.04244212962963,0
388090,2,75.0,186.20835648148147,2020-06-26 22:35:20+00:00,7.99,2224.830127314815,0
388160,52,50.75,53.58432098765046,2026-06-25 19:12:32+00:00,1.99,34.97096064814815,0
388210,32,71.625,88.1525448028588,2026-06-25 17:29:36+00:00,14.99,35.04244212962963,0
388410,60,76.25,46.198663488692134,2026-06-18 17:18:27+00:00,29.99,42.050185185185185,1
388750,75,85.0,36.03682823447917,2026-04-20 17:24:25+00:00,29.99,101.04604166666667,0
388880,29,64.3103448275862,78.8113905423264,2025-01-15 17:15:16+00:00,9.99,561.0523958333333,0
389140,36,63.916666666666664,51.02245965607639,2023-11-21 18:51:58+00:00,19.99,981.9852430555555,0
389170,36,35.833333333333336,71.54396858465277,2026-06-25 18:15:10+00:00,14.99,35.01079861111111,0
389730,57,72.96491228070175,48.799591600520834,2026-06-25 18:39:04+00:00,39.99,34.99420138888889,0
390030,21,69.23809523809524,90.7883582175926,2023-12-21 18:24:43+00:00,14.99,952.0041666666667,0
390290,41,78.82926829268293,68.91798090277777,2026-07-19 17:15:42+00:00,8.99,11.052094907407408,0
390710,79,46.55696202531646,35.03570750237269,2026-06-25 18:50:40+00:00,8.99,34.98614583333333,0
391070,52,50.75,53.58432098765046,2026-06-25 19:12:32+00:00,1.99,34.97096064814815,0
391220,25,78.0,33.65525993440972,2021-03-18 17:25:47+00:00,9.99,1960.0450925925925,0
391260,21,75.0,39.73823842592592,2021-03-05 18:21:16+00:00,1.99,1973.0065625,0
391420,42,63.61904761904762,66.65175615401621,2026-06-25 17:19:41+00:00,1.99,35.0493287037037,0
391540,40,70.65,70.76204148859954,2026-07-22 17:16:15+00:00,9.99,8.051712962962963,0
391660,39,88.53846153846153,69.33533290690973,2026-03-19 17:49:25+00:00,5.99,133.02868055555555,0
391720,30,80.66666666666667,94.74896312260417,2026-07-10 17:16:42+00:00,19.99,20.051400462962963,0
392110,68,73.44117647058823,40.78797280956019,2026-06-25 19:03:37+00:00,39.99,34.977152777777775,0
392160,67,51.80597014925373,40.87746054292824,2026-06-25 18:56:52+00:00,49.99,34.98184027777778,1
392280,78,85.38461538461539,35.76262025011574,2026-07-16 17:19:20+00:00,6.99,14.049571759259258,0
393080,57,43.719298245614034,48.79929584159723,2026-06-25 18:15:13+00:00,39.99,35.01076388888889,0
393380,52,37.84615384615385,53.58410698075231,2026-06-25 18:56:49+00:00,39.99,34.981875,1
393420,36,56.666666666666664,78.07785813491898,2026-06-25 17:24:03+00:00,24.99,35.0462962962963,0
393430,45,69.66666666666667,62.10792824074074,2026-06-25 17:58:20+00:00,14.99,35.02248842592593,0
393520,66,64.33333333333333,42.04253614671296,2026-06-25 18:21:23+00:00,19.99,35.00648148148148,0
394310,73,72.5068493150685,37.9554759837963,2026-06-25 19:03:45+00:00,9.99,34.97706018518519,1
394360,71,70.66197183098592,38.83894907407408,2026-06-11 17:26:04+00:00,49.99,49.044895833333335,0
394510,46,66.84782608695652,60.727313786006945,2026-06-25 17:29:56+00:00,19.99,35.04221064814815,0
394690,51,33.19607843137255,54.65486458333333,2026-06-25 17:50:15+00:00,19.99,35.02810185185185,0
394870,102,52.588235294117645,26.95064413732639,2026-06-25 18:33:58+00:00,0.99,34.99774305555555,0
394970,21,71.66666666666667,136.6362025462963,2026-06-25 17:22:38+00:00,9.99,35.047280092592594,0
395170,80,84.0375,34.59207073370371,2026-06-25 18:33:58+00:00,4.99,34.99774305555555,0
395200,36,68.19444444444444,78.07783664020833,2026-06-25 17:22:58+00:00,9.99,35.04704861111111,0
396160,64,69.75,43.377155349791664,2026-06-25 18:15:32+00:00,1.99,35.01054398148148,0
396480,68,73.67647058823529,41.05558164040509,2026-07-13 17:22:31+00:00,9.99,17.047361111111112,0
396710,50,70.62,56.05560303287037,2026-07-09 17:23:21+00:00,14.99,21.046782407407406,0
396750,60,85.83333333333333,46.63931614877315,2026-07-14 17:16:18+00:00,19.99,16.051678240740742,0
396900,63,76.01587301587301,44.07705047789352,2026-06-25 18:39:04+00:00,29.99,34.99420138888889,0
397060,74,66.08108108108108,37.43553795662037,2026-06-25 19:03:45+00:00,19.99,34.97706018518519,1
397340,49,63.57142857142857,56.93174334490741,2026-06-25 17:22:06+00:00,12.99,35.04765046296296,0
397460,61,51.80327868852459,45.54622646604167,2026-06-25 18:33:58+00:00,24.99,34.99774305555555,0
397500,66,69.86363636363636,42.04247382478009,2026-06-25 18:15:33+00:00,1.99,35.01053240740741,0
397540,62,79.08064516129032,38.19619099119213,2026-07-27 17:20:32+00:00,59.99,3.048738425925926,0
397740,31,48.774193548387096,91.27125887344907,2026-07-01 03:18:23+00:00,2.99,29.633564814814815,0
397950,73,70.32876712328768,37.9554759837963,2026-06-25 19:03:45+00:00,14.99,34.97706018518519,1
398710,55,51.07272727272727,50.93933277605325,2026-07-13 17:22:31+00:00,0.99,17.047361111111112,0
398850,81,66.67901234567901,34.39649565972222,2026-07-14 17:16:18+00:00,14.99,16.051678240740742,0
399090,50,70.12,38.99427437641204,2024-03-25 17:16:00+00:00,2.99,857.051886574074,0
399670,82,75.0,33.95955518403935,2026-07-13 17:22:31+00:00,2.99,17.047361111111112,0
399790,65,69.78461538461538,42.69938747829861,2026-06-25 18:15:33+00:00,1.99,35.01053240740741,0
399810,73,70.5068493150685,38.246135545266206,2026-07-16 17:19:20+00:00,19.99,14.049571759259258,0
399820,13,79.61538461538461,72.16922646604166,2021-06-24 19:07:09+00:00,5.99,1861.9746990740741,0
400080,59,64.37288135593221,45.43655212324074,2026-07-12 17:15:53+00:00,14.99,18.051967592592593,0
400110,16,71.25,182.1814675925926,2026-06-25 17:19:42+00:00,24.99,35.04931712962963,1
400170,45,89.33333333333333,62.107376630891196,2026-06-25 17:23:23+00:00,44.99,35.04675925925926,0
400240,39,47.05128205128205,64.10407590155093,2026-07-22 17:16:15+00:00,1.99,8.051712962962963,0
400250,47,45.61702127659574,59.993904740335644,2026-07-22 17:16:15+00:00,1.99,8.051712962962963,0
400370,86,74.66279069767442,32.36145846949074,2026-07-13 17:22:31+00:00,2.99,17.047361111111112,0
400510,71,67.35211267605634,39.29605671296296,2026-07-13 17:22:31+00:00,1.99,17.047361111111112,0
400630,22,67.27272727272727,36.79956845237269,2021-02-11 18:58:57+00:00,14.99,1994.9803935185184,0
400740,71,56.19718309859155,39.28170486111111,2026-07-12 17:15:51+00:00,0.99,18.05199074074074,0
400750,21,75.71428571428571,48.93858275462963,2026-07-27 17:20:32+00:00,34.99,3.048738425925926,0
400790,71,63.59154929577465,39.29605671296296,2026-07-13 17:22:31+00:00,10.99,17.047361111111112,0
400910,65,56.93846153846154,42.699768699363425,2026-06-25 18:50:41+00:00,17.99,34.98613425925926,0
400940,33,55.84848484848485,83.8350415943287,2026-05-06 17:18:43+00:00,14.99,85.05,0
401190,85,52.05882352941177,32.74671392746528,2026-07-13 17:22:31+00:00,0.99,17.047361111111112,0
401680,88,86.86363636363636,31.64046149957176,2026-07-15 17:17:01+00:00,8.99,15.051180555555556,0
402130,81,80.18518518518519,34.5091082175926,2026-07-23 17:29:16+00:00,29.99,7.042673611111111,0
402180,89,55.561797752808985,31.05404934763889,2026-06-25 18:09:08+00:00,9.99,35.01498842592593,0
402330,92,74.21739130434783,30.22773593304398,2026-07-13 17:22:31+00:00,2.99,17.047361111111112,0
402390,71,74.5774647887324,39.03943998015046,2026-06-25 18:15:33+00:00,9.99,35.01053240740741,0
403120,77,61.36363636363637,36.193736446145834,2026-07-13 17:22:31+00:00,6.49,17.047361111111112,0
403190,80,44.625,34.81929075831019,2026-07-13 17:22:31+00:00,14.99,17.047361111111112,0
403560,55,50.74545454545454,50.607414266111114,2026-06-25 19:12:32+00:00,1.99,34.97096064814815,0
403640,58,75.93103448275862,48.55654706789352,2026-07-30 17:21:23+00:00,29.99,0.04814814814814815,0
403900,54,50.74074074074074,51.562271139062496,2026-06-25 19:12:32+00:00,1.99,34.97096064814815,0
404540,19,63.1578947368421,85.31842592592592,2023-03-16 17:33:36+00:00,19.99,1232.0396643518518,0
404590,57,72.87719298245614,48.79907655422454,2026-06-25 17:57:32+00:00,29.99,35.02304398148148,0
404680,59,64.40677966101696,46.995192169537034,2026-06-18 17:18:27+00:00,19.99,42.050185185185185,0
404730,50,69.28,55.7711252834375,2026-06-25 18:50:36+00:00,29.99,34.98619212962963,0
405310,61,76.39344262295081,46.07870891203704,2026-07-27 17:20:27+00:00,19.99,3.0487962962962962,0
405640,37,75.48648648648648,70.66019579474538,2025-12-18 18:24:33+00:00,4.99,224.0042824074074,0
405710,45,64.35555555555555,62.10747921927083,2026-06-25 17:29:53+00:00,19.99,35.042245370370374,0
405820,49,71.53061224489795,57.30674913194444,2026-07-13 17:22:30+00:00,19.99,17.047372685185184,0
405830,49,64.89795918367346,57.30674913194444,2026-07-13 17:22:30+00:00,19.99,17.047372685185184,0
405900,54,74.44444444444444,51.56129476763889,2026-06-25 17:58:01+00:00,19.99,35.022708333333334,0
406150,45,70.35555555555555,62.03915535563657,2026-06-22 17:20:53+00:00,2.99,38.04849537037037,0
406290,32,56.875,87.02636424730323,2026-06-25 17:30:43+00:00,9.99,35.041666666666664,0
406350,34,52.88235294117647,82.38564183501157,2026-06-11 17:25:42+00:00,24.99,49.045150462962965,0
406970,36,80.33333333333333,78.07799570105324,2026-06-25 17:30:59+00:00,9.99,35.04148148148148,1
407050,33,67.72727272727273,84.18678638599538,2026-06-25 17:31:01+00:00,4.99,35.04145833333333,0
407130,60,65.68333333333334,39.55996449309028,2026-07-12 17:15:51+00:00,19.99,18.05199074074074,1
407230,64,69.75,43.37722056877315,2026-06-25 18:21:27+00:00,1.99,35.00643518518518,0
407330,88,55.43181818181818,31.41099217751157,2026-06-25 18:09:06+00:00,19.99,35.01501157407407,0
407530,28,61.964285714285715,101.2635189471875,2026-06-27 02:45:37+00:00,14.99,33.65631944444444,0
407560,87,51.735632183908045,31.98521735033565,2026-07-13 17:29:19+00:00,14.99,17.042638888888888,0
407810,65,89.6923076923077,42.69889521846065,2026-06-25 17:30:11+00:00,19.99,35.04203703703703,1
407840,40,17.3,70.06997507121528,2026-06-25 17:29:48+00:00,0.99,35.04230324074074,0
408410,73,78.5068493150685,37.76008793081019,2026-06-11 17:25:55+00:00,19.99,49.045,0
409710,23,70.82608695652173,35.762033880462965,2021-02-25 18:21:14+00:00,19.99,1981.006585648148,0
409720,73,77.71232876712328,37.9551842206713,2026-06-25 18:33:30+00:00,19.99,34.99806712962963,0
410110,77,79.6103896103896,35.957596095266204,2026-06-25 18:39:19+00:00,9.99,34.99402777777778,0
410210,55,50.74545454545454,50.607414266111114,2026-06-25 19:12:32+00:00,1.99,34.97096064814815,0
410320,58,49.6551724137931,47.943599943136576,2026-06-25 18:50:41+00:00,19.99,34.98613425925926,1
410340,32,21.40625,89.12033527478009,2026-07-25 17:31:46+00:00,19.99,5.0409375,0
410670,15,48.6,56.48320767195602,2021-03-01 18:21:28+00:00,0.99,1977.0064236111111,0
410710,48,73.4375,58.52614238572917,2026-07-13 17:29:19+00:00,9.99,17.042638888888888,0
410900,61,43.01639344262295,46.12871971450231,2026-07-30 17:21:23+00:00,14.99,0.04814814814814815,0
410980,14,51.785714285714285,59.445681980046295,2021-02-11 19:03:10+00:00,5.99,1994.9774652777778,0
411300,62,72.54838709677419,44.68395358984954,2026-06-18 17:18:29+00:00,29.99,42.05016203703704,1
411330,54,75.0,51.428699991261574,2026-06-18 17:18:23+00:00,9.99,42.05023148148148,1
411370,49,80.40816326530613,56.931730324074074,2026-06-25 17:21:12+00:00,24.99,35.04827546296296,0
411830,50,54.4,55.7708897864699,2026-06-25 18:33:59+00:00,19.99,34.99773148148148,0
412020,58,73.08620689655173,40.74680596165509,2026-06-25 18:45:05+00:00,29.99,34.99002314814815,1
412170,34,89.76470588235294,79.8408975168287,2026-03-19 17:59:27+00:00,8.99,133.02171296296297,0
412210,20,58.0,138.14366410818286,2026-03-09 17:30:39+00:00,4.99,143.04171296296298,0
412290,55,61.70909090909091,50.607414266111114,2026-06-25 19:12:32+00:00,1.99,34.97096064814815,0
412830,55,62.63636363636363,50.60706125685185,2026-06-25 18:45:05+00:00,29.99,34.99002314814815,1
412880,56,77.73214285714286,49.68679966329861,2026-06-25 18:34:32+00:00,4.99,34.99734953703704,0
413150,47,32.170212765957444,59.407838415856475,2026-06-25 18:15:13+00:00,14.99,35.01076388888889,0
413410,54,50.851851851851855,51.56191146924768,2026-06-25 18:45:05+00:00,19.99,34.99002314814815,0
413420,55,51.21818181818182,50.60706125685185,2026-06-25 18:45:05+00:00,19.99,34.99002314814815,0
414120,15,43.733333333333334,195.19594990078704,2026-06-25 17:50:21+00:00,14.99,35.02803240740741,0
414340,60,73.01666666666667,46.318465944756944,2026-06-25 18:56:52+00:00,29.99,34.98184027777778,0
414580,19,84.47368421052632,44.70683384773148,2021-03-15 17:21:08+00:00,4.99,1963.0483217592594,0
414700,51,80.58823529411765,54.65554675925926,2026-06-25 18:39:22+00:00,19.99,34.993993055555556,0
414740,45,69.13333333333334,62.493621369942126,2026-07-12 17:15:51+00:00,9.99,18.05199074074074,0
415200,50,79.5,55.74941704459491,2026-06-24 17:18:52+00:00,19.99,36.04989583333333,0
415880,21,70.71428571428571,100.3501111111111,2024-06-30 00:03:12+00:00,14.99,760.7691087962963,0
415960,89,78.15730337078652,31.258226799236112,2026-07-13 17:22:30+00:00,2.99,17.047372685185184,0
416080,21,90.0,39.73823842592592,2021-03-05 18:21:16+00:00,4.99,1973.0065625,0
416590,78,58.32051282051282,35.723749248425925,2026-07-13 17:29:19+00:00,4.99,17.042638888888888,0
416600,44,75.61363636363636,63.55174445520833,2026-06-25 17:24:01+00:00,19.99,35.04631944444444,0
416680,60,89.5,46.31737307752315,2026-06-25 17:24:01+00:00,12.99,35.04631944444444,0
417290,37,60.45945945945946,75.90966338733797,2026-06-25 17:56:57+00:00,19.99,35.02344907407407,0
417430,77,85.7012987012987,36.29893518518519,2026-07-21 17:15:28+00:00,14.99,9.052256944444444,0
417910,12,48.25,200.63392676767361,2026-07-11 17:16:19+00:00,1.99,19.051666666666666,1
418030,63,20.555555555555557,44.43096904868056,2026-07-17 17:16:55+00:00,13.99,13.05125,0
418070,53,50.735849056603776,52.55385327634259,2026-06-25 19:12:32+00:00,1.99,34.97096064814815,0
418180,62,69.91935483870968,45.09383538251157,2026-07-13 17:22:30+00:00,14.99,17.047372685185184,0
418240,79,84.68354430379746,35.3041251187037,2026-07-16 17:19:20+00:00,39.99,14.049571759259258,0
418340,8,57.25,393.67415178570604,2026-07-18 17:15:27+00:00,19.99,12.052268518518519,0
418370,71,58.88732394366197,39.39603207671296,2026-07-20 17:20:02+00:00,19.99,10.049085648148148,0
418460,64,76.625,43.67676164755787,2026-07-14 15:15:49+00:00,24.99,16.135347222222222,0
418530,34,43.38235294117647,63.4902192059375,2026-06-25 17:22:37+00:00,19.99,35.047291666666666,0
418650,45,42.644444444444446,62.47090119949074,2026-07-11 17:16:18+00:00,14.99,19.051678240740742,0
418670,16,67.3125,52.850985339502316,2021-03-03 18:21:17+00:00,11.99,1975.006550925926,0
418950,49,69.53061224489795,57.30674913194444,2026-07-13 17:22:30+00:00,6.99,17.047372685185184,0
419480,90,81.5,30.98564320640046,2026-07-20 17:20:02+00:00,34.99,10.049085648148148,0
420060,71,85.67605633802818,39.253141865069445,2026-07-10 17:16:42+00:00,4.99,20.051400462962963,0
420110,65,54.92307692307692,42.69938241464121,2026-06-25 18:15:05+00:00,9.99,35.01085648148148,0
420530,57,40.08771929824562,48.7991656332639,2026-06-25 18:04:43+00:00,9.99,35.018055555555556,1
420560,38,42.23684210526316,55.300944381875,2026-06-25 18:21:29+00:00,24.99,35.00641203703704,1
420740,82,52.926829268292686,33.99656492912037,2026-07-16 17:19:20+00:00,0.99,14.049571759259258,0
420970,82,72.95121951219512,34.05826017375,2026-07-21 17:15:28+00:00,7.99,9.052256944444444,0
421040,81,67.61728395061728,34.55903168402778,2026-07-27 17:20:27+00:00,2.99,3.0487962962962962,0
421050,83,87.16867469879519,33.58197267388889,2026-07-16 17:19:20+00:00,19.99,14.049571759259258,0
421120,66,73.66666666666667,42.395677884606485,2026-07-18 17:15:27+00:00,19.99,12.052268518518519,0
421740,73,85.89041095890411,38.20456516846065,2026-07-13 17:29:19+00:00,14.99,17.042638888888888,0
422100,47,49.06382978723404,59.993904740335644,2026-07-22 17:16:15+00:00,0.99,8.051712962962963,0
422250,70,90.68571428571428,39.60542002146991,2026-06-25 18:34:32+00:00,4.99,34.99734953703704,0
422810,16,72.875,169.5841882715972,2025-12-18 18:18:28+00:00,19.99,224.00850694444443,0
422970,53,52.0,52.55333867520833,2026-06-25 18:34:00+00:00,9.99,34.99771990740741,0
423230,66,63.86363636363637,42.42649626068287,2026-07-20 17:20:03+00:00,19.99,10.049074074074074,0
423580,47,75.80851063829788,59.40820652173611,2026-06-25 18:39:36+00:00,19.99,34.99383101851852,0
423710,60,51.2,46.318650345254625,2026-06-25 19:12:32+00:00,1.99,34.97096064814815,0
424000,67,88.71641791044776,39.92011188270833,2026-03-19 17:27:26+00:00,4.99,133.04394675925926,0
424030,39,45.205128205128204,71.57484496832177,2026-07-17 17:16:55+00:00,29.99,13.05125,0
424370,56,62.339285714285715,49.68585711278936,2026-06-25 17:19:53+00:00,29.99,35.04918981481482,1
424840,61,75.49180327868852,46.01204301696759,2026-07-23 17:20:31+00:00,19.99,7.04875,0
425210,79,76.22784810126582,35.29128398028935,2026-07-15 17:17:01+00:00,16.99,15.051180555555556,0
425220,58,84.41379310344827,47.94345841454861,2026-06-25 18:39:04+00:00,49.99,34.99420138888889,0
425580,49,72.3265306122449,57.55688319829861,2026-07-25 17:31:46+00:00,4.99,5.0409375,0
426000,34,76.76470588235294,82.81036896744213,2026-06-25 17:48:44+00:00,6.99,35.029155092592596,0
426790,62,75.08064516129032,45.09383538251157,2026-07-13 17:22:30+00:00,9.99,17.047372685185184,0
427100,49,32.265306122448976,56.933336709097226,2026-06-25 19:12:14+00:00,29.99,34.97116898148148,0
427190,42,70.0,48.407781165300925,2024-06-07 17:15:24+00:00,19.99,783.0523032407407,0
427250,79,50.50632911392405,35.03586493945602,2026-06-25 19:08:21+00:00,14.99,34.97386574074074,1
427290,75,76.56,37.212456206203704,2026-07-16 17:19:20+00:00,39.99,14.049571759259258,0
427410,19,20.0,43.55809413579861,2026-06-25 18:05:57+00:00,34.99,35.01719907407407,0
427730,30,38.4,94.23187978927083,2026-06-25 17:23:18+00:00,9.99,35.04681712962963,0
427820,59,78.98305084745763,47.116853448275464,2026-06-25 18:39:36+00:00,7.99,34.99383101851852,0
427930,65,59.12307692307692,42.699197410300926,2026-06-25 17:58:02+00:00,4.99,35.02269675925926,0
428430,49,62.142857142857146,36.37600284528935,2026-06-25 18:50:41+00:00,0.99,34.98613425925926,1
428550,69,58.55072463768116,40.59895101443287,2026-07-23 17:29:17+00:00,9.99,7.042662037037037,0
428660,53,53.339622641509436,52.553171964027776,2026-06-25 18:21:31+00:00,24.99,35.006388888888885,0
428690,67,59.701492537313435,41.40528251261574,2026-06-25 17:58:03+00:00,19.99,35.02268518518518,0
428950,54,50.74074074074074,51.562271139062496,2026-06-25 19:12:32+00:00,1.99,34.97096064814815,0
429050,3,37.666666666666664,361.3663888888889,2020-12-23 17:35:12+00:00,14.99,2045.0385532407408,0
429520,59,58.983050847457626,47.35732359513889,2026-07-09 17:23:40+00:00,6.99,21.0465625,0
429570,43,69.90697674418605,55.83284005731481,2026-06-25 18:04:17+00:00,14.99,35.01835648148148,0
429660,46,82.93478260869566,48.2836324588426,2024-12-12 18:19:23+00:00,49.99,595.0078703703704,0
430210,25,61.96,113.86370129243055,2026-06-25 17:29:31+00:00,15.99,35.0425,0
430960,75,60.333333333333336,37.26651698572917,2026-07-20 17:20:03+00:00,9.99,10.049074074074074,0
431240,74,55.66216216216216,37.24282772069444,2026-06-11 17:26:03+00:00,14.99,49.04490740740741,0
431250,18,72.22222222222223,154.9848515795139,2026-03-19 17:49:10+00:00,9.99,133.02885416666666,0
431600,40,53.75,70.0698563627662,2026-06-25 17:23:08+00:00,19.99,35.04693287037037,0
431710,83,65.46987951807229,33.58197267388889,2026-07-16 17:19:20+00:00,1.99,14.049571759259258,0
431730,31,29.677419354838708,87.82424614196759,2026-03-19 17:27:26+00:00,19.99,133.04394675925926,0
431930,16,74.4375,182.1815594135764,2026-06-25 17:21:41+00:00,14.99,35.04793981481482,0
431940,40,52.5,55.796258606354165,2026-06-25 18:39:04+00:00,14.99,34.99420138888889,0
431960,8,18.75,280.4063574735417,2026-06-25 17:23:17+00:00,4.99,35.0468287037037,0
432100,50,54.0,56.42290958049769,2026-07-27 17:20:30+00:00,14.99,3.048761574074074,0
432350,32,41.5625,82.47241263439815,2026-06-25 17:21:09+00:00,24.99,35.04831018518519,0
432470,48,56.479166666666664,58.526041666666664,2026-07-13 17:22:30+00:00,3.99,17.047372685185184,0
433340,68,70.51470588235294,41.20490585267361,2026-07-23 17:29:19+00:00,19.99,7.042638888888889,0
433550,64,60.59375,38.60397872574074,2026-06-25 19:12:19+00:00,19.99,34.971111111111114,0
433950,85,50.67058823529412,32.533157242060184,2026-06-25 18:50:42+00:00,0.99,34.98612268518519,0
434030,31,36.83870967741935,79.16255246913194,2025-07-02 21:02:16+00:00,49.99,392.89475694444445,0
434050,47,87.12765957446808,59.9504838466088,2026-07-20 17:20:03+00:00,19.99,10.049074074074074,0
434170,60,36.5,46.318197387002314,2026-06-25 18:34:03+00:00,24.99,34.99768518518518,0
434210,88,49.79545454545455,31.61751676244213,2026-07-13 17:22:30+00:00,0.99,17.047372685185184,0
434250,57,43.98245614035088,49.24504030256945,2026-07-20 17:20:03+00:00,29.99,10.049074074074074,0
434420,62,70.61290322580645,44.79942547054398,2026-06-25 18:21:32+00:00,1.99,35.00637731481481,0
434460,41,74.29268292682927,68.31890827546296,2026-06-25 18:09:07+00:00,14.99,35.015,1
434570,85,45.45882352941177,32.755582148368056,2026-07-14 11:15:13+00:00,0.99,16.302430555555556,0
434610,35,87.57142857142857,81.16822406045138,2026-07-22 17:16:15+00:00,4.99,8.051712962962963,0
434650,69,57.46376811594203,40.43278799018518,2026-07-12 10:18:36+00:00,9.99,18.341747685185187,0
434730,84,48.98809523809524,32.92482415773148,2026-06-25 18:14:59+00:00,1.99,35.010925925925925,1
435100,59,88.64406779661017,47.63328264686343,2026-07-25 17:31:46+00:00,24.99,5.0409375,0
435120,58,43.51724137931034,47.94294570336805,2026-06-25 17:56:59+00:00,1.99,35.02342592592593,1
435150,71,58.66197183098591,39.03962351189815,2026-06-25 18:34:03+00:00,44.99,34.99768518518518,1
435400,51,56.705882352941174,54.65485694444444,2026-06-25 17:49:42+00:00,14.99,35.0284837962963,0
435530,74,69.67567567567568,37.43553811516204,2026-06-25 19:03:46+00:00,14.99,34.97704861111111,1
435790,66,89.63636363636364,42.58035701565972,2026-07-30 17:21:25+00:00,9.99,0.048125,0
437920,61,60.77049180327869,45.31210300925926,2026-06-11 17:25:42+00:00,14.99,49.045150462962965,1
438010,52,49.5,53.93576411582176,2026-07-13 17:22:31+00:00,0.99,17.047361111111112,0
438020,61,58.63934426229508,45.546672839502314,2026-06-25 19:12:32+00:00,1.99,34.97096064814815,0
438030,61,51.21311475409836,45.546672839502314,2026-06-25 19:12:32+00:00,1.99,34.97096064814815,0
438080,72,67.52777777777777,38.742657635625,2026-07-13 17:29:19+00:00,1.99,17.042638888888888,0
438180,53,50.75471698113208,52.55385327634259,2026-06-25 19:12:32+00:00,1.99,34.97096064814815,0
438420,30,70.6,65.50757104086806,2024-03-14 17:16:10+00:00,7.99,868.0517708333333,0
438480,74,59.067567567567565,37.818129280821765,2026-07-23 17:21:45+00:00,4.99,7.047893518518518,0
438490,64,84.59375,43.376963183414354,2026-06-25 17:58:06+00:00,49.99,35.022650462962964,0
438640,64,76.640625,43.88448541298611,2026-07-27 17:20:31+00:00,19.99,3.04875,0
439190,37,61.21621621621622,72.32677211934028,2026-02-16 18:19:52+00:00,14.99,164.00753472222223,1
439250,83,65.59036144578313,33.58197267388889,2026-07-16 17:19:20+00:00,1.99,14.049571759259258,0
440650,78,57.51282051282051,35.748515662569446,2026-07-15 15:15:25+00:00,17.99,15.135625,0
440900,70,60.214285714285715,39.96698923107639,2026-07-20 17:20:03+00:00,39.99,10.049074074074074,0
441380,58,72.8103448275862,47.94340338693287,2026-06-25 18:34:33+00:00,12.99,34.997337962962966,0
441550,35,65.0,76.05183278866897,2026-01-29 18:17:44+00:00,5.99,182.0090162037037,0
441870,63,46.0,44.07620277030093,2026-06-25 17:23:23+00:00,2.99,35.04675925925926,1
442070,60,49.5,46.3181975831713,2026-06-25 18:34:04+00:00,9.99,34.99767361111111,0
442780,52,65.38461538461539,54.21024668663195,2026-07-27 17:20:31+00:00,14.99,3.04875,0
443810,57,75.35087719298245,48.67359250991898,2026-06-18 17:18:30+00:00,14.99,42.05015046296296,1
444220,72,90.61111111111111,38.48977455006945,2026-06-25 18:34:33+00:00,4.99,34.997337962962966,0
444410,67,52.71641791044776,39.920451564247685,2026-03-19 17:59:43+00:00,0.99,133.02152777777778,0
444480,63,58.77777777777778,44.07742532855324,2026-06-25 19:12:32+00:00,1.99,34.97096064814815,0
444490,61,63.967213114754095,45.546672839502314,2026-06-25 19:12:32+00:00,1.99,34.97096064814815,0
444690,27,66.18518518518519,105.10548388532408,2026-06-25 17:49:19+00:00,4.99,35.02875,0
444940,60,55.5,46.588468691145835,2026-07-11 17:16:18+00:00,0.99,19.051678240740742,0
445190,57,71.80701754385964,48.673592096550934,2026-06-18 17:18:28+00:00,29.99,42.05017361111111,1
445220,34,43.705882352941174,82.80981797137731,2026-06-25 17:22:33+00:00,24.99,35.04733796296296,0
445980,57,62.45614035087719,48.79959180719908,2026-06-25 18:39:05+00:00,15.99,34.99418981481482,0
446020,62,62.096774193548384,44.799561323611115,2026-06-25 18:33:28+00:00,14.99,34.99809027777778,0
446800,66,78.89393939393939,42.42649626068287,2026-07-20 17:20:03+00:00,29.99,10.049074074074074,0
447020,23,42.17391304347826,124.21557922979166,2026-06-25 17:49:33+00:00,14.99,35.028587962962966,0
447040,68,82.05882352941177,40.787281129074074,2026-06-25 17:56:53+00:00,49.99,35.02349537037037,0
447150,61,65.1311475409836,43.640250964502314,2026-07-30 17:21:25+00:00,14.99,0.048125,0
447290,64,78.984375,43.377776124328705,2026-06-25 19:11:51+00:00,9.99,34.971435185185186,1
447530,36,33.0,78.07851686506945,2026-06-25 17:57:15+00:00,14.99,35.02324074074074,1
447820,54,64.57407407407408,49.91930315337963,2026-03-30 17:21:13+00:00,14.99,122.04826388888888,0
447850,62,68.54838709677419,34.36147256375,2026-06-25 18:34:33+00:00,4.99,34.997337962962966,0
447920,60,51.21666666666667,46.318650345254625,2026-06-25 19:12:32+00:00,1.99,34.97096064814815,0
448070,73,67.75342465753425,37.955194347986115,2026-06-25 18:34:33+00:00,4.99,34.997337962962966,0
448280,33,26.515151515151516,85.39940719039352,2026-06-25 18:44:41+00:00,19.99,34.99030092592593,0
448470,86,50.093023255813954,32.36145846949074,2026-07-13 17:22:31+00:00,0.99,17.047361111111112,0
448510,70,77.9,39.40183205850695,2026-06-11 17:26:02+00:00,16.99,49.04491898148148,0
448630,60,59.2,46.318650345254625,2026-06-25 19:12:32+00:00,1.99,34.97096064814815,0
448780,80,65.0375,34.592373857233795,2026-06-25 19:08:27+00:00,4.99,34.9737962962963,0
449200,54,50.55555555555556,51.562271139062496,2026-06-25 19:12:32+00:00,1.99,34.97096064814815,0
449220,54,49.333333333333336,47.99732071103009,2025-12-18 20:35:31+00:00,0.99,223.91333333333333,0
449540,12,51.0,65.61721696127314,2020-12-22 18:56:43+00:00,0.99,2045.9819444444445,0
449680,62,71.01612903225806,37.967157141770834,2026-07-22 17:16:18+00:00,29.99,8.05167824074074,0
449960,72,68.88888888888889,38.48906201094908,2026-06-25 17:21:42+00:00,24.99,35.04792824074074,0
450670,2,77.5,541.7660185185185,2020-06-25 18:23:04+00:00,3.99,2226.0053125,0
450860,74,69.82432432432432,37.84562182901621,2026-07-25 17:31:46+00:00,4.99,5.0409375,0
451020,58,74.53448275862068,47.81966983430556,2026-06-18 17:18:30+00:00,29.99,42.05015046296296,1
451340,78,56.11538461538461,35.49083483645833,2026-06-25 19:03:46+00:00,19.99,34.97704861111111,1
451880,54,50.75925925925926,51.562271139062496,2026-06-25 19:12:32+00:00,1.99,34.97096064814815,0
452060,66,82.60606060606061,42.58035701565972,2026-07-30 17:21:25+00:00,9.99,0.048125,0
452570,49,63.16326530612245,56.93251422645834,2026-06-25 18:15:23+00:00,19.99,35.01064814814815,0
453090,48,40.729166666666664,54.91618794325232,2026-06-25 18:39:22+00:00,29.99,34.993993055555556,0
453820,58,51.224137931034484,47.94386614684028,2026-06-25 19:12:32+00:00,1.99,34.97096064814815,0
453850,89,77.64044943820225,31.258227062280096,2026-07-13 17:22:32+00:00,2.99,17.047349537037036,0
453980,54,71.5,51.2434733141088,2026-07-13 17:22:32+00:00,1.99,17.047349537037036,0
454120,53,60.64150943396226,34.847702768865744,2026-07-15 17:17:01+00:00,34.99,15.051180555555556,0
454200,54,50.74074074074074,51.562271139062496,2026-06-25 19:12:32+00:00,1.99,34.97096064814815,0
454650,61,73.65573770491804,45.778745177465275,2026-07-09 17:23:35+00:00,19.99,21.04662037037037,0
455910,38,65.52631578947368,73.85806681680556,2026-06-25 17:57:48+00:00,9.99,35.0228587962963,0
455980,83,44.734939759036145,33.498115825428236,2026-07-09 20:17:31+00:00,19.99,20.925833333333333,0
456670,65,61.4,42.69976906105324,2026-06-25 18:50:43+00:00,29.99,34.986111111111114,1
456750,49,63.55102040816327,53.894802517361114,2026-07-25 17:31:46+00:00,5.99,5.0409375,0
456810,28,66.10714285714286,32.14668767145833,2026-07-13 17:22:32+00:00,4.99,17.047349537037036,0
457140,53,54.54716981132076,52.28319733796296,2026-06-11 17:25:49+00:00,24.99,49.045069444444444,0
457210,68,64.91176470588235,41.30930158236111,2026-07-30 17:21:25+00:00,14.99,0.048125,0
457710,35,87.85714285714286,81.16822508168981,2026-07-22 17:16:18+00:00,4.99,8.05167824074074,0
457730,17,58.8235294117647,138.2352097800926,2025-01-20 18:19:14+00:00,14.99,556.0079745370371,0
458710,56,39.642857142857146,49.68633564814815,2026-06-25 17:57:47+00:00,9.99,35.02287037037037,1
459090,35,68.0,80.37424462145833,2026-06-25 17:23:01+00:00,19.99,35.04701388888889,0
459220,47,70.31914893617021,59.40846719001158,2026-06-25 18:56:52+00:00,19.99,34.98184027777778,0
460120,49,60.0,56.9322492283912,2026-06-25 17:57:04+00:00,19.99,35.02336805555556,1
460790,49,71.87755102040816,56.93226417824074,2026-06-25 17:58:06+00:00,19.99,35.022650462962964,0
460810,48,71.70833333333333,58.14358993300925,2026-06-25 17:58:10+00:00,19.99,35.02260416666667,0
460920,70,80.42857142857143,40.02495890364583,2026-07-24 17:19:55+00:00,29.99,6.049166666666666,0
460930,68,74.55882352941177,40.787471842175925,2026-06-25 18:15:17+00:00,49.99,35.01071759259259,1
460950,59,37.355932203389834,44.29324892240741,2026-06-11 17:25:42+00:00,14.99,49.045150462962965,1
461340,87,86.29885057471265,31.776380141041667,2026-06-25 18:26:55+00:00,9.99,35.00263888888889,0
461640,19,75.0,44.15359696501157,2021-03-05 18:21:14+00:00,1.99,1973.006585648148,0
461730,69,50.57971014492754,40.18777794797454,2026-06-25 18:27:13+00:00,0.99,35.002430555555556,0
461870,36,59.97222222222222,62.058214947083336,2025-10-21 17:15:20+00:00,17.99,282.05234953703706,0
461880,90,78.66666666666667,30.907011157916664,2026-07-13 17:22:33+00:00,2.99,17.047337962962963,0
461890,86,63.51162790697674,32.150081971666665,2026-06-25 18:10:02+00:00,1.99,35.01436342592593,1
461950,67,81.68656716417911,41.67763625841435,2026-07-13 17:22:33+00:00,14.99,17.047337962962963,0
462680,81,88.5925925925926,33.02155772569444,2026-03-26 17:23:27+00:00,7.99,126.04671296296296,0
462770,46,72.93478260869566,60.72773045267361,2026-06-25 17:56:56+00:00,19.99,35.023460648148145,0
462780,60,77.08333333333333,46.198663488692134,2026-06-18 17:18:27+00:00,19.99,42.050185185185185,1
462960,80,67.8,34.85723760547454,2026-07-16 17:19:21+00:00,1.99,14.049560185185186,0
463150,72,72.26388888888889,37.998940401666665,2026-06-25 18:39:19+00:00,2.99,34.99402777777778,0
463170,69,73.6231884057971,39.587553955601855,2026-06-19 17:17:01+00:00,19.99,41.051180555555554,1
463210,59,51.220338983050844,47.117247765,2026-06-25 19:12:32+00:00,1.99,34.97096064814815,0
463220,60,51.21666666666667,46.318650541423615,2026-06-25 19:12:33+00:00,1.99,34.97094907407408,0
463350,18,75.0,46.750867374722226,2021-03-05 18:21:14+00:00,1.99,1973.006585648148,0
463530,42,37.38095238095238,37.245359360879625,2026-06-25 18:44:43+00:00,29.99,34.99027777777778,0
463710,85,50.01176470588236,32.746714203032404,2026-07-13 17:22:33+00:00,0.99,17.047337962962963,0
464060,59,75.9322033898305,47.66763110631944,2026-07-27 17:20:33+00:00,19.99,3.048726851851852,0
464340,78,82.56410256410257,35.49090773809028,2026-06-25 19:11:51+00:00,14.99,34.971435185185186,1
464350,57,51.1578947368421,49.37004650297454,2026-07-27 17:20:33+00:00,19.99,3.048726851851852,0
464920,53,71.0377358490566,47.382164574421296,2025-09-29 20:56:29+00:00,29.99,303.89877314814817,0
465240,60,74.41666666666667,46.31864230225694,2026-06-25 19:11:51+00:00,29.99,34.971435185185186,0
465760,26,78.65384615384616,105.3899435185185,2026-03-19 17:57:58+00:00,9.99,133.02274305555557,0
466130,57,68.56140350877193,49.40755394344908,2026-07-29 19:45:09+00:00,29.99,0.9483101851851852,0
466300,63,62.111111111111114,44.07617588858797,2026-06-25 17:20:59+00:00,19.99,35.048425925925926,1
466500,41,63.65853658536585,68.31811950231481,2026-06-25 17:23:41+00:00,8.99,35.04655092592593,0
466560,76,65.22368421052632,36.43708040122686,2026-06-25 18:44:41+00:00,34.99,34.99030092592593,0
466630,37,56.16216216216216,64.97256462190971,2026-06-25 18:39:05+00:00,19.99,34.99418981481482,0
466730,57,54.78947368421053,49.24504092261574,2026-07-20 17:20:06+00:00,4.99,10.049039351851851,0
466860,8,61.875,57.96642030422454,2020-02-10 18:21:31+00:00,18.99,2362.006388888889,0
467000,34,85.6470588235294,79.84068322109952,2026-03-19 17:49:16+00:00,3.99,133.0287847222222,0
467370,47,55.08510638297872,59.798347675115735,2026-07-13 17:22:33+00:00,4.99,17.047337962962963,0
467390,72,72.93055555555556,38.74259145148148,2026-07-13 17:22:33+00:00,1.99,17.047337962962963,0
467960,62,68.38709677419355,44.68395377959491,2026-06-18 17:18:30+00:00,5.99,42.05015046296296,0
468490,55,91.54545454545455,50.60692579731481,2026-06-25 18:34:33+00:00,29.99,34.997337962962966,0
468920,89,72.34831460674157,31.054377761990743,2026-06-25 18:50:45+00:00,19.99,34.98608796296296,1
469600,71,44.929577464788736,39.03967873677083,2026-06-25 18:39:37+00:00,24.99,34.99381944444445,0
469610,21,58.333333333333336,90.79047627314816,2023-12-21 19:25:43+00:00,29.99,951.9618055555555,0
469730,53,50.75471698113208,52.55385349892361,2026-06-25 19:12:33+00:00,1.99,34.97094907407408,0
469820,60,74.16666666666667,46.859705155358796,2026-07-27 17:20:33+00:00,6.99,3.048726851851852,0
469890,56,52.017857142857146,35.75853851009259,2024-05-20 17:16:15+00:00,0.99,801.0517129629629,0
470220,70,62.285714285714285,39.53218968061343,2026-06-20 17:18:22+00:00,9.99,40.050243055555555,0
470260,26,50.19230769230769,109.30918888888888,2026-06-25 17:30:48+00:00,19.99,35.041608796296295,1
470310,89,46.359550561797754,31.05424650146991,2026-06-25 18:34:07+00:00,24.99,34.997638888888886,1
471010,72,77.45833333333333,38.48982410666667,2026-06-25 18:39:37+00:00,29.99,34.99381944444445,1
471550,156,76.21794871794872,17.759484841689815,2026-07-15 17:17:01+00:00,19.99,15.051180555555556,0
473560,52,50.59615384615385,53.58432121459491,2026-06-25 19:12:33+00:00,1.99,34.97094907407408,0
473690,59,79.40677966101696,47.63328264686343,2026-07-25 17:31:46+00:00,29.99,5.0409375,0
473770,36,20.694444444444443,73.04562136243055,2026-06-25 17:48:44+00:00,14.99,35.029155092592596,0
473950,61,57.049180327868854,35.06677604166667,2026-07-25 17:16:39+00:00,19.99,5.051435185185185,0
474750,62,56.564516129032256,44.56928316635417,2026-06-11 17:25:50+00:00,2.99,49.04505787037037,1
474830,80,65.5875,34.819291051331014,2026-07-13 17:22:33+00:00,0.99,17.047337962962963,0
474960,53,73.90566037735849,52.55364405269676,2026-06-25 18:56:52+00:00,39.99,34.98184027777778,0
475150,58,76.8103448275862,47.81966922513889,2026-06-18 17:18:27+00:00,19.99,42.050185185185185,1
475190,42,74.64285714285714,66.65192609530092,2026-06-25 17:29:43+00:00,6.99,35.04236111111111,0
475550,77,85.18181818181819,36.2858196271875,2026-07-20 17:20:06+00:00,13.99,10.049039351851851,0
476480,45,45.644444444444446,61.93061342592593,2026-07-22 17:16:19+00:00,0.99,8.051666666666666,0
476600,58,63.46551724137931,47.943167844375,2026-06-25 18:15:13+00:00,59.99,35.01076388888889,0
476620,6,51.666666666666664,35.22972222222222,2019-06-26 03:34:00+00:00,59.99,2591.6227199074074,0
477160,75,65.17333333333333,37.40166494619213,2026-07-30 17:21:25+00:00,19.99,0.048125,0
477740,55,66.47272727272727,50.60706147119213,2026-06-25 18:45:06+00:00,29.99,34.990011574074074,0
477770,70,83.5,39.605290022812504,2026-06-25 18:21:37+00:00,24.99,35.00631944444444,0
480490,54,72.5,52.22119256637732,2026-07-30 17:21:25+00:00,29.99,0.048125,0
480650,39,70.51282051282051,63.13053118907408,2026-07-14 17:16:27+00:00,19.99,16.051574074074075,0
481510,40,44.0,70.06999940644675,2026-06-25 17:31:10+00:00,19.99,35.041354166666665,0
482400,29,55.41379310344828,38.249199322083335,2026-07-13 17:22:33+00:00,39.99,17.047337962962963,0
483770,46,40.76086956521739,60.72785339505787,2026-06-25 18:04:54+00:00,19.99,35.017928240740744,1
483980,67,42.985074626865675,41.829222783379635,2026-07-23 17:29:20+00:00,9.99,7.042627314814815,0
484900,79,80.12658227848101,35.445161888645835,2026-07-27 17:20:35+00:00,29.99,3.048703703703704,0
484950,22,50.45454545454545,37.65546130951389,2021-03-01 18:21:09+00:00,1.99,1977.0066435185186,0
485310,24,61.375,53.86832830112269,2026-07-13 17:22:33+00:00,6.99,17.047337962962963,0
485330,53,50.75471698113208,52.55385349892361,2026-06-25 19:12:33+00:00,1.99,34.97094907407408,0
485450,73,70.34246575342466,37.95512201002315,2026-06-25 18:27:03+00:00,4.99,35.002546296296295,1
485490,43,73.65116279069767,62.732820767187505,2026-03-19 18:41:00+00:00,1.99,132.9928587962963,0
485510,47,73.82978723404256,60.10266581118055,2026-07-27 17:20:35+00:00,49.99,3.048703703703704,0
485610,62,54.54838709677419,36.37170423496528,2026-07-25 17:31:46+00:00,0.99,5.0409375,0
485950,79,65.11392405063292,35.03586582976852,2026-06-25 19:08:27+00:00,4.99,34.9737962962963,0
485980,83,72.21686746987952,33.54541454945602,2026-07-13 17:22:33+00:00,13.99,17.047337962962963,0
486310,45,54.77777777777778,62.10837805134259,2026-06-25 18:26:50+00:00,6.99,35.00269675925926,0
486360,44,31.136363636363637,61.20928186907407,2026-07-20 17:20:06+00:00,4.99,10.049039351851851,0
487000,90,64.88888888888889,30.930833983553242,2026-07-15 20:15:41+00:00,19.99,14.92710648148148,0
487120,59,56.016949152542374,47.11601791984953,2026-06-25 17:29:49+00:00,14.99,35.042291666666664,0
487220,118,65.51694915254237,23.357268221736113,2026-06-25 19:12:33+00:00,1.99,34.97094907407408,0
487720,69,74.3623188405797,40.188080405763884,2026-06-25 18:56:50+00:00,14.99,34.98186342592592,1
488210,76,54.01315789473684,36.67631990740741,2026-07-13 17:22:33+00:00,4.99,17.047337962962963,0
488310,21,48.095238095238095,72.59627372685185,2022-12-22 22:12:41+00:00,19.99,1315.8458564814814,0
488790,70,77.07142857142857,39.96698973429398,2026-07-20 17:20:06+00:00,29.99,10.049039351851851,0
488860,20,13.5,91.04207906918982,2026-06-25 17:29:31+00:00,24.99,35.0425,0
489140,72,72.45833333333333,38.49010400364583,2026-06-25 19:08:14+00:00,14.99,34.973946759259256,1
489360,74,88.0945945945946,37.435072298321764,2026-06-25 18:14:48+00:00,9.99,35.01105324074074,1
489630,68,75.79411764705883,41.189845736585646,2026-07-22 17:16:19+00:00,39.99,8.051666666666666,0
489830,56,67.39285714285714,50.3222401094213,2026-07-30 17:21:25+00:00,39.99,0.048125,0
490110,13,25.0,34.01340760030093,2026-06-25 18:56:36+00:00,29.99,34.982025462962966,1
490450,34,58.6764705882353,82.80985023849537,2026-06-25 17:24:05+00:00,19.99,35.046273148148146,1
490820,71,50.28169014084507,39.296057208993055,2026-07-13 17:22:34+00:00,0.99,17.047326388888887,0
490980,89,70.15730337078652,31.25822732533565,2026-07-13 17:22:34+00:00,3.99,17.047326388888887,0
491130,15,35.666666666666664,67.63763888888889,2026-06-25 17:24:03+00:00,6.99,35.0462962962963,0
491530,48,40.854166666666664,58.14368942079861,2026-06-25 18:04:54+00:00,14.99,35.017928240740744,0
491540,8,20.625,264.567035383588,2026-07-20 17:20:06+00:00,39.99,10.049039351851851,0
491650,61,59.049180327868854,45.546673032407405,2026-06-25 19:12:33+00:00,1.99,34.97094907407408,0
491950,64,73.84375,43.37773809523148,2026-06-25 19:08:24+00:00,9.99,34.97383101851852,1
492720,61,54.18032786885246,45.89536284722222,2026-07-16 17:19:21+00:00,39.99,14.049560185185186,0
493200,19,61.26315789473684,136.8747080761227,2025-09-29 17:52:26+00:00,29.99,304.02658564814817,0
493320,45,54.77777777777778,61.88009154039352,2026-06-15 17:22:36+00:00,9.99,45.04730324074074,0
493340,76,73.44736842105263,36.43702746913194,2026-06-25 18:38:58+00:00,44.99,34.99427083333333,1
493490,65,68.35384615384615,42.699962565104165,2026-06-25 19:08:33+00:00,24.99,34.97372685185185,1
493520,58,39.5,42.22581282488426,2026-07-12 17:15:51+00:00,39.99,18.05199074074074,0
493540,92,79.43478260869566,30.194724511597226,2026-07-10 17:16:42+00:00,19.99,20.051400462962963,0
493650,54,50.75925925925926,51.56227135744213,2026-06-25 19:12:33+00:00,1.99,34.97094907407408,0
493700,17,50.0,91.4268771701389,2026-06-25 17:22:39+00:00,4.99,35.04726851851852,0
493720,52,54.90384615384615,53.58346291756944,2026-06-25 18:09:31+00:00,11.99,35.014722222222225,0
493840,63,77.04761904761905,44.479391801064814,2026-07-20 17:20:06+00:00,39.99,10.049039351851851,0
493900,60,73.0,46.741055790949076,2026-07-20 17:20:06+00:00,29.99,10.049039351851851,0
494150,32,21.875,88.15236223118055,2026-06-25 17:21:27+00:00,9.99,35.048101851851854,0
494840,82,56.451219512195124,32.45935656721065,2026-07-12 17:15:51+00:00,29.99,18.05199074074074,1
495140,57,62.19298245614035,48.799295634918984,2026-06-25 18:15:12+00:00,19.99,35.01077546296296,0
495420,50,57.46,45.47008810467593,2026-06-25 18:56:52+00:00,29.99,34.98184027777778,0
495560,81,84.4320987654321,34.159763310185184,2026-06-25 18:44:44+00:00,19.99,34.990266203703705,1
495890,40,27.45,70.06984834994213,2026-06-25 17:22:41+00:00,0.99,35.04724537037037,0
496240,30,39.6,75.1687659642361,2024-12-19 21:27:40+00:00,24.99,587.8771180555556,0
496300,76,80.15789473684211,36.43708086418981,2026-06-25 18:44:44+00:00,14.99,34.990266203703705,0
496440,79,63.835443037974684,32.61295079533565,2025-12-18 19:26:38+00:00,10.99,223.96116898148148,0
496460,33,78.18181818181819,85.39837022569445,2026-06-25 17:56:54+00:00,24.99,35.0234837962963,0
496620,76,76.90789473684211,36.43632253085648,2026-06-25 17:22:50+00:00,8.99,35.0471412037037,0
496640,68,80.36764705882354,40.78767153813657,2026-06-25 18:34:33+00:00,4.99,34.997337962962966,0
496680,85,50.04705882352941,32.74671434082176,2026-07-13 17:22:34+00:00,0.99,17.047326388888887,0
496750,52,50.51923076923077,53.58432121459491,2026-06-25 19:12:33+00:00,1.99,34.97094907407408,0
496810,18,64.27777777777777,45.458205337685186,2021-02-11 18:56:52+00:00,14.99,1994.9818402777778,0
496890,41,53.73170731707317,68.31870862268518,2026-06-25 17:57:37+00:00,2.99,35.02298611111111,0
497180,43,19.651162790697676,62.731609071863424,2026-03-19 17:27:43+00:00,5.99,133.04375,0
497400,52,37.78846153846154,54.14706699346065,2026-07-24 12:00:36+00:00,0.99,6.270914351851852,0
498240,58,56.96551724137931,43.639114075694444,2026-06-25 18:39:38+00:00,14.99,34.99380787037037,1
498320,16,66.8125,182.36875771604167,2026-06-28 12:45:10+00:00,1.99,32.23996527777778,0
498660,75,68.08,36.92937828452546,2026-06-25 18:34:33+00:00,4.99,34.997337962962966,0
499420,54,50.74074074074074,51.56227135744213,2026-06-25 19:12:33+00:00,1.99,34.97094907407408,0
499520,36,80.0,78.0778386243287,2026-06-25 17:23:04+00:00,24.99,35.04697916666667,0
500260,39,61.53846153846154,71.91377954434027,2026-06-25 17:22:01+00:00,14.99,35.04770833333333,0
500810,66,46.515151515151516,42.042470085462966,2026-06-25 18:15:12+00:00,5.99,35.01077546296296,0
501080,52,54.55769230769231,53.583701888159716,2026-06-25 18:27:04+00:00,24.99,35.00253472222222,1
501300,73,67.6027397260274,37.955194347986115,2026-06-25 18:34:33+00:00,19.99,34.997337962962966,0
501320,77,76.36363636363636,35.957756457106484,2026-06-25 18:56:52+00:00,12.99,34.98184027777778,1
501590,45,87.55555555555556,62.67550715487268,2026-07-20 17:20:08+00:00,39.99,10.049016203703705,0
502090,62,88.8225806451613,43.19225542652778,2026-03-19 17:27:43+00:00,4.99,133.04375,0
502140,55,50.74545454545454,50.60741448045139,2026-06-25 19:12:33+00:00,1.99,34.97094907407408,0
502500,59,74.94915254237289,45.415204741377316,2026-06-25 19:08:14+00:00,59.99,34.973946759259256,0
502520,41,54.292682926829265,68.31921730324073,2026-06-25 18:26:55+00:00,29.99,35.00263888888889,0
502800,50,61.0,55.770892384722224,2026-06-25 18:34:10+00:00,29.99,34.99760416666667,0
503350,45,66.0,62.107355061018524,2026-06-25 17:22:01+00:00,9.99,35.04770833333333,0
503560,86,81.12790697674419,32.15059082243056,2026-06-25 19:12:19+00:00,14.99,34.971111111111114,1
503580,38,36.8421052631579,73.85739520769677,2026-06-25 17:22:01+00:00,19.99,35.04770833333333,0
503770,64,45.234375,43.377092335381946,2026-06-25 18:09:49+00:00,19.99,35.01451388888889,0
503820,66,57.68181818181818,42.041912927349536,2026-06-25 17:23:03+00:00,1.99,35.04699074074074,0
503940,60,69.68333333333334,46.74105618329861,2026-07-20 17:20:08+00:00,29.99,10.049016203703705,0
504130,67,80.07462686567165,41.935200091180555,2026-07-30 17:21:25+00:00,9.99,0.048125,0
504210,51,49.470588235294116,54.655542824074075,2026-06-25 18:39:05+00:00,14.99,34.99418981481482,0
504230,61,64.59016393442623,45.86199594907408,2026-07-14 17:16:27+00:00,19.99,16.051574074074075,0
504490,29,85.82758620689656,93.67670800263889,2026-07-11 17:16:18+00:00,4.99,19.051678240740742,0
505170,118,75.16949152542372,23.357242600497685,2026-06-25 19:08:14+00:00,16.99,34.973946759259256,1
505230,75,63.373333333333335,35.18735141391203,2026-06-25 19:08:14+00:00,34.99,34.973946759259256,1
505330,66,81.1969696969697,42.042275106828704,2026-06-25 17:56:57+00:00,6.99,35.02344907407407,1
505460,42,33.95238095238095,66.6518131775,2026-06-25 17:23:03+00:00,29.99,35.04699074074074,0
506500,28,68.82142857142857,101.21201303153934,2026-06-25 17:23:04+00:00,16.99,35.04697916666667,0
506610,2,75.0,186.2084027777778,2020-06-26 22:35:20+00:00,7.99,2224.830127314815,0
506730,72,65.45833333333333,38.4901071009375,2026-06-25 19:08:33+00:00,0.99,34.97372685185185,1
507010,74,67.05405405405405,37.68115058979166,2026-07-13 17:22:33+00:00,9.99,17.047337962962963,0
507380,87,49.724137931034484,31.98516270994213,2026-07-13 17:22:33+00:00,0.99,17.047337962962963,0
507390,87,50.03448275862069,31.98516270994213,2026-07-13 17:22:33+00:00,0.99,17.047337962962963,0
507490,71,65.64788732394366,39.03918650792824,2026-06-25 17:50:00+00:00,29.99,35.02827546296297,0
508170,71,50.28169014084507,39.29605704364584,2026-07-13 17:22:33+00:00,0.99,17.047337962962963,0
508180,55,90.27272727272727,50.60692601165509,2026-06-25 18:34:34+00:00,4.99,34.99732638888889,0
508290,54,50.53703703703704,51.56227135744213,2026-06-25 19:12:33+00:00,1.99,34.97094907407408,0
508440,58,59.13793103448276,45.156284113055555,2026-07-12 17:15:51+00:00,19.99,18.05199074074074,0
508550,33,45.666666666666664,85.39761393229166,2026-06-25 17:22:03+00:00,14.99,35.04768518518519,0
508820,38,53.60526315789474,71.20944663413195,2026-03-19 17:59:19+00:00,0.99,133.02180555555555,0
508840,70,55.25714285714286,39.96699006976852,2026-07-20 17:20:08+00:00,0.99,10.049016203703705,0
508900,12,68.33333333333333,75.62642361111111,2026-06-25 17:23:04+00:00,1.99,35.04697916666667,0
509220,42,53.857142857142854,67.26151987353009,2026-07-20 17:20:08+00:00,4.99,10.049016203703705,0
509980,42,18.38095238095238,66.65226202574074,2026-06-25 17:49:33+00:00,19.99,35.028587962962966,0
510840,29,51.724137931034484,56.98982597552084,2023-05-15 17:09:47+00:00,1.99,1172.0562037037037,0
511470,43,67.0,65.84647955246527,2026-07-28 13:15:05+00:00,4.99,2.219189814814815,0
511680,42,54.404761904761905,66.65280628951389,2026-06-25 18:21:41+00:00,39.99,35.006273148148146,0
512250,62,67.30645161290323,44.79876062537037,2026-06-25 17:23:08+00:00,1.99,35.04693287037037,0
512640,55,50.74545454545454,50.60741448045139,2026-06-25 19:12:33+00:00,1.99,34.97094907407408,0
512790,58,60.87931034482759,48.31090826023148,2026-07-16 17:19:21+00:00,24.99,14.049560185185186,0
512900,71,64.11267605633803,39.03996263226852,2026-06-25 19:08:14+00:00,19.99,34.973946759259256,1
513230,21,59.523809523809526,136.63610069444445,2026-06-25 17:19:42+00:00,1.99,35.04931712962963,0
513510,29,71.86206896551724,54.84773148148148,2023-03-16 17:40:32+00:00,2.99,1232.034849537037,0
513570,71,51.88732394366197,39.28170486111111,2026-07-12 17:15:51+00:00,0.99,18.05199074074074,0
513590,60,59.21666666666667,46.318650541423615,2026-06-25 19:12:33+00:00,1.99,34.97094907407408,0
513710,75,44.346666666666664,37.144860172662035,2026-07-11 17:16:18+00:00,44.99,19.051678240740742,0
513740,55,50.03636363636364,50.60741448045139,2026-06-25 19:12:33+00:00,1.99,34.97094907407408,0
513780,53,50.735849056603776,52.55385349892361,2026-06-25 19:12:33+00:00,1.99,34.97094907407408,0
514080,43,50.30232558139535,65.77929535934028,2026-07-25 17:31:47+00:00,9.99,5.040925925925926,0
514660,88,77.29545454545455,31.617517161550925,2026-07-13 17:22:33+00:00,2.99,17.047337962962963,0
514900,16,75.9375,183.1813287037037,2026-07-10 17:16:42+00:00,29.99,20.051400462962963,0
515180,49,63.06122448979592,56.64012996719907,2026-06-11 17:25:47+00:00,14.99,49.045092592592596,1
515470,54,50.74074074074074,51.56227135744213,2026-06-25 19:12:33+00:00,1.99,34.97094907407408,0
515570,60,55.21666666666667,46.588468691145835,2026-07-11 17:16:18+00:00,0.99,19.051678240740742,0
515690,54,50.74074074074074,51.56227135744213,2026-06-25 19:12:33+00:00,1.99,34.97094907407408,0
516110,39,62.84615384615385,68.1315481846875,2026-06-25 17:21:29+00:00,14.99,35.0480787037037,0
516750,2,27.5,168.98949074074073,2025-06-26 21:33:07+00:00,14.99,398.87333333333333,0
517630,78,76.24358974358974,35.490671596921295,2026-06-25 18:45:40+00:00,28.35,34.98961805555555,1
517710,74,71.74324324324324,37.43513318112269,2026-06-25 18:21:12+00:00,19.99,35.0066087962963,0
517790,66,34.54545454545455,42.04246990740741,2026-06-25 18:15:11+00:00,5.99,35.01078703703703,0
517810,67,39.850746268656714,41.405463138321764,2026-06-25 18:15:13+00:00,9.99,35.01076388888889,0
518030,12,33.916666666666664,71.10556397305555,2021-06-24 21:59:53+00:00,4.99,1861.8547453703704,0
518060,55,61.45454545454545,50.97629908263889,2026-07-15 17:17:01+00:00,12.99,15.051180555555556,0
518150,34,49.411764705882355,59.09023498877315,2026-06-25 17:49:11+00:00,19.99,35.02884259259259,0
518790,67,71.19402985074628,41.85955159230324,2026-07-25 17:31:47+00:00,19.99,5.040925925925926,0
518800,16,50.625,182.36875771604167,2026-06-28 12:45:10+00:00,0.99,32.23996527777778,0
519190,33,84.48484848484848,70.74229419849537,2025-03-13 18:04:55+00:00,9.99,504.0179166666667,0
519860,57,51.70175438596491,48.79897920799768,2026-06-25 17:49:41+00:00,19.99,35.02849537037037,1
520440,71,69.32394366197182,39.03918882274306,2026-06-25 17:50:14+00:00,29.99,35.02811342592592,0
520720,58,79.06896551724138,45.807452688425926,2026-06-25 18:15:21+00:00,9.99,35.010671296296294,0
520940,62,71.62903225806451,44.68395226167824,2026-06-18 17:18:22+00:00,39.99,42.050243055555555,1
521150,49,53.02040816326531,56.93226249034723,2026-06-25 17:57:59+00:00,16.99,35.02273148148148,0
521890,72,70.61111111111111,38.49010400364583,2026-06-25 19:08:14+00:00,29.99,34.973946759259256,1
522090,60,86.01666666666667,46.62244056025463,2026-07-13 17:22:33+00:00,14.99,17.047337962962963,0
522210,69,82.21739130434783,40.70181185320602,2026-07-30 17:21:25+00:00,14.99,0.048125,0
522470,67,68.50746268656717,41.37454089505787,2026-06-23 17:16:22+00:00,19.99,37.051631944444445,0
523000,48,53.541666666666664,58.143062697002314,2026-06-25 17:22:29+00:00,19.99,35.04738425925926,0
523660,52,18.75,53.58282248547454,2026-06-25 17:22:29+00:00,24.99,35.04738425925926,0
523780,40,77.875,70.0704703822338,2026-06-25 17:57:37+00:00,4.99,35.02298611111111,0
524220,32,54.40625,84.32294093488426,2026-06-25 18:04:18+00:00,39.99,35.01834490740741,1
524580,45,60.55555555555556,62.107908512199074,2026-06-25 17:57:05+00:00,19.99,35.02335648148148,1
525300,83,55.04819277108434,33.54541454945602,2026-07-13 17:22:33+00:00,0.99,17.047337962962963,0
525480,62,82.12903225806451,44.79962545537037,2026-06-25 18:39:06+00:00,49.99,34.99417824074074,1
525920,46,84.30434782608695,60.72819830246527,2026-06-25 18:27:15+00:00,9.99,35.00240740740741,0
526160,81,67.28395061728395,34.15971629050926,2026-06-25 18:39:19+00:00,24.99,34.99402777777778,0
526740,40,74.8,70.070317841875,2026-06-25 17:49:03+00:00,5.99,35.02893518518518,0
526790,49,61.59183673469388,36.3761041184375,2026-06-25 18:50:44+00:00,0.99,34.986099537037035,1
526870,47,31.06382978723404,48.36947966988426,2026-07-12 17:15:51+00:00,39.99,18.05199074074074,0
527100,52,61.34615384615385,49.36785675380788,2025-11-22 18:15:24+00:00,24.99,250.01063657407408,0
527230,76,68.23684210526316,36.34294907407407,2026-06-18 17:18:30+00:00,19.99,42.05015046296296,1
527430,56,73.51785714285714,49.686704545451384,2026-06-25 18:27:00+00:00,49.99,35.00258101851852,0
527750,87,77.83908045977012,31.98516270994213,2026-07-13 17:22:33+00:00,2.99,17.047337962962963,0
527760,86,50.02325581395349,32.36145887798612,2026-07-13 17:22:34+00:00,0.99,17.047326388888887,0
527770,85,50.082352941176474,32.74671434082176,2026-07-13 17:22:34+00:00,0.99,17.047326388888887,0
528230,67,64.58208955223881,41.404900918900466,2026-06-25 17:21:47+00:00,19.99,35.04787037037037,1
528510,52,50.51923076923077,53.58432121459491,2026-06-25 19:12:33+00:00,1.99,34.97094907407408,0
528660,57,91.40350877192982,48.79953579695602,2026-06-25 18:34:34+00:00,29.99,34.99732638888889,0
528670,54,51.888888888888886,51.24330188678241,2026-07-13 17:22:34+00:00,0.99,17.047326388888887,0
529180,65,63.90769230769231,42.69910427517361,2026-06-25 17:49:27+00:00,17.99,35.02865740740741,0
529340,31,54.064516129032256,43.53032445987268,2026-07-20 17:20:13+00:00,49.99,10.048958333333333,0
529590,49,52.244897959183675,56.931769145439816,2026-06-25 17:23:53+00:00,9.99,35.04641203703704,0
529920,4,20.0,149.68364969135416,2022-01-21 18:21:36+00:00,1.99,1651.0063310185185,0
530070,31,48.38709677419355,91.92407908950231,2026-07-20 17:20:13+00:00,12.99,10.048958333333333,0
530320,34,57.76470588235294,79.84023007855323,2026-03-19 17:27:44+00:00,19.99,133.04373842592594,0
530390,47,73.61702127659575,59.40705087560185,2026-06-25 17:23:03+00:00,8.99,35.04699074074074,0
530890,49,80.0,56.932679157013894,2026-06-25 18:26:47+00:00,14.99,35.00273148148148,0
531510,58,30.79310344827586,48.29333597303241,2026-07-15 17:17:01+00:00,19.99,15.051180555555556,0
532030,16,75.4375,51.51932175925926,2021-02-11 18:57:21+00:00,3.99,1994.9815046296296,0
532110,57,42.578947368421055,48.799069320428245,2026-06-25 17:56:57+00:00,3.99,35.02344907407407,1
532210,22,64.0909090909091,27.177314814814814,2020-07-24 17:22:00+00:00,7.99,2197.0477199074076,0
533300,12,69.83333333333333,75.62686868686342,2026-06-25 17:30:07+00:00,1.99,35.04208333333333,0
534370,27,64.07407407407408,30.41403133902778,2021-03-01 18:21:20+00:00,19.99,1977.0065162037038,0
534380,37,57.75675675675676,43.08332111625,2026-07-27 17:20:39+00:00,59.99,3.0486574074074073,0
535480,66,77.4090909090909,42.42649804130787,2026-07-20 17:20:13+00:00,19.99,10.048958333333333,0
535760,65,41.09230769230769,42.698890697337966,2026-06-25 17:29:46+00:00,0.99,35.04232638888889,0
535930,57,67.75438596491227,48.6378587962963,2026-06-16 17:16:56+00:00,29.99,44.05123842592592,1
536220,44,70.0,54.53448374245371,2026-06-25 18:04:17+00:00,14.99,35.01835648148148,0
536270,53,71.28301886792453,41.59596710291667,2026-07-30 17:21:25+00:00,39.99,0.048125,0
536280,36,56.47222222222222,62.513312500000005,2026-07-27 17:20:39+00:00,29.99,3.0486574074074073,0
537340,71,70.92957746478874,39.039962466921295,2026-06-25 19:08:13+00:00,14.99,34.973958333333336,1
537430,69,84.92753623188406,40.65768637663194,2026-07-27 17:20:39+00:00,19.99,3.0486574074074073,0
537450,54,69.44444444444444,51.56206608140047,2026-06-25 18:56:53+00:00,19.99,34.981828703703705,0
537800,78,79.91025641025641,35.93144690957176,2026-07-29 17:18:50+00:00,15.99,1.0499189814814816,0
538590,72,90.33333333333333,38.48977471309028,2026-06-25 18:34:34+00:00,4.99,34.99732638888889,0
538680,48,47.5,58.14383545113426,2026-06-25 18:14:47+00:00,39.99,35.011064814814816,0
539440,86,67.68604651162791,32.36145928648148,2026-07-13 17:22:37+00:00,1.99,17.047291666666666,0
539450,89,77.91011235955057,31.258227719907406,2026-07-13 17:22:37+00:00,2.99,17.047291666666666,0
539470,74,59.16216216216216,33.849487886851854,2026-06-25 18:39:19+00:00,19.99,34.99402777777778,0
540020,55,50.74545454545454,50.60741448045139,2026-06-25 19:12:33+00:00,1.99,34.97094907407408,0
540840,65,79.38461538461539,42.69964898003472,2026-06-25 18:39:39+00:00,9.99,34.993796296296296,0
540900,66,51.696969696969695,42.04190900996528,2026-06-25 17:22:41+00:00,0.99,35.04724537037037,0
541200,41,33.65853658536585,68.31810214120371,2026-06-25 17:22:41+00:00,19.99,35.04724537037037,0
541570,21,40.857142857142854,115.79769212962962,2025-10-27 17:20:55+00:00,2.99,276.04847222222224,0
542340,16,34.1875,93.31474151233796,2022-10-31 17:18:25+00:00,0.99,1368.0502083333333,0
543460,63,72.42857142857143,44.07705701164352,2026-06-25 18:39:39+00:00,29.99,34.993796296296296,0
543900,42,63.095238095238095,67.1151160230324,2026-07-14 17:16:27+00:00,29.99,16.051574074074075,0
544180,37,58.729729729729726,34.22096418466435,2026-07-13 17:22:37+00:00,4.99,17.047291666666666,0
544330,53,76.32075471698113,52.55308983261574,2026-06-25 18:15:22+00:00,19.99,35.01065972222222,0
544550,33,23.696969696969695,85.39779694733797,2026-06-25 17:30:29+00:00,34.99,35.0418287037037,0
544610,51,72.15686274509804,49.8344712962963,2025-10-27 17:21:56+00:00,39.99,276.0477662037037,0
544750,58,82.58620689655173,47.94345882065972,2026-06-25 18:39:06+00:00,59.99,34.99417824074074,0
545700,52,51.25,53.58432121459491,2026-06-25 19:12:33+00:00,1.99,34.97094907407408,0
546050,48,52.833333333333336,58.143591903067126,2026-06-25 17:58:18+00:00,19.99,35.02251157407407,0
546080,82,45.34146341463415,33.73778335047454,2026-06-25 18:15:03+00:00,6.99,35.01087962962963,0
546090,57,52.719298245614034,49.04869068287037,2026-07-09 17:26:25+00:00,0.99,21.044652777777777,0
546430,53,57.16981132075472,47.307822070868056,2026-07-17 17:16:55+00:00,15.99,13.05125,0
546560,36,55.611111111111114,68.79952248677083,2026-06-25 17:57:11+00:00,59.99,35.023287037037036,0
546930,73,69.84931506849315,38.30170010287037,2026-07-20 17:20:16+00:00,0.99,10.04892361111111,0
546980,52,51.25,53.58432121459491,2026-06-25 19:12:33+00:00,1.99,34.97094907407408,0
547960,67,51.97014925373134,41.404903724745374,2026-06-25 17:22:03+00:00,0.99,35.04768518518519,0
548430,67,54.02985074626866,41.85955194303241,2026-07-25 17:31:49+00:00,29.99,5.040902777777778,0
548570,47,72.7872340425532,56.33888335346065,2026-07-30 17:21:25+00:00,39.99,0.048125,0
550010,63,47.93650793650794,44.07705701164352,2026-06-25 18:39:39+00:00,4.99,34.993796296296296,0
550670,57,52.64912280701754,48.213606977511574,2026-07-03 17:30:28+00:00,0.99,27.041840277777776,0
552100,41,30.073170731707318,68.94306018518519,2026-07-20 17:20:16+00:00,19.99,10.04892361111111,0
552500,82,79.15853658536585,33.94715234909722,2026-07-12 17:15:51+00:00,29.99,18.05199074074074,0
552520,72,80.30555555555556,38.48958447443287,2026-06-25 18:15:07+00:00,59.99,35.01083333333333,1
552620,53,41.9811320754717,49.943130787037035,2026-06-25 18:21:21+00:00,14.99,35.00650462962963,0
553260,54,80.18518518518519,52.16457874737268,2026-07-27 17:20:39+00:00,14.99,3.0486574074074073,0
553310,38,34.73684210526316,73.85743274524306,2026-06-25 17:24:01+00:00,19.99,35.04631944444444,0
553420,18,37.77777777777778,86.04778867101852,2026-06-25 17:30:03+00:00,29.99,35.04212962962963,0
553540,28,33.214285714285715,44.926928155,2026-06-25 18:39:23+00:00,29.99,34.993981481481484,0
553640,29,48.827586206896555,96.35413649140047,2026-06-25 18:44:47+00:00,10.99,34.99023148148148,0
553790,44,46.97727272727273,62.418128499131946,2026-06-25 18:20:41+00:00,1.99,35.006967592592595,0
553850,14,21.071428571428573,50.07752759971065,2026-06-25 17:30:03+00:00,39.99,35.04212962962963,1
554330,66,56.39393939393939,42.318832799143514,2026-07-13 17:22:45+00:00,1.99,17.047199074074076,0
554620,26,75.76923076923077,34.82887453703704,2021-05-20 17:19:29+00:00,16.99,1897.0494675925927,0
554800,70,50.27142857142857,39.86556712962963,2026-07-13 17:22:45+00:00,0.99,17.047199074074076,0
555150,69,80.33333333333333,40.45182546976852,2026-07-13 17:22:45+00:00,9.99,17.047199074074076,0
555160,34,40.73529411764706,79.84023007855323,2026-03-19 17:27:44+00:00,24.99,133.04373842592594,0
555220,41,65.97560975609755,68.31810879629629,2026-06-25 17:23:04+00:00,11.99,35.04697916666667,0
555670,65,88.66153846153846,41.16784848813658,2026-03-19 17:48:55+00:00,4.99,133.02902777777777,0
555710,76,51.43421052631579,32.8513337962963,2025-09-29 20:24:03+00:00,0.99,303.9212962962963,0
555950,53,65.69811320754717,52.55348758012731,2026-06-25 18:45:09+00:00,29.99,34.98997685185185,0
556160,70,71.82857142857142,39.89449392780092,2026-07-15 17:16:55+00:00,1.99,15.05125,0
556280,55,91.54545454545455,50.60692601165509,2026-06-25 18:34:34+00:00,29.99,34.99732638888889,0
557260,7,83.0,22.17521412037037,2021-02-16 18:35:11+00:00,2.99,1989.9968981481481,0
557340,52,59.23076923076923,51.197816811909725,2026-07-30 17:21:25+00:00,19.99,0.048125,0
557600,67,64.29850746268657,41.405716014305554,2026-06-25 18:39:15+00:00,14.99,34.99407407407407,0
558420,58,79.65517241379311,47.69695297270833,2026-06-11 17:25:54+00:00,9.99,49.045011574074074,0
558660,51,48.78431372549019,49.94013819444445,2026-07-25 17:31:49+00:00,1.99,5.040902777777778,0
558990,55,47.96363636363636,50.606984525023144,2026-06-25 18:39:07+00:00,19.99,34.994166666666665,0
559100,60,82.58333333333333,46.31744252196759,2026-06-25 17:29:55+00:00,39.99,35.04222222222222,0
559210,49,52.816326530612244,56.931856433252314,2026-06-25 17:29:55+00:00,14.99,35.04222222222222,0
559650,72,65.29166666666667,38.33408352894676,2026-06-14 17:16:42+00:00,19.99,46.05140046296296,1
560130,72,65.44444444444444,38.20734643974537,2026-06-05 17:19:06+00:00,39.99,55.049733796296294,1
560710,74,51.445945945945944,35.133710996944444,2026-01-08 18:15:42+00:00,5.99,203.01042824074074,0
561600,68,80.36764705882354,40.78772439883102,2026-06-25 18:39:39+00:00,19.99,34.993796296296296,1
562220,12,69.83333333333333,75.62685711278935,2026-06-25 17:29:56+00:00,1.99,35.04221064814815,0
562230,40,75.925,70.06997744539352,2026-06-25 17:29:56+00:00,19.99,35.04221064814815,0
562270,22,82.18181818181819,58.99854387125001,2026-07-13 17:22:46+00:00,5.99,17.0471875,0
562360,82,61.13414634146341,33.737887945810186,2026-06-25 18:27:15+00:00,4.99,35.00240740740741,0
562500,77,63.532467532467535,36.20683890715278,2026-07-14 17:16:27+00:00,14.99,16.051574074074075,0
562730,14,61.07142857142857,59.82880252848379,2021-02-16 18:35:11+00:00,1.99,1989.9968981481481,0
562860,43,49.604651162790695,65.06499889769675,2026-06-25 17:31:08+00:00,24.99,35.04137731481482,1
563120,61,58.63934426229508,45.546673032407405,2026-06-25 19:12:33+00:00,1.99,34.97094907407408,0
564230,48,70.41666666666667,58.1442841312037,2026-06-25 18:45:09+00:00,29.99,34.98997685185185,0
564310,20,83.25,40.67228983917824,2021-02-11 18:33:51+00:00,14.99,1994.997824074074,0
564530,66,50.25757575757576,42.04247026353009,2026-06-25 18:15:13+00:00,9.99,35.01076388888889,0
566050,68,50.73529411764706,40.787470978437504,2026-06-25 18:15:12+00:00,9.99,35.01077546296296,0
566160,12,69.83333333333333,75.6268339646412,2026-06-25 17:29:34+00:00,1.99,35.04246527777778,0
566440,60,76.61666666666666,37.96607933144676,2026-07-16 17:19:21+00:00,19.99,14.049560185185186,0
567640,55,60.21818181818182,50.607062114189816,2026-06-25 18:45:09+00:00,39.99,34.98997685185185,0
567680,85,49.88235294117647,32.746715994259255,2026-07-13 17:22:46+00:00,0.99,17.0471875,0
568090,31,31.29032258064516,89.93140084876157,2026-06-25 17:19:32+00:00,7.99,35.04943287037037,0
568220,45,57.355555555555554,62.18371869738426,2026-06-29 02:00:25+00:00,24.99,31.687708333333333,0
568570,41,79.78048780487805,68.31805237268519,2026-06-25 17:19:49+00:00,7.99,35.049236111111114,0
568780,68,55.970588235294116,41.0555842316088,2026-07-13 17:22:46+00:00,6.99,17.0471875,0
569480,48,33.958333333333336,58.78149847320602,2026-07-25 17:31:49+00:00,19.99,5.040902777777778,0
569610,80,52.5875,34.88753516173611,2026-07-19 02:46:00+00:00,0.99,11.656053240740741,0
569860,36,59.166666666666664,78.04976587300926,2026-07-29 17:18:50+00:00,19.99,1.0499189814814816,0
570770,56,64.32142857142857,50.085820707060186,2026-07-17 17:17:00+00:00,15.99,13.05119212962963,0
570780,55,66.05454545454545,51.013335905347226,2026-07-17 17:17:00+00:00,11.99,13.05119212962963,0
570940,23,44.130434782608695,119.63328651093751,2026-04-20 17:24:15+00:00,39.99,101.0461574074074,0
571260,49,64.38775510204081,55.31880280671297,2026-04-09 07:15:39+00:00,59.99,112.46879629629629,0
571310,72,73.13888888888889,38.883503195092594,2026-07-23 17:29:22+00:00,19.99,7.042604166666667,0
571740,58,50.6551724137931,48.503906554571756,2026-07-27 17:20:39+00:00,8.99,3.0486574074074073,0
572010,76,55.5,36.6763205246875,2026-07-13 17:22:37+00:00,0.99,17.047291666666666,0
572410,64,70.65625,43.376572420625,2026-06-25 17:22:39+00:00,19.99,35.04726851851852,1
572430,78,64.96153846153847,35.49083483645833,2026-06-25 19:03:46+00:00,19.99,34.97704861111111,1
572890,60,69.36666666666666,44.74506159760417,2026-06-11 17:25:43+00:00,12.99,49.045138888888886,1
573090,24,37.083333333333336,86.43478059581018,2026-06-25 18:21:04+00:00,24.99,35.00670138888889,0
573100,76,68.90789473684211,36.71629012344907,2026-07-16 17:19:20+00:00,19.99,14.049571759259258,0
573120,71,70.83098591549296,39.29605770502315,2026-07-13 17:22:37+00:00,19.99,17.047291666666666,0
573410,71,62.225352112676056,39.3960350529051,2026-07-20 17:20:20+00:00,19.99,10.048877314814815,0
574560,59,57.88135593220339,47.11698714878472,2026-06-25 18:50:46+00:00,14.99,34.98607638888889,0
574640,47,86.40425531914893,32.386861413032406,2026-07-22 17:16:15+00:00,4.99,8.051712962962963,0
574720,69,53.31884057971015,36.39705218545139,2026-07-27 17:20:41+00:00,19.99,3.0486342592592592,0
574820,38,62.18421052631579,69.10778841340277,2026-06-25 17:23:03+00:00,1.99,35.04699074074074,0
575490,24,80.16666666666667,53.86786735104166,2026-07-13 17:22:35+00:00,4.99,17.047314814814815,0
575640,12,69.83333333333333,75.62643623737269,2026-06-25 17:23:16+00:00,1.99,35.046840277777775,0
575700,70,51.8,39.60522678474537,2026-06-25 18:15:20+00:00,0.99,35.01068287037037,1
575860,68,51.51470588235294,40.78693131563657,2026-06-25 17:23:08+00:00,0.99,35.04693287037037,0
576120,61,51.19672131147541,45.546673032407405,2026-06-25 19:12:33+00:00,1.99,34.97094907407408,0
576160,81,48.148148148148145,34.3840502025463,2026-07-13 17:22:35+00:00,1.99,17.047314814814815,0
576470,76,72.07894736842105,36.702934413576386,2026-07-15 17:16:55+00:00,1.99,15.05125,0
576730,5,54.0,135.43813368055555,2020-06-25 18:03:39+00:00,1.99,2226.0187962962964,0
576770,74,57.75675675675676,37.43519073439815,2026-06-25 18:27:15+00:00,14.99,35.00240740740741,0
577230,67,51.23880597014925,41.85874824634259,2026-07-25 16:15:26+00:00,3.99,5.093946759259259,0
577460,19,72.0,46.280050797314814,2026-06-25 18:21:41+00:00,1.99,35.006273148148146,0
577670,77,86.77922077922078,36.193681773877316,2026-07-13 17:16:32+00:00,9.99,17.051516203703702,0
577690,41,33.0,68.31808478009259,2026-06-25 17:21:41+00:00,9.99,35.04793981481482,0
578330,58,78.53448275862068,48.50390696068287,2026-07-27 17:20:41+00:00,19.99,3.0486342592592592,0
578620,56,43.92857142857143,49.43138531144676,2026-06-11 17:25:43+00:00,19.99,49.045138888888886,1
578650,55,55.345454545454544,37.057491212268516,2026-04-16 17:19:51+00:00,29.99,105.04921296296297,0
578720,37,59.189189189189186,73.21209812241898,2026-03-20 15:15:10+00:00,9.99,132.1357986111111,0
579180,53,49.716981132075475,52.552857683402785,2026-06-25 17:57:59+00:00,39.99,35.02273148148148,0
580200,38,59.10526315789474,73.85742085835649,2026-06-25 17:23:23+00:00,24.99,35.04675925925926,0
581270,52,65.21153846153847,53.58346859113426,2026-06-25 18:09:56+00:00,9.99,35.01443287037037,1
581320,76,55.30263157894737,36.71629012344907,2026-07-16 17:19:20+00:00,29.99,14.049571759259258,0
581630,2,20.0,83.93434027777778,2025-03-13 19:50:04+00:00,4.99,503.9448958333333,0
581820,21,62.142857142857146,100.23644097222223,2024-06-27 17:29:30+00:00,2.99,763.0425115740741,0
582010,71,50.67605633802817,39.3960350529051,2026-07-20 17:20:20+00:00,29.99,10.048877314814815,0
582160,74,80.47297297297297,37.43507531075232,2026-06-25 18:15:07+00:00,59.99,35.01083333333333,1
582270,63,76.19047619047619,43.86645926672454,2026-06-12 17:17:29+00:00,14.99,48.05085648148148,0
582550,43,53.95348837209303,65.0648779210648,2026-06-25 17:23:49+00:00,9.99,35.046458333333334,0
582660,60,78.0,46.91056281386574,2026-07-30 17:21:25+00:00,9.99,0.048125,0
583470,38,70.76315789473684,73.85739082832175,2026-06-25 17:21:47+00:00,14.99,35.04787037037037,0
583490,12,50.0,98.79917403197916,2021-12-22 18:58:55+00:00,1.99,1680.9804166666668,0
584100,70,74.88571428571429,39.60558071658565,2026-06-25 18:50:30+00:00,0.99,34.98626157407407,1
584400,49,72.06122448979592,56.78585624034722,2026-06-18 17:18:23+00:00,19.99,42.05023148148148,1
584640,33,56.90909090909091,51.43614366319444,2026-06-25 17:23:41+00:00,2.99,35.04655092592593,0
584980,62,59.45161290322581,45.29066275804398,2026-07-25 17:31:49+00:00,14.99,5.040902777777778,0
585420,75,58.306666666666665,37.334198260752316,2026-07-25 17:32:10+00:00,24.99,5.040659722222222,0
585550,56,50.69642857142857,49.68727967171296,2026-06-25 19:12:33+00:00,1.99,34.97094907407408,0
585690,78,52.44871794871795,35.86918996512731,2026-07-24 22:15:47+00:00,0.99,5.843703703703704,0
585830,71,69.14084507042253,39.03967195766204,2026-06-25 18:38:56+00:00,4.99,34.99429398148148,0
585950,77,47.76623376623377,36.11170900340278,2026-07-07 11:45:26+00:00,1.99,23.28144675925926,0
586140,77,74.93506493506493,35.957208059201385,2026-06-25 17:56:51+00:00,39.99,35.02351851851852,0
586200,59,60.13559322033898,47.54693885695602,2026-07-20 17:20:20+00:00,29.99,10.048877314814815,0
586350,61,55.868852459016395,45.81199479166667,2026-07-11 17:16:21+00:00,0.99,19.051643518518517,0
586380,72,53.013888888888886,38.77070536644676,2026-07-15 17:16:55+00:00,0.99,15.05125,0
586620,52,50.75,53.58432121459491,2026-06-25 19:12:33+00:00,1.99,34.97094907407408,0
586960,54,91.38888888888889,51.56183088748843,2026-06-25 18:38:56+00:00,29.99,34.99429398148148,0
587430,56,42.535714285714285,49.686999579120375,2026-06-25 18:50:22+00:00,24.99,34.986354166666665,0
587520,45,58.15555555555556,32.68188762626158,2026-07-23 17:29:23+00:00,9.99,7.042592592592593,0
587620,55,48.90909090909091,50.60699159807871,2026-06-25 18:39:40+00:00,19.99,34.99378472222222,0
587790,61,51.19672131147541,45.546673032407405,2026-06-25 19:12:33+00:00,1.99,34.97094907407408,0
588030,2,25.0,407.97103009259257,2026-07-20 17:19:29+00:00,39.99,10.049467592592592,0
588040,47,19.680851063829788,60.02021412037037,2026-07-23 22:18:59+00:00,14.99,6.841481481481481,0
588140,18,37.5,43.40938657407408,2021-02-11 18:57:03+00:00,5.99,1994.981712962963,0
588650,80,39.5125,34.97127124355324,2026-07-25 17:31:49+00:00,24.99,5.040902777777778,0
589290,53,53.301886792452834,53.033124109675924,2026-07-20 17:20:20+00:00,19.99,10.048877314814815,0
589360,58,78.55172413793103,47.94375954353009,2026-06-25 19:03:47+00:00,59.99,34.977037037037036,0
589590,33,46.666666666666664,85.3976244212963,2026-06-25 17:22:32+00:00,4.99,35.047349537037036,0
589780,58,65.24137931034483,47.69695073910879,2026-06-11 17:25:43+00:00,14.99,49.045138888888886,1
590380,60,52.85,46.69017184556713,2026-07-17 17:17:00+00:00,14.99,13.05119212962963,0
591370,58,60.172413793103445,47.9425418291088,2026-06-25 17:23:50+00:00,24.99,35.04644675925926,0
591420,12,69.83333333333333,75.62647201178241,2026-06-25 17:23:50+00:00,1.99,35.04644675925926,0
591460,51,53.72549019607843,48.219155092592594,2026-07-20 17:20:20+00:00,24.99,10.048877314814815,0
593280,64,68.0,43.78919165196759,2026-07-21 17:15:28+00:00,12.99,9.052256944444444,0
593600,78,64.8974358974359,35.49016895141204,2026-06-25 17:49:56+00:00,19.99,35.028321759259256,0
594330,37,36.08108108108108,75.90914416151621,2026-06-25 17:30:02+00:00,34.99,35.04214120370371,0
594570,58,68.01724137931035,47.94331140350695,2026-06-25 18:27:00+00:00,59.99,35.00258101851852,1
594650,77,48.76623376623377,36.33845440423611,2026-07-24 17:20:27+00:00,29.99,6.048796296296296,0
595520,42,54.04761904761905,66.31039916439815,2026-06-11 17:25:58+00:00,49.99,49.04496527777778,1
595690,33,49.696969696969695,75.31149739583333,2026-06-25 17:20:59+00:00,14.99,35.048425925925926,0
596970,58,54.41379310344828,48.3811813677662,2026-07-20 17:27:22+00:00,24.99,10.043993055555555,0
597170,66,47.59090909090909,42.04259882478009,2026-06-25 18:27:15+00:00,19.99,35.00240740740741,0
597180,43,48.604651162790695,34.83310240299769,2026-06-25 18:39:16+00:00,39.99,34.9940625,0
597220,45,46.62222222222222,62.10735137835648,2026-06-25 17:21:47+00:00,10.99,35.04787037037037,0
597760,80,51.5,33.51018459915509,2026-07-25 17:31:49+00:00,16.99,5.040902777777778,0
597820,39,61.794871794871796,45.684176108668986,2026-06-18 17:18:26+00:00,39.99,42.05019675925926,1
598330,29,49.48275862068966,74.49000413358797,2024-09-16 17:16:58+00:00,24.99,682.0512152777778,0
598700,76,71.3157894736842,36.769697839502314,2026-07-20 17:27:22+00:00,3.99,10.043993055555555,0
598810,11,59.09090909090909,80.67230324074075,2021-03-17 17:21:10+00:00,9.99,1961.048298611111,0
598980,44,22.863636363636363,62.310419358310185,2026-06-25 18:50:47+00:00,19.99,34.98606481481482,1
599140,71,65.71830985915493,39.03991848543981,2026-06-25 19:03:47+00:00,19.99,34.977037037037036,1
599750,66,59.84848484848485,42.257335113958334,2026-07-09 17:26:34+00:00,4.99,21.04454861111111,0
600130,70,66.4,35.957091384861116,2026-07-26 17:17:43+00:00,24.99,4.050694444444445,0
600370,38,65.0,71.20944413162037,2026-03-19 17:59:11+00:00,14.99,133.02189814814815,0
600480,71,53.87323943661972,39.33888227512732,2026-07-16 17:19:20+00:00,24.99,14.049571759259258,0
601010,43,53.093023255813954,58.660244433414356,2025-09-29 17:31:35+00:00,0.99,304.04106481481483,0
601150,53,56.60377358490566,49.67410145120371,2026-06-25 18:20:42+00:00,29.99,35.006956018518515,0
601220,12,68.83333333333333,75.62646254208333,2026-06-25 17:23:41+00:00,1.99,35.04655092592593,0
601430,51,75.3921568627451,55.35446412037037,2026-07-30 17:21:25+00:00,39.99,0.048125,0
601840,42,43.73809523809524,53.366284722222225,2026-06-11 17:00:43+00:00,19.99,49.0625,0
602520,64,47.265625,43.37657646237268,2026-06-25 17:23:01+00:00,9.99,35.04701388888889,0
602890,40,74.8,70.070317841875,2026-06-25 17:49:03+00:00,5.99,35.02893518518518,0
602960,80,49.3,33.03898983238426,2026-07-29 17:19:20+00:00,34.99,1.0495717592592593,0
603360,51,44.35294117647059,54.65496527777778,2026-06-25 17:57:30+00:00,1.99,35.02306712962963,0
603750,8,52.25,376.39265542327547,2026-03-19 17:57:58+00:00,0.99,133.02274305555557,0
603850,68,23.529411764705884,40.26811411690972,2026-06-25 18:50:47+00:00,5.99,34.98606481481482,1
604240,67,41.64179104477612,41.40572057378473,2026-06-25 18:39:41+00:00,9.99,34.99377314814815,1
604330,73,28.28767123287671,37.81806745112269,2026-07-20 17:20:23+00:00,5.99,10.048842592592592,0
604540,32,69.78125,60.04099163679398,2026-06-25 17:58:06+00:00,39.99,35.022650462962964,0
604990,22,75.45454545454545,73.71379574513888,2024-09-09 17:20:22+00:00,4.99,689.0488541666666,0
605740,68,46.5735294117647,40.78777846876157,2026-06-25 18:44:52+00:00,24.99,34.99017361111111,0
606150,72,74.88888888888889,38.84116180880787,2026-07-20 17:20:23+00:00,19.99,10.048842592592592,1
606230,58,49.37931034482759,47.94261371019676,2026-06-25 17:29:44+00:00,24.99,35.04234953703704,0
606280,61,71.93442622950819,45.42868576388889,2026-06-18 17:18:27+00:00,39.99,42.050185185185185,1
606500,67,49.37313432835821,41.20701511643519,2026-07-06 17:15:09+00:00,19.99,24.052476851851853,0
606800,66,41.484848484848484,42.04218892449074,2026-06-25 17:48:53+00:00,12.99,35.02905092592592,0
606880,66,68.36363636363636,37.53907710113426,2026-07-16 17:19:20+00:00,34.99,14.049571759259258,0
607050,55,54.32727272727273,47.751727109050925,2026-07-17 17:17:00+00:00,19.99,13.05119212962963,0
607080,39,66.48717948717949,44.052890168124996,2026-06-25 18:50:47+00:00,59.99,34.98606481481482,0
607890,56,77.91071428571429,48.79494760100694,2026-05-07 17:19:51+00:00,39.99,84.04921296296297,0
608990,3,75.0,63.544774305555556,2020-04-01 21:07:29+00:00,0.99,2310.891134259259,0
609320,68,68.98529411764706,41.160037140682874,2026-07-20 17:20:23+00:00,14.99,10.048842592592592,0
609490,61,63.032786885245905,46.07871199844907,2026-07-27 17:20:43+00:00,9.99,3.048611111111111,0
609920,57,76.33333333333333,38.624424809849536,2026-07-30 17:21:25+00:00,19.99,0.048125,0
610180,59,45.25423728813559,47.11679118773148,2026-06-25 18:34:24+00:00,24.99,34.99744212962963,0
610370,46,64.02173913043478,46.665696244849535,2026-06-18 17:18:30+00:00,39.99,42.05015046296296,1
610670,50,44.16,55.77048894556712,2026-06-25 18:05:42+00:00,0.99,35.01737268518519,0
611660,56,67.30357142857143,50.3222401094213,2026-07-30 17:21:25+00:00,59.99,0.048125,0
611670,51,68.31372549019608,55.354462962962955,2026-07-30 17:21:20+00:00,59.99,0.04818287037037037,0
611790,86,39.58139534883721,32.36145915032407,2026-07-13 17:22:36+00:00,24.99,17.047303240740742,0
612170,12,47.666666666666664,239.5220633417477,2026-03-19 17:49:29+00:00,2.99,133.02863425925926,0
612570,73,55.6986301369863,38.39892666537037,2026-07-27 17:20:43+00:00,19.99,3.048611111111111,0
612880,56,78.625,50.322239057233794,2026-07-30 17:21:20+00:00,39.99,0.04818287037037037,0
613010,27,14.777777777777779,103.85573896010418,2026-07-06 00:00:32+00:00,0.99,24.770960648148147,0
613100,71,52.70422535211268,38.53467840607639,2026-05-21 10:15:35+00:00,24.99,70.3438425925926,0
613830,42,50.595238095238095,66.65241079493056,2026-06-25 17:58:20+00:00,14.99,35.02248842592593,1
614460,71,68.11267605633803,39.31028224206019,2026-07-14 17:16:27+00:00,4.99,16.051574074074075,0
614570,50,73.5,56.48414588056713,2026-07-30 17:21:20+00:00,29.99,0.04818287037037037,0
615530,34,41.3235294117647,39.72267115599537,2026-06-25 18:21:27+00:00,9.99,35.00643518518518,1
615610,85,50.67058823529412,32.74671461640047,2026-07-13 17:22:36+00:00,0.99,17.047303240740742,0
616560,38,82.47368421052632,73.85739145394676,2026-06-25 17:21:49+00:00,14.99,35.047847222222224,0
616720,4,10.0,89.65989969135416,2026-06-25 17:21:49+00:00,4.99,35.047847222222224,0
617160,6,46.666666666666664,149.3529560185185,2021-01-16 18:21:17+00:00,16.99,2021.006550925926,0
617290,59,60.33898305084746,41.81018438696759,2026-06-18 17:18:24+00:00,39.99,42.05021990740741,1
617480,77,72.98701298701299,36.33621832357639,2026-07-24 13:15:44+00:00,24.99,6.218738425925926,0
617670,12,66.66666666666667,75.62640888046296,2026-06-25 17:22:50+00:00,1.99,35.0471412037037,0
617830,79,48.56962025316456,35.03555422008102,2026-06-25 18:33:27+00:00,24.99,34.99810185185185,1
618140,76,71.27631578947368,36.80971666666667,2026-07-23 17:29:24+00:00,4.99,7.0425810185185185,0
619150,66,31.166666666666668,42.52901406694445,2026-07-27 09:15:43+00:00,12.99,3.3854166666666665,0
619400,68,51.911764705882355,40.78693045189815,2026-06-25 17:23:03+00:00,0.99,35.04699074074074,0
619700,68,81.3970588235294,40.7877815782176,2026-06-25 18:45:10+00:00,9.99,34.98996527777778,0
619780,60,67.0,46.8597077055787,2026-07-27 17:20:46+00:00,14.99,3.048576388888889,0
619820,13,41.92307692307692,46.5654185956713,2026-07-27 17:20:46+00:00,19.99,3.048576388888889,0
620350,11,59.81818181818182,39.20320601851852,2021-02-13 00:07:19+00:00,9.99,1993.76625,0
620590,68,77.02941176470588,41.10032476505787,2026-07-16 17:19:20+00:00,34.99,14.049571759259258,0
621060,53,58.56603773584906,52.552391381759264,2026-06-25 17:23:04+00:00,19.99,35.04697916666667,0
621830,66,85.3030303030303,42.50354504984954,2026-07-25 17:31:49+00:00,19.99,5.040902777777778,0
622220,39,56.15384615384615,68.78697429336806,2026-06-25 18:21:31+00:00,49.99,35.006388888888885,0
622650,56,60.982142857142854,49.940487794606476,2026-07-09 17:26:38+00:00,19.99,21.044502314814814,0
623550,68,55.1764705882353,41.05558284962963,2026-07-13 17:22:38+00:00,4.99,17.047280092592594,0
623940,38,58.94736842105263,73.85741898148149,2026-06-25 17:23:17+00:00,7.99,35.0468287037037,0
624270,69,65.17391304347827,40.18785198800926,2026-06-25 18:34:28+00:00,19.99,34.997395833333336,0
625960,59,25.694915254237287,40.7406561302662,2026-07-27 17:20:46+00:00,24.99,3.048576388888889,0
626610,62,77.1774193548387,44.79962868092593,2026-06-25 18:39:23+00:00,19.99,34.993981481481484,0
626690,64,77.8125,43.043226410925925,2026-06-04 17:21:30+00:00,19.99,56.04806712962963,0
627270,74,80.06756756756756,37.872914446979166,2026-07-27 17:20:46+00:00,49.99,3.048576388888889,0
627950,65,52.0,42.69882631655093,2026-06-25 17:23:50+00:00,0.99,35.04644675925926,0
628070,25,47.2,109.789167631169,2026-04-23 17:21:35+00:00,39.99,98.04800925925926,0
628670,63,65.31746031746032,35.2262836021412,2026-06-25 19:03:47+00:00,34.99,34.977037037037036,1
628750,70,61.385714285714286,39.605583735902776,2026-06-25 18:50:48+00:00,1.99,34.98605324074074,1
629380,67,51.97014925373134,41.40498860128472,2026-06-25 17:30:07+00:00,0.99,35.04208333333333,0
629520,32,20.0,88.15257579151621,2026-06-25 17:30:59+00:00,4.99,35.04148148148148,0
629730,5,20.0,90.96966435185185,2026-06-25 18:39:17+00:00,29.99,34.994050925925926,0
629760,43,52.906976744186046,62.21979056436342,2026-06-25 17:56:51+00:00,29.99,35.02351851851852,0
629820,52,62.78846153846154,37.02205337689815,2026-07-26 17:17:43+00:00,39.99,4.050694444444445,0
631510,56,57.035714285714285,49.686626473055554,2026-06-25 18:20:49+00:00,29.99,35.006875,0
631570,62,69.70967741935483,41.914201768356484,2026-06-25 18:44:52+00:00,14.99,34.99017361111111,1
631980,34,51.05882352941177,83.62406425364583,2026-07-22 14:15:32+00:00,14.99,8.177210648148149,0
632300,46,43.04347826086956,60.728016975300925,2026-06-25 18:15:30+00:00,29.99,35.01056712962963,0
632350,51,63.23529411764706,54.65495856481481,2026-06-25 17:57:01+00:00,29.99,35.023402777777775,1
632360,48,50.583333333333336,50.63850965326389,2026-06-25 18:39:10+00:00,24.99,34.99413194444445,0
632470,82,57.4390243902439,29.666700245763888,2026-06-25 18:39:16+00:00,39.99,34.9940625,1
633060,75,55.74666666666667,36.92969610234954,2026-06-25 19:08:25+00:00,9.99,34.973819444444445,1
633080,16,45.5,66.93381790122686,2026-06-25 17:23:53+00:00,19.99,35.04641203703704,0
633230,62,78.6774193548387,44.7999064587037,2026-06-25 19:03:47+00:00,19.99,34.977037037037036,0
635200,67,85.55223880597015,41.783674943877315,2026-07-20 17:20:28+00:00,12.99,10.048784722222223,0
635260,55,53.872727272727275,50.47631794409722,2026-06-18 17:18:29+00:00,16.99,42.05016203703704,0
635320,68,72.79411764705883,40.57800321309028,2026-06-11 17:25:45+00:00,19.99,49.04511574074074,0
635730,32,70.0,36.219768891875006,2022-01-27 19:30:29+00:00,1.99,1644.9584953703704,0
635880,73,78.32876712328768,37.95523694701389,2026-06-25 18:38:58+00:00,4.99,34.99427083333333,0
636100,53,63.37735849056604,52.55248108083334,2026-06-25 17:29:47+00:00,14.99,35.042314814814816,0
636150,85,62.61176470588235,32.86575520833333,2026-07-23 17:21:45+00:00,4.99,7.047893518518518,0
636480,35,38.25714285714286,80.37441210511574,2026-06-25 17:31:13+00:00,17.99,35.04131944444445,0
637090,67,71.70149253731343,41.40528514309028,2026-06-25 17:58:18+00:00,39.99,35.02251157407407,0
637100,51,75.0,54.51442291666666,2026-06-18 17:18:27+00:00,39.99,42.050185185185185,1
637310,24,39.875,107.08720863525463,2026-06-25 17:29:47+00:00,0.99,35.042314814814816,0
637650,43,54.41860465116279,64.73158013667825,2026-06-11 17:25:58+00:00,34.99,49.04496527777778,1
637670,41,53.53658536585366,68.31872048611112,2026-06-25 17:58:18+00:00,39.99,35.02251157407407,1
638070,39,70.07692307692308,72.38747502436343,2026-07-13 17:22:38+00:00,9.99,17.047280092592594,0
638230,54,56.75925925925926,41.60533826869213,2026-06-25 18:34:34+00:00,14.99,34.99732638888889,0
638970,39,61.1025641025641,66.38851455895833,2025-11-27 18:19:31+00:00,19.99,245.0077777777778,0
638990,37,33.0,47.513186085381946,2026-06-25 18:26:41+00:00,19.99,35.002800925925925,0
639790,41,45.609756097560975,38.394761574074074,2023-03-16 18:58:16+00:00,4.99,1231.9808680555554,0
640120,70,63.285714285714285,39.60541935050926,2026-06-25 18:34:28+00:00,14.99,34.997395833333336,0
640380,60,54.583333333333336,46.58846927965278,2026-07-11 17:16:21+00:00,0.99,19.051643518518517,0
640590,56,72.10714285714286,50.26768644780093,2026-07-27 17:20:46+00:00,19.99,3.048576388888889,0
640820,74,63.66216216216216,37.435416825208335,2026-06-25 18:51:01+00:00,19.99,34.98590277777778,1
641080,63,74.76190476190476,43.073862193842594,2026-07-13 17:22:38+00:00,19.99,17.047280092592594,0
641320,73,50.38356164383562,36.2233437821412,2026-07-27 17:20:46+00:00,19.99,3.048576388888889,0
641780,22,43.18181818181818,104.00883763226852,2025-09-29 17:48:32+00:00,9.99,304.0292939814815,0
641960,15,40.666666666666664,55.19959160052083,2021-02-11 19:03:46+00:00,29.99,1994.977048611111,0
641990,73,72.73972602739725,38.39892714762731,2026-07-27 17:20:46+00:00,19.99,3.048576388888889,0
643960,46,66.0,61.349528034976856,2026-07-23 17:29:25+00:00,4.99,7.042569444444444,0
644560,75,60.0,36.92965262136574,2026-06-25 19:03:47+00:00,1.99,34.977037037037036,1
644830,66,75.78787878787878,37.291605591157406,2026-07-16 17:19:20+00:00,29.99,14.049571759259258,0
644930,86,17.267441860465116,32.361513208055555,2026-07-13 17:29:13+00:00,29.99,17.042708333333334,0
645630,87,75.08045977011494,31.973480700902776,2026-07-12 17:15:51+00:00,19.99,18.05199074074074,1
646270,64,53.0,43.8368597516088,2026-07-24 17:19:55+00:00,9.99,6.049166666666666,0
646500,83,72.4578313253012,33.54547016146991,2026-07-13 17:29:07+00:00,14.99,17.04277777777778,0
646570,61,62.18032786885246,46.02870273918982,2026-07-24 17:19:55+00:00,24.99,6.049166666666666,0
646910,60,77.5,46.74106069521991,2026-07-20 17:20:31+00:00,29.99,10.04875,0
647830,60,71.25,46.85970790174769,2026-07-27 17:20:47+00:00,19.99,3.048564814814815,0
647960,49,39.83673469387755,56.931750819826384,2026-06-25 17:22:37+00:00,4.99,35.047291666666666,0
648350,74,75.54054054054055,37.4353023528588,2026-06-25 18:38:59+00:00,44.99,34.99425925925926,0
648410,47,33.51063829787234,41.439271839768516,2026-06-25 18:15:29+00:00,39.99,35.0105787037037,1
648800,37,31.2972972972973,75.90938528805555,2026-06-25 17:42:32+00:00,19.99,35.03346064814815,0
650000,51,69.52941176470588,55.354462962962955,2026-07-30 17:21:20+00:00,14.99,0.04818287037037037,0
651660,39,76.84615384615384,71.91379995126158,2026-06-25 17:23:08+00:00,14.99,35.04693287037037,0
651670,63,62.01587301587302,34.371433318391205,2026-07-10 17:16:43+00:00,24.99,20.051388888888887,0
653530,34,31.823529411764707,79.12054292928241,2026-05-28 17:18:20+00:00,19.99,63.05026620370371,0
653930,4,31.5,431.5781057098727,2022-07-18 17:37:25+00:00,14.99,1473.0370138888889,0
654880,26,65.84615384615384,109.31793518518518,2026-06-25 22:45:40+00:00,14.99,34.82295138888889,0
654990,58,87.06896551724138,47.63089343729167,2026-07-18 17:15:27+00:00,4.99,12.052268518518519,0
655500,11,18.181818181818183,237.9954386574074,2026-06-25 17:19:54+00:00,34.99,35.049178240740744,0
656240,71,71.7605633802817,37.68539963623842,2026-07-13 17:29:07+00:00,19.99,17.04277777777778,0
656350,71,42.183098591549296,35.985021494699076,2026-07-13 17:29:07+00:00,19.99,17.04277777777778,0
656460,53,77.84905660377359,52.5531712962963,2026-06-25 18:21:28+00:00,14.99,35.00642361111111,0
656600,54,91.48148148148148,51.56139434835648,2026-06-25 18:05:37+00:00,29.99,35.017430555555556,0
656610,64,64.828125,43.88448835243055,2026-07-27 17:20:47+00:00,0.99,3.048564814814815,0
657200,60,53.166666666666664,46.622517851527775,2026-07-13 17:29:07+00:00,2.99,17.04277777777778,0
657240,65,40.86153846153846,43.08941550925926,2026-07-20 17:20:32+00:00,19.99,10.048738425925926,0
658570,40,40.2,54.146646782997685,2024-10-12 17:15:41+00:00,11.99,656.0521064814815,0
658850,73,69.63013698630137,38.301702674895836,2026-07-20 17:20:32+00:00,15.99,10.048738425925926,0
663390,17,24.11764705882353,48.29950737847222,2021-02-11 19:00:39+00:00,4.99,1994.979212962963,0
664830,11,50.0,83.3003599537037,2026-06-25 17:29:34+00:00,14.99,35.04246527777778,0
665090,12,52.5,49.251557239050925,2020-06-25 18:24:40+00:00,9.99,2226.0042013888888,0
665360,91,51.64835164835165,30.719141975300925,2026-07-27 17:20:48+00:00,4.99,3.0485532407407407,0
666140,82,68.71951219512195,33.99656492912037,2026-07-16 17:19:20+00:00,29.99,14.049571759259258,0
666150,32,25.15625,47.48575642173611,2026-06-25 18:39:23+00:00,29.99,34.993981481481484,0
666570,51,60.90196078431372,55.21457546296297,2026-07-23 17:29:26+00:00,12.99,7.04255787037037,0
667530,2,20.0,105.08532407407408,2025-06-26 21:32:41+00:00,3.99,398.87363425925923,0
667600,34,43.44117647058823,82.81167543489583,2026-06-25 18:50:49+00:00,9.99,34.986041666666665,0
667720,62,78.19354838709677,45.32332422585648,2026-07-27 17:20:48+00:00,19.99,3.0485532407407407,0
667970,40,25.5,70.06984716285879,2026-06-25 17:22:37+00:00,29.99,35.047291666666666,0
668550,50,73.44,38.87257794783565,2026-06-25 19:12:14+00:00,19.99,34.97116898148148,1
668580,39,59.333333333333336,31.578952850868056,2026-07-16 17:19:20+00:00,59.99,14.049571759259258,0
668630,75,65.8,36.92952577577547,2026-06-25 18:50:16+00:00,1.99,34.986423611111114,1
669330,30,28.5,40.45069324711805,2026-07-27 17:20:48+00:00,14.99,3.0485532407407407,0
671440,49,68.44897959183673,56.93213758680555,2026-06-25 17:49:21+00:00,29.99,35.02872685185185,0
671510,79,66.49367088607595,35.03560660018518,2026-06-25 18:39:20+00:00,14.99,34.9940162037037,0
671860,10,40.0,60.89384130657407,2025-03-13 18:08:55+00:00,14.99,504.0151388888889,0
672630,65,36.0,43.19879340277778,2026-07-27 17:20:48+00:00,19.99,3.0485532407407407,0
673130,50,50.82,55.769863945567124,2026-06-25 17:21:36+00:00,19.99,35.04799768518519,1
673610,55,54.27272727272727,50.60713498798611,2026-06-25 18:50:49+00:00,24.99,34.986041666666665,0
673750,37,37.027027027027025,70.69574234824074,2026-07-09 18:50:46+00:00,14.99,20.98607638888889,0
673880,54,68.79629629629629,51.56167387315972,2026-06-25 18:26:57+00:00,29.99,35.002615740740744,0
673950,53,36.37735849056604,52.55237179486111,2026-06-25 17:21:36+00:00,19.99,35.04799768518519,0
674140,35,59.82857142857143,44.68248570260417,2026-06-25 18:15:09+00:00,24.99,35.010810185185186,0
674500,54,56.148148148148145,41.75634717854167,2026-06-11 17:25:45+00:00,19.99,49.04511574074074,0
674520,56,66.69642857142857,49.68589709594907,2026-06-25 17:23:03+00:00,19.99,35.04699074074074,0
674750,76,81.36842105263158,36.80958719135417,2026-07-23 17:15:25+00:00,3.99,7.052291666666667,0
674940,60,54.06666666666667,46.60541254707176,2026-07-12 17:15:51+00:00,4.99,18.05199074074074,0
675010,62,76.80645161290323,45.14297965997685,2026-07-16 17:19:20+00:00,19.99,14.049571759259258,0
675260,57,55.94736842105263,44.418384589942136,2026-06-25 18:39:41+00:00,14.99,34.99377314814815,1
676820,61,39.50819672131148,45.96204340277777,2026-07-20 17:20:33+00:00,5.99,10.048726851851852,0
677120,40,60.1,69.71093067425926,2026-06-11 17:25:52+00:00,14.99,49.04503472222222,0
677160,61,68.36065573770492,45.861996141967595,2026-07-14 17:16:28+00:00,9.99,16.0515625,0
678830,8,23.5,57.42539021163195,2025-03-13 18:09:03+00:00,0.99,504.0150462962963,0
678900,62,60.87096774193548,44.79968958711806,2026-06-25 18:44:44+00:00,19.99,34.990266203703705,0
678950,66,81.4090909090909,42.47265046296296,2026-07-23 17:20:05+00:00,59.99,7.0490509259259255,0
678960,60,75.1,41.202552769930556,2026-07-23 17:19:57+00:00,59.99,7.049143518518519,0
679110,37,75.67567567567568,45.25970421810185,2026-07-25 17:31:49+00:00,29.99,5.040902777777778,0
679900,46,48.56521739130435,56.84137860082176,2026-07-23 17:29:26+00:00,14.99,7.04255787037037,0
680360,55,76.0909090909091,50.60706275719908,2026-06-25 18:45:12+00:00,11.99,34.98994212962963,1
680420,42,54.0,45.41610715898148,2026-06-25 18:45:12+00:00,19.99,34.98994212962963,1
680780,12,73.75,31.18145307238426,2024-07-15 17:16:13+00:00,19.99,745.0517361111112,0
681280,64,57.03125,43.377089947083334,2026-06-25 18:09:36+00:00,24.99,35.01466435185185,1
682990,66,65.0909090909091,34.786679487175924,2026-06-25 18:34:32+00:00,19.99,34.99734953703704,1
683320,68,65.23529411764706,40.71453064538195,2026-07-25 17:31:49+00:00,14.99,5.040902777777778,0
683830,72,56.90277777777778,38.23475906363426,2026-07-13 17:22:38+00:00,6.99,17.047280092592594,0
683900,49,64.24489795918367,57.306751060949075,2026-07-13 17:22:38+00:00,19.99,17.047280092592594,0
684410,74,74.74324324324324,37.63999920724537,2026-07-10 17:16:43+00:00,9.99,20.051388888888887,0
684450,35,51.142857142857146,59.145806781041664,2026-06-25 17:58:19+00:00,29.99,35.0225,0
684580,64,49.515625,43.377353027627315,2026-06-25 18:33:28+00:00,9.99,34.99809027777778,0
684680,70,66.54285714285714,39.60534537707176,2026-06-25 18:27:07+00:00,4.99,35.0025,1
686200,58,68.53448275862068,47.94339485866898,2026-06-25 18:33:51+00:00,13.99,34.997824074074074,0
686810,67,35.95522388059702,38.181026234560186,2026-06-11 17:17:38+00:00,49.99,49.050752314814815,1
688130,39,38.43589743589744,70.34696271929398,2026-06-25 17:23:03+00:00,6.99,35.04699074074074,1
688420,76,61.9078947368421,36.662924537037036,2026-07-12 17:15:51+00:00,14.99,18.05199074074074,0
688470,16,43.6875,51.517992283946754,2021-02-11 18:28:38+00:00,6.99,1995.0014467592594,0
689300,10,77.0,141.0880787037037,2022-06-23 19:01:30+00:00,7.99,1497.9786226851852,0
690040,62,58.225806451612904,35.575360883414355,2026-06-25 18:27:06+00:00,24.99,35.00251157407408,1
690530,15,50.266666666666666,48.969048445763896,2021-02-07 16:21:16+00:00,17.99,1999.0898958333332,0
690640,72,72.15277777777777,34.21122571074074,2026-07-15 17:16:55+00:00,29.99,15.05125,0
690790,65,65.07692307692308,41.70244900173611,2026-07-30 17:21:25+00:00,19.99,0.048125,0
690810,59,72.35593220338983,47.11662735472222,2026-06-25 18:20:43+00:00,19.99,35.00694444444444,0
690830,65,23.215384615384615,42.58177716290509,2026-07-20 17:20:35+00:00,34.99,10.048703703703703,0
691260,8,26.5,90.33819775131946,2022-10-24 17:10:17+00:00,29.99,1375.0558564814814,0
691690,88,69.14772727272727,31.411087430810188,2026-06-25 18:21:02+00:00,24.99,35.00672453703704,0
692660,32,33.0625,88.15237679210648,2026-06-25 17:22:06+00:00,9.99,35.04765046296296,0
692850,68,58.89705882352941,38.6554284134838,2026-06-25 17:57:54+00:00,39.99,35.02278935185185,0
692890,64,28.953125,33.89047104643519,2026-06-25 18:45:12+00:00,24.99,34.98994212962963,0
694280,39,74.58974358974359,51.212669346967594,2026-06-18 17:18:24+00:00,49.99,42.05021990740741,0
695630,34,49.3235294117647,82.80997299381944,2026-06-25 17:29:55+00:00,4.99,35.04222222222222,0
695920,21,56.38095238095238,39.63823900462963,2021-03-03 18:21:17+00:00,12.99,1975.006550925926,0
696170,51,60.78431372549019,54.65547083333333,2026-06-25 18:33:54+00:00,29.99,34.99778935185185,0
698670,36,64.58333333333333,42.11536805555556,2026-06-25 19:03:48+00:00,39.99,34.97702546296296,1
699130,29,60.724137931034484,41.25298611111111,2026-06-25 19:03:48+00:00,29.99,34.97702546296296,1
699170,55,65.98181818181818,50.606459190671295,2026-06-25 17:58:16+00:00,29.99,35.022534722222225,1
699920,80,54.9,34.81929193037037,2026-07-13 17:22:39+00:00,7.99,17.047268518518518,0
700600,31,69.35483870967742,64.9360447530787,2026-06-18 17:18:24+00:00,39.99,42.05021990740741,0
701160,76,59.69736842105263,35.18721327159722,2026-06-25 18:44:45+00:00,19.99,34.99025462962963,0
702050,43,45.348837209302324,59.72150958994213,2026-06-25 18:04:56+00:00,14.99,35.01790509259259,0
702670,66,63.121212121212125,42.042723646712965,2026-06-25 18:38:56+00:00,12.99,34.99429398148148,0
702890,13,37.15384615384615,64.39912712190971,2021-02-11 18:56:55+00:00,29.99,1994.9818055555556,0
703080,72,60.69444444444444,33.552990675532406,2026-06-25 18:38:59+00:00,44.99,34.99425925925926,0
703700,77,38.246753246753244,35.95789930555556,2026-06-25 19:12:30+00:00,9.99,34.970983796296295,1
704230,33,78.63636363636364,53.45977068865741,2023-09-07 17:06:14+00:00,14.99,1057.0586689814816,0
704270,69,68.57971014492753,38.036555010891206,2026-07-25 17:31:49+00:00,24.99,5.040902777777778,0
704450,58,66.48275862068965,47.94253634664352,2026-06-25 17:23:23+00:00,19.99,35.04675925925926,1
704850,87,70.50574712643679,31.973480700902776,2026-07-12 17:15:51+00:00,19.99,18.05199074074074,1
705120,34,60.294117647058826,49.72119142815972,2023-06-29 19:11:01+00:00,6.99,1126.9720138888888,0
707030,81,40.76543209876543,30.824957899305552,2026-07-15 17:16:55+00:00,19.99,15.05125,0
710920,53,65.83018867924528,46.8845775462963,2026-06-18 17:18:27+00:00,29.99,42.050185185185185,1
711540,65,53.246153846153845,37.46811143663194,2026-07-13 17:22:39+00:00,19.99,17.047268518518518,0
712100,52,69.98076923076923,53.583294753078704,2026-06-25 17:57:10+00:00,39.99,35.02329861111111,0
712190,68,74.38235294117646,35.03171745438657,2026-07-30 17:21:25+00:00,19.99,0.048125,0
712730,75,68.25333333333333,36.45978681806713,2026-06-25 19:03:38+00:00,4.99,34.9771412037037,0
714120,37,62.16216216216216,66.10984503600694,2026-06-25 17:24:02+00:00,19.99,35.04630787037037,0
715210,25,73.48,43.24547019675926,2021-12-22 18:38:38+00:00,2.99,1680.9945023148148,0
715400,38,23.289473684210527,36.50322572571759,2026-07-30 05:15:23+00:00,19.99,0.5523148148148148,0
716490,50,45.74,55.770374385856485,2026-06-25 17:57:37+00:00,19.99,35.02298611111111,0
717560,57,54.473684210526315,37.12710131447917,2026-06-25 18:56:53+00:00,19.99,34.981828703703705,1
717720,32,33.375,84.9919287634375,2026-03-19 17:59:42+00:00,9.99,133.02153935185186,0
718560,56,60.089285714285715,50.26768686868055,2026-07-27 17:20:48+00:00,19.99,3.0485532407407407,0
718650,82,75.13414634146342,33.737782064467595,2026-06-25 18:14:54+00:00,19.99,35.010983796296294,0
718670,59,49.6271186440678,47.11625778255787,2026-06-25 17:49:51+00:00,19.99,35.02837962962963,1
718850,60,66.36666666666666,41.407213786875005,2026-06-25 17:58:10+00:00,29.99,35.02260416666667,1
719040,47,58.255319148936174,44.892636624386576,2026-06-25 18:50:50+00:00,39.99,34.98603009259259,0
719300,51,59.411764705882355,54.454480787037035,2026-06-15 17:22:37+00:00,6.99,45.047291666666666,0
719310,51,55.05882352941177,54.454480787037035,2026-06-15 17:22:37+00:00,4.99,45.047291666666666,0
719890,12,35.0,203.9014446548727,2026-02-09 18:20:15+00:00,19.99,171.00726851851852,0
720280,13,60.0,222.4194483024653,2026-06-25 19:11:53+00:00,1.99,34.971412037037034,1
720560,50,42.8,43.10223285146991,2026-07-27 17:20:48+00:00,21.99,3.0485532407407407,0
720620,19,25.0,94.88924704217592,2026-06-25 17:22:09+00:00,24.99,35.04761574074074,0
722060,60,46.266666666666666,46.31797139829861,2026-06-25 18:14:51+00:00,39.99,35.01101851851852,0
722960,75,71.04,36.92919419418982,2026-06-25 18:14:56+00:00,9.99,35.01096064814815,1
723390,22,78.5909090909091,121.13162533068288,2025-12-18 18:20:21+00:00,9.99,224.00719907407407,0
724740,78,47.11538461538461,35.642725769594904,2026-07-07 11:45:26+00:00,1.99,23.28144675925926,0
724970,49,63.42857142857143,57.39000192900463,2026-07-17 17:16:56+00:00,29.99,13.051238425925925,0
726840,42,36.54761904761905,65.95766796521991,2026-07-20 17:20:37+00:00,19.99,10.048680555555556,0
727020,24,48.291666666666664,89.7787001811574,2024-09-02 17:17:45+00:00,0.99,696.0506712962963,0
727130,76,39.48684210526316,34.69780462962963,2026-07-13 17:22:41+00:00,29.99,17.04724537037037,0
728530,48,57.375,48.85186170211806,2026-06-25 18:15:13+00:00,39.99,35.01076388888889,0
728740,46,69.93478260869566,58.36979655349536,2026-06-18 17:18:24+00:00,34.99,42.05021990740741,0
728880,74,61.391891891891895,37.2428259766551,2026-06-11 17:25:52+00:00,24.99,49.04503472222222,1
729000,35,58.31428571428572,48.79477464596065,2026-06-25 17:50:21+00:00,19.99,35.02803240740741,0
729040,58,60.46551724137931,45.789459876539354,2026-07-27 17:20:49+00:00,29.99,3.0485416666666665,0
729460,82,53.30487804878049,34.052084190671295,2026-07-21 05:15:06+00:00,0.99,9.552511574074074,0
729660,68,64.76470588235294,40.787472878657404,2026-06-25 18:15:23+00:00,4.99,35.01064814814815,0
730310,4,30.0,33.337399691354165,2020-08-11 18:07:25+00:00,44.99,2179.0161805555554,0
730820,36,59.47222222222222,78.07799140210648,2026-06-25 17:30:46+00:00,6.99,35.04163194444445,0
731040,25,42.4,39.873312114189815,2026-07-20 17:20:38+00:00,29.99,10.048668981481482,0
731490,59,54.83050847457627,47.11656130267361,2026-06-25 18:15:12+00:00,39.99,35.01077546296296,0
732370,42,47.142857142857146,65.98915848011575,2026-06-25 17:21:09+00:00,9.99,35.04831018518519,0
732430,53,64.52830188679245,50.66786525106481,2026-03-19 17:29:45+00:00,2.99,133.04233796296296,0
732690,22,40.0,116.00002976189816,2026-06-25 17:22:06+00:00,29.99,35.04765046296296,0
733070,23,60.0,36.26204913719908,2021-03-08 18:21:43+00:00,1.99,1970.00625,0
735280,18,34.833333333333336,160.7483462690625,2026-06-25 17:19:31+00:00,29.99,35.04944444444445,0
735580,62,79.12903225806451,45.25785044777778,2026-07-23 17:29:35+00:00,29.99,7.042453703703703,0
736190,63,37.6031746031746,43.96324484766204,2026-06-18 17:18:30+00:00,9.99,42.05015046296296,0
736220,43,46.51162790697674,65.06483465607639,2026-06-25 17:21:12+00:00,19.99,35.04827546296296,1
736260,24,26.875,109.94318538646989,2026-05-28 17:18:56+00:00,14.99,63.04984953703703,0
736820,29,57.827586206896555,46.06917700065973,2026-06-18 17:18:28+00:00,44.99,42.05017361111111,1
736850,68,67.8970588235294,39.81425338584491,2026-07-10 17:16:43+00:00,19.99,20.051388888888887,0
738190,5,68.0,70.30043113425926,2021-06-24 19:25:41+00:00,4.99,1861.9618287037038,0
738520,74,49.2027027027027,37.626425989340284,2026-07-09 17:29:54+00:00,24.99,21.042233796296298,1
738540,55,73.56363636363636,48.97807184498842,2026-07-26 17:17:43+00:00,49.99,4.050694444444445,0
739080,53,64.90566037735849,39.76934250355324,2026-07-23 17:29:35+00:00,19.99,7.042453703703703,0
739540,20,68.5,122.84275462962962,2026-03-19 17:49:34+00:00,9.99,133.0285763888889,0
739630,43,19.53488372093023,50.64206294091436,2026-07-16 17:19:22+00:00,19.99,14.049548611111112,0
740080,71,67.3943661971831,39.0396254960301,2026-06-25 18:34:15+00:00,11.99,34.9975462962963,1
740130,18,50.0,53.93964324618056,2026-06-25 19:12:19+00:00,49.99,34.971111111111114,0
741260,35,56.714285714285715,75.44118702341434,2026-02-12 18:18:51+00:00,3.99,168.00824074074075,0
742250,55,51.72727272727273,51.254133444780095,2026-07-30 17:21:25+00:00,14.99,0.048125,0
742300,60,58.65,46.3185475517824,2026-06-25 19:03:48+00:00,29.99,34.97702546296296,0
742420,26,73.42307692307692,41.44602361111111,2026-06-25 18:26:57+00:00,29.99,35.002615740740744,0
743390,80,73.425,34.592074103368056,2026-06-25 18:34:21+00:00,8.99,34.99747685185185,0
743450,68,66.80882352941177,41.219733796296296,2026-07-24 17:19:55+00:00,11.99,6.049166666666666,0
743640,84,51.476190476190474,33.141253904502314,2026-07-13 17:22:40+00:00,0.99,17.047256944444445,0
743890,60,54.166666666666664,46.3185475517824,2026-06-25 19:03:48+00:00,19.99,34.97702546296296,0
743900,60,54.166666666666664,46.3185475517824,2026-06-25 19:03:48+00:00,19.99,34.97702546296296,0
744190,59,43.0,47.116342792141204,2026-06-25 17:56:57+00:00,3.99,35.02344907407407,1
745740,84,49.55952380952381,32.92487212739584,2026-06-25 18:20:43+00:00,0.99,35.00694444444444,1
745920,29,57.62068965517241,46.81990823412037,2026-06-25 17:50:13+00:00,44.99,35.028125,0
746580,51,51.94117647058823,51.11249166666667,2026-06-25 17:21:48+00:00,19.99,35.047858796296296,0
746850,67,57.28358208955224,34.15277497193287,2026-06-25 18:21:12+00:00,19.99,35.0066087962963,1
747200,47,30.106382978723403,56.34108494363426,2026-07-30 17:21:25+00:00,14.99,0.048125,0
747660,10,41.5,162.55400462962962,2026-06-25 17:21:32+00:00,39.99,35.048043981481484,0
748300,77,83.12987012987013,35.91850146197917,2026-07-27 17:20:49+00:00,16.99,3.0485416666666665,0
750130,51,77.3529411764706,39.280768287037034,2026-07-14 17:16:29+00:00,39.99,16.051550925925927,0
750920,81,77.39506172839506,34.15971860532407,2026-06-25 18:39:35+00:00,39.99,34.99384259259259,0
751780,48,53.458333333333336,54.78714539006944,2026-06-25 18:39:04+00:00,19.99,34.99420138888889,0
752060,31,32.193548387096776,91.09216049381945,2026-06-25 18:21:20+00:00,9.99,35.006516203703704,0
752590,75,73.04,34.83318631130787,2026-07-16 17:19:22+00:00,39.99,14.049548611111112,0
753420,41,34.829268292682926,68.31934809027777,2026-06-25 18:34:27+00:00,9.99,34.99740740740741,0
753640,54,39.81481481481482,41.47368645177083,2026-06-25 18:39:14+00:00,24.99,34.99408564814815,0
753650,37,56.45945945945946,57.418239776226855,2026-06-25 18:56:53+00:00,9.99,34.981828703703705,1
753660,82,75.64634146341463,33.99656521489583,2026-07-16 17:19:22+00:00,3.99,14.049548611111112,0
754150,44,23.818181818181817,64.13308731696759,2026-07-20 17:20:46+00:00,19.99,10.04857638888889,0
754530,46,61.43478260869565,60.57131044238427,2026-06-18 17:00:55+00:00,9.99,42.06236111111111,0
755500,56,77.71428571428571,47.12720601851852,2026-06-25 17:58:18+00:00,59.99,35.02251157407407,0
756800,38,42.026315789473685,33.00333865114583,2026-07-11 17:16:21+00:00,29.99,19.051643518518517,1
757210,15,35.2,188.19480654761574,2026-03-19 17:27:18+00:00,17.99,133.04403935185186,0
757300,76,77.03947368421052,35.79856867283565,2026-07-18 17:15:27+00:00,29.99,12.052268518518519,0
757310,53,56.24528301886792,32.99894564636574,2026-07-10 17:16:43+00:00,24.99,20.051388888888887,0
757320,63,65.88888888888889,34.22844272699074,2026-07-10 17:16:43+00:00,14.99,20.051388888888887,0
758190,93,70.18279569892474,29.899174843993052,2026-07-13 17:22:41+00:00,9.99,17.04724537037037,0
758370,40,35.275,70.06999317425927,2026-06-25 17:30:49+00:00,15.99,35.04159722222222,0
758990,32,21.25,88.15257915172454,2026-06-25 17:31:08+00:00,12.99,35.04137731481482,0
759740,69,75.0,40.45493293844907,2026-07-20 17:20:46+00:00,29.99,10.04857638888889,0
760060,64,59.0625,43.21918797765046,2026-07-20 17:20:46+00:00,34.99,10.04857638888889,0
760650,55,66.27272727272727,38.31558234738426,2026-07-27 17:20:49+00:00,24.99,3.0485416666666665,0
761460,88,35.95454545454545,31.628962989560186,2026-07-14 17:16:29+00:00,14.99,16.051550925925927,0
761600,56,54.19642857142857,46.49080976430556,2026-06-25 18:44:40+00:00,19.99,34.9903125,0
761620,72,72.90277777777777,38.350169698738426,2026-07-20 17:20:46+00:00,17.99,10.04857638888889,0
761830,56,53.625,35.000986531979166,2026-06-25 18:39:22+00:00,19.99,34.993993055555556,1
762240,2,34.0,54.12103009259259,2025-09-29 20:11:19+00:00,14.99,303.9301388888889,0
762650,89,68.37078651685393,31.224090382986113,2026-07-10 17:16:44+00:00,19.99,20.051377314814815,0
762830,63,62.301587301587304,39.59660356929398,2026-07-18 17:15:27+00:00,19.99,12.052268518518519,0
763890,31,27.903225806451612,73.46575501542824,2026-03-19 17:27:51+00:00,24.99,133.0436574074074,0
764790,69,59.17391304347826,39.98126753130787,2026-06-11 17:25:43+00:00,19.99,49.045138888888886,0
765410,69,51.927536231884055,40.554746732025464,2026-07-20 17:20:48+00:00,0.99,10.048553240740741,0
765810,46,50.54347826086956,46.03856378600695,2026-07-21 09:00:11+00:00,19.99,9.396203703703703,0
765880,43,58.83720930232558,60.8743970458449,2026-06-25 17:23:17+00:00,29.99,35.0468287037037,0
768200,34,52.088235294117645,36.42962682378472,2026-07-13 17:22:41+00:00,34.99,17.04724537037037,0
768520,46,38.04347826086956,40.445645576122686,2026-06-11 17:25:45+00:00,14.99,49.04511574074074,0
770810,18,37.22222222222222,45.45728962417824,2021-02-11 18:34:27+00:00,14.99,1994.9974074074073,0
771430,31,33.16129032258065,91.09096257715278,2026-06-25 17:29:35+00:00,9.99,35.04245370370371,0
772430,86,73.66279069767442,32.36145983114583,2026-07-13 17:22:41+00:00,9.99,17.04724537037037,0
773370,42,56.54761904761905,41.68498955509259,2026-07-24 17:19:55+00:00,16.99,6.049166666666666,0
773790,24,15.416666666666666,61.002739029780095,2026-06-25 18:34:19+00:00,24.99,34.9975,0
773951,23,42.17391304347826,99.93842697811343,2025-07-02 21:08:08+00:00,24.99,392.89068287037037,0
774091,66,58.10606060606061,42.257372329050924,2026-07-09 17:30:03+00:00,5.99,21.04212962962963,0
774171,41,63.41463414634146,64.06273611111112,2026-06-25 17:48:53+00:00,2.99,35.02905092592592,1
774181,36,11.38888888888889,55.57619312168982,2026-06-25 18:21:23+00:00,19.99,35.00648148148148,0
774201,71,49.225352112676056,37.522675099201386,2026-06-25 18:09:36+00:00,24.99,35.01466435185185,1
774241,64,76.015625,40.61900352732639,2026-07-25 17:31:48+00:00,29.99,5.0409143518518515,0
774361,66,65.8030303030303,37.94250819087963,2026-06-11 17:25:52+00:00,24.99,49.04503472222222,0
774461,60,41.666666666666664,46.318200721898144,2026-06-25 18:34:20+00:00,29.99,34.99748842592592,0
774541,20,28.75,138.66987755847222,2026-03-19 17:27:51+00:00,19.99,133.0436574074074,0
774801,23,25.217391304347824,53.684471275243055,2026-06-25 18:09:46+00:00,9.99,35.01454861111111,0
774811,65,72.07692307692308,41.9799927662037,2026-05-10 17:16:08+00:00,19.99,81.05179398148148,1
774861,44,49.56818181818182,60.81282568905093,2026-07-13 17:22:43+00:00,9.99,17.04722222222222,0
775500,43,71.86046511627907,42.000003031296295,2026-06-18 17:18:35+00:00,59.99,42.05009259259259,0
776490,62,54.03225806451613,44.79975941104166,2026-06-25 18:50:52+00:00,10.99,34.98600694444445,0
776960,84,49.714285714285715,32.92487770525463,2026-06-25 18:21:23+00:00,0.99,35.00648148148148,1
779290,57,69.42105263157895,44.00035590277778,2026-06-25 17:49:52+00:00,19.99,35.02836805555555,1
779340,51,55.627450980392155,51.13607592592592,2026-06-25 18:09:29+00:00,39.99,35.01474537037037,0
779640,75,64.66666666666667,36.92965293417824,2026-06-25 19:03:49+00:00,1.99,34.97701388888889,1
780290,46,44.869565217391305,54.756759773657414,2026-06-25 18:39:18+00:00,34.99,34.99403935185185,1
780310,45,39.82222222222222,38.66769281354167,2026-06-11 17:25:55+00:00,29.99,49.045,0
782330,48,69.27083333333333,48.4437371946412,2026-07-30 17:21:29+00:00,29.99,0.04807870370370371,0
783170,61,61.295081967213115,45.84540181326389,2026-07-13 17:22:43+00:00,29.99,17.04722222222222,0
784080,35,49.91428571428571,49.820100081689816,2026-06-18 17:18:24+00:00,29.99,42.05021990740741,1
784150,63,36.19047619047619,42.885440934884265,2026-06-25 18:44:45+00:00,39.99,34.99025462962963,0
785260,35,71.77142857142857,74.99622140521991,2026-06-18 17:18:27+00:00,39.99,42.050185185185185,0
785740,57,68.40350877192982,48.67359250991898,2026-06-18 17:18:30+00:00,14.99,42.05015046296296,1
785770,32,24.78125,59.83967853942129,2026-06-25 18:04:56+00:00,29.99,35.01790509259259,0
785790,41,60.4390243902439,51.80153443287037,2026-06-25 17:49:40+00:00,19.99,35.028506944444445,0
786520,13,10.0,126.42738425925926,2026-06-25 17:23:23+00:00,3.99,35.04675925925926,0
787480,55,56.527272727272724,47.81357638888889,2026-07-20 17:20:54+00:00,29.99,10.048483796296296,0
787810,52,69.4423076923077,38.235507216770834,2026-07-27 17:20:49+00:00,19.99,3.0485416666666665,0
787860,32,34.65625,88.15299133810186,2026-06-25 17:49:32+00:00,17.99,35.02859953703704,0
788100,55,57.67272727272727,38.40747427982639,2026-06-11 17:26:26+00:00,19.99,49.044641203703705,1
790740,50,46.06,52.18301587300926,2026-06-25 18:39:09+00:00,5.99,34.99414351851852,1
790820,51,73.41176470588235,54.65513055555556,2026-06-25 18:09:24+00:00,49.99,35.01480324074074,0
791330,91,61.879120879120876,30.525123199583334,2026-07-10 06:15:58+00:00,14.99,20.510243055555556,0
792100,53,54.735849056603776,52.5534074519213,2026-06-25 18:39:09+00:00,14.99,34.99414351851852,0
792120,44,62.45454545454545,38.78764131136574,2026-06-25 19:32:52+00:00,19.99,34.95684027777778,0
792300,73,74.27397260273973,33.931656700092596,2026-06-25 18:15:20+00:00,24.99,35.01068287037037,0
793460,72,71.66666666666667,31.749912460868057,2026-06-25 19:12:19+00:00,24.99,34.971111111111114,1
794260,57,72.64912280701755,46.856694361770835,2026-07-27 17:20:55+00:00,39.99,3.0484722222222222,0
794540,69,65.5072463768116,36.432553955601854,2026-07-15 17:16:53+00:00,14.99,15.051273148148148,0
794800,81,55.864197530864196,34.384051504629625,2026-07-13 17:22:44+00:00,16.99,17.04721064814815,0
797400,72,67.66666666666667,36.765523604583336,2026-07-20 17:20:58+00:00,35.99,10.0484375,0
797410,81,74.19753086419753,34.15999898726852,2026-06-25 19:11:53+00:00,14.99,34.971412037037034,0
798490,67,68.08955223880596,33.651642992418985,2026-07-16 17:19:22+00:00,29.99,14.049548611111112,0
799070,12,69.83333333333333,75.62693287037037,2026-06-25 17:31:08+00:00,1.99,35.04137731481482,0
799600,35,21.714285714285715,40.00138310185185,2026-07-15 17:16:53+00:00,19.99,15.051273148148148,0
799640,37,11.08108108108108,71.55769836675925,2026-06-25 17:21:07+00:00,19.99,35.04833333333333,0
800270,50,53.4,53.32174178003473,2026-06-25 19:03:49+00:00,19.99,34.97701388888889,1
801480,72,84.23611111111111,35.29658532210648,2026-07-09 17:30:20+00:00,19.99,21.04193287037037,0
801630,53,59.45283018867924,50.66786436075232,2026-03-19 17:29:41+00:00,24.99,133.04238425925925,0
803050,61,52.114754098360656,34.25036844135417,2026-07-20 17:20:58+00:00,29.99,10.0484375,0
803330,43,69.09302325581395,48.35599426806713,2026-06-18 17:18:28+00:00,29.99,42.05017361111111,1
803600,54,59.81481481481482,51.56129454925926,2026-06-25 17:58:00+00:00,39.99,35.02271990740741,0
804010,73,69.12328767123287,36.254203157141205,2026-07-23 17:29:28+00:00,24.99,7.042534722222222,0
804490,43,65.55813953488372,65.06498153658565,2026-06-25 17:30:05+00:00,29.99,35.04210648148148,0
805550,63,62.65079365079365,41.67865442054398,2026-06-25 17:57:23+00:00,39.99,35.023148148148145,0
805940,72,56.43055555555556,37.99787574986111,2026-06-25 18:27:15+00:00,2.99,35.00240740740741,0
806140,24,51.0,33.59962459741898,2021-02-11 18:59:34+00:00,0.99,1994.9799652777779,0
807120,76,69.52631578947368,33.984345679004626,2026-07-16 17:19:23+00:00,29.99,14.049537037037037,0
809140,27,33.77777777777778,92.4211409366088,2026-06-25 17:22:38+00:00,17.99,35.047280092592594,0
810040,27,34.81481481481482,77.3444422186574,2026-06-25 17:56:52+00:00,24.99,35.02350694444444,0
812040,86,61.48837209302326,32.36146037581018,2026-07-13 17:22:45+00:00,25.99,17.047199074074076,0
812140,76,72.73684210526316,36.437137962962964,2026-06-25 18:50:54+00:00,59.99,34.985983796296296,1
813230,22,23.318181818181817,37.009726080243055,2026-06-25 18:09:24+00:00,24.99,35.01480324074074,1
813630,87,58.0919540229885,31.776478116921293,2026-06-25 18:39:03+00:00,19.99,34.99421296296296,0
813780,45,53.68888888888889,53.29587594696759,2026-06-25 18:56:54+00:00,34.99,34.98181712962963,0
814370,63,57.34920634920635,40.72133773894676,2026-07-27 17:20:55+00:00,19.99,3.0484722222222222,0
814380,38,44.078947368421055,69.09600913413195,2026-06-25 17:22:06+00:00,59.99,35.04765046296296,0
814540,27,40.370370370370374,99.87554086538194,2026-02-09 18:20:15+00:00,4.99,171.00726851851852,0
815370,74,44.986486486486484,37.22715452180555,2026-07-24 08:15:42+00:00,24.99,6.427094907407407,0
815780,3,16.666666666666668,268.53287037037035,2025-12-18 18:19:51+00:00,9.99,224.00754629629628,0
816090,73,79.41095890410959,38.246136027511575,2026-07-16 17:19:23+00:00,29.99,14.049537037037037,0
816340,59,38.05084745762712,47.116921096736114,2026-06-25 18:45:15+00:00,14.99,34.98990740740741,1
817540,53,68.94339622641509,47.249962829409725,2026-06-18 17:18:29+00:00,19.99,42.05016203703704,1
817920,29,59.172413793103445,85.85125289351852,2026-06-25 17:23:50+00:00,16.99,35.04644675925926,0
819190,36,28.75,32.258294973541666,2026-07-11 17:16:21+00:00,29.99,19.051643518518517,0
820520,30,64.0,40.44836845465278,2026-07-13 17:22:46+00:00,19.99,17.0471875,0
821250,47,29.25531914893617,53.96020606883102,2026-07-13 17:25:19+00:00,24.99,17.045416666666668,0
821880,41,38.53658536585366,45.56083101851851,2026-07-23 17:29:28+00:00,19.99,7.042534722222222,0
823500,25,20.0,91.29053819444445,2026-06-25 17:24:02+00:00,29.99,35.04630787037037,0
824000,49,57.06122448979592,38.12525655863426,2026-07-27 17:20:55+00:00,19.99,3.0484722222222222,0
824270,39,30.307692307692307,71.91379172758103,2026-06-25 17:22:41+00:00,9.99,35.04724537037037,0
824550,31,59.45161290322581,43.86095949074074,2026-06-25 18:39:02+00:00,59.99,34.994224537037034,0
824600,47,33.4468085106383,42.89142512076389,2026-06-25 18:15:11+00:00,19.99,35.01078703703703,0
825310,59,86.30508474576271,46.7307321599537,2026-07-18 17:15:27+00:00,4.99,12.052268518518519,0
825630,56,62.589285714285715,49.68693497474537,2026-06-25 18:45:15+00:00,34.99,34.98990740740741,1
826630,60,71.9,35.89830155366898,2026-07-27 17:20:55+00:00,29.99,3.0484722222222222,0
828070,92,61.90217391304348,30.189682285300925,2026-07-10 06:15:58+00:00,19.99,20.510243055555556,0
829110,71,78.09859154929578,39.49604083994213,2026-07-27 17:20:55+00:00,39.99,3.0484722222222222,0
829590,82,68.64634146341463,32.320769175810184,2026-07-16 17:19:23+00:00,19.99,14.049537037037037,0
829660,59,55.016949152542374,44.5641251596412,2026-07-23 17:29:29+00:00,13.99,7.042523148148148,0
831560,39,41.61538461538461,72.75586470516204,2026-07-27 17:20:55+00:00,59.99,3.0484722222222222,0
834150,40,54.825,70.06996943256945,2026-06-25 17:29:29+00:00,7.99,35.04252314814815,0
834530,39,50.82051282051282,65.80029087474537,2025-11-27 18:19:27+00:00,19.99,245.00782407407408,0
834740,86,65.17441860465117,32.443800653587964,2026-07-20 17:21:12+00:00,8.99,10.048275462962962,0
834910,62,62.87096774193548,44.79942603976852,2026-06-25 18:21:35+00:00,29.99,35.006342592592596,0
835430,69,39.63768115942029,40.59887033631944,2026-07-23 17:21:23+00:00,24.99,7.048148148148148,0
835960,26,51.34615384615385,41.20035648148148,2026-07-22 17:16:16+00:00,29.99,8.051701388888889,0
836480,48,56.979166666666664,58.143166371157406,2026-06-25 17:29:30+00:00,1.99,35.04251157407408,0
836640,60,59.43333333333333,45.37302573759259,2026-06-25 18:33:40+00:00,9.99,34.997951388888886,1
837470,49,50.816326530612244,43.77212962962963,2026-06-25 18:50:54+00:00,19.99,34.985983796296296,1
838310,69,49.130434782608695,40.59895305690972,2026-07-23 17:29:29+00:00,9.99,7.042523148148148,0
838350,41,15.487804878048781,68.32036226851852,2026-06-25 19:32:52+00:00,29.99,34.95684027777778,1
838380,40,67.625,65.05717325497685,2026-02-09 18:20:28+00:00,59.99,171.00711805555557,0
839770,37,49.432432432432435,56.38828253600695,2026-06-25 17:49:48+00:00,24.99,35.02841435185185,0
840800,64,64.546875,42.09349426806713,2026-06-15 17:20:37+00:00,19.99,45.048680555555556,0
842100,74,74.36486486486487,34.12901065447917,2026-07-13 17:22:47+00:00,29.99,17.047175925925927,0
842180,46,40.608695652173914,37.64879809670139,2026-06-25 18:45:16+00:00,19.99,34.989895833333335,1
843200,19,24.210526315789473,50.493754501018515,2026-06-17 17:16:46+00:00,19.99,43.05135416666667,0
843390,14,27.5,83.9853151709375,2026-06-25 17:24:02+00:00,29.99,35.04630787037037,0
843810,41,37.21951219512195,39.361464409722224,2026-06-18 17:18:27+00:00,19.99,42.050185185185185,0
844590,66,49.25757575757576,40.95229576210648,2026-06-25 17:56:55+00:00,19.99,35.023472222222225,0
844930,75,65.46666666666667,36.929728791284724,2026-06-25 19:11:54+00:00,1.99,34.97140046296296,1
846110,82,54.51219512195122,33.95955747027778,2026-07-13 17:22:47+00:00,14.99,17.047175925925927,0
846470,49,43.0,57.36920404127315,2026-07-16 17:19:23+00:00,19.99,14.049537037037037,0
846770,47,51.04255319148936,44.72394021738425,2026-06-25 18:20:58+00:00,19.99,35.006770833333334,0
846870,68,73.57352941176471,37.53745525842592,2026-07-23 17:20:47+00:00,29.99,7.048564814814815,0
847370,56,67.26785714285714,49.68708207070602,2026-06-25 18:56:54+00:00,19.99,34.98181712962963,0
848030,64,62.390625,35.588524213692125,2026-06-25 19:12:19+00:00,19.99,34.971111111111114,0
848350,48,66.64583333333333,57.403115888483796,2026-06-25 17:49:04+00:00,29.99,35.02892361111111,1
848450,38,54.68421052631579,46.541721408900464,2026-06-25 18:21:20+00:00,29.99,35.006516203703704,0
848480,31,45.354838709677416,67.66564236111111,2026-06-25 17:22:58+00:00,24.99,35.04704861111111,0
850190,18,61.333333333333336,51.651245915023146,2026-07-12 17:15:52+00:00,29.99,18.051979166666666,0
851100,69,26.92753623188406,40.09882625271991,2026-06-19 17:17:04+00:00,17.99,41.05114583333334,0
851850,50,59.32,47.000001889641204,2026-07-23 17:21:35+00:00,19.99,7.048009259259259,0
852110,59,40.96610169491525,47.357405411875,2026-07-09 17:30:30+00:00,0.99,21.041817129629628,0
853550,32,47.5,83.18412186379629,2026-06-25 17:21:47+00:00,9.99,35.04787037037037,0
853770,45,29.355555555555554,62.10737926135416,2026-06-25 17:23:33+00:00,19.99,35.04664351851852,0
855740,47,55.0,38.698934933564814,2026-07-11 17:16:21+00:00,19.99,19.051643518518517,1
855860,34,48.911764705882355,81.75425820706019,2026-06-25 17:22:06+00:00,9.99,35.04765046296296,0
857980,36,55.611111111111114,72.96979133597223,2026-06-25 17:19:32+00:00,29.99,35.04943287037037,0
858210,89,39.01123595505618,30.01100786510417,2026-07-22 17:16:16+00:00,17.99,8.051701388888889,0
858260,59,41.220338983050844,42.99631305873842,2026-06-25 18:50:23+00:00,24.99,34.98634259259259,1
858710,34,46.3235294117647,33.24029215768518,2026-07-14 17:16:29+00:00,16.99,16.051550925925927,0
858810,77,40.38961038961039,35.410415600625,2026-07-13 17:22:47+00:00,24.99,17.047175925925927,0
858820,42,62.476190476190474,42.82814334913195,2026-07-27 17:20:55+00:00,19.99,3.0484722222222222,0
859570,64,66.75,38.66800080834491,2026-06-25 19:08:14+00:00,19.99,34.973946759259256,1
859580,52,67.38461538461539,47.11725444806713,2026-06-25 17:58:06+00:00,39.99,35.022650462962964,0
860000,46,76.02173913043478,35.87522067900463,2026-07-13 17:22:49+00:00,4.99,17.04715277777778,0
860510,40,60.575,47.38532733855324,2026-06-25 17:58:11+00:00,29.99,35.022592592592595,0
860890,63,49.76190476190476,43.223799096469904,2026-07-13 17:22:49+00:00,19.99,17.04715277777778,0
860910,81,49.666666666666664,34.159563223379635,2026-06-25 18:21:41+00:00,0.99,35.006273148148146,1
860950,53,60.094339622641506,52.28319600248843,2026-06-11 17:25:43+00:00,19.99,49.045138888888886,0
861250,26,30.76923076923077,73.08097361111112,2026-06-25 18:27:01+00:00,19.99,35.00256944444445,1
861540,48,58.729166666666664,53.34450994877315,2026-06-25 18:05:57+00:00,14.99,35.01719907407407,1
861650,40,56.75,61.614200201793984,2026-07-18 17:15:27+00:00,39.99,12.052268518518519,0
863570,25,47.2,33.0318658371875,2021-03-03 18:21:17+00:00,12.99,1975.006550925926,0
864060,54,43.611111111111114,52.16458355170139,2026-07-27 17:21:01+00:00,29.99,3.0484027777777776,0
865360,50,51.64,50.00385038737268,2026-06-25 18:39:05+00:00,12.99,34.99418981481482,0
865610,46,69.15217391304348,41.291876543206016,2026-07-10 17:16:44+00:00,24.99,20.051377314814815,0
866140,54,68.94444444444444,33.018935185185185,2026-07-27 17:21:01+00:00,19.99,3.0484027777777776,0
866800,42,67.14285714285714,57.194826106585644,2026-06-25 18:04:17+00:00,19.99,35.01835648148148,0
867210,36,52.75,42.32613525131944,2026-07-18 17:15:27+00:00,29.99,12.052268518518519,0
867290,14,27.785714285714285,36.69504184472222,2021-02-11 18:58:32+00:00,24.99,1994.9806828703704,0
868360,50,48.46,55.770540910798616,2026-06-25 18:09:22+00:00,24.99,35.01482638888889,0
868520,51,60.3921568627451,54.27991828703704,2026-06-25 17:57:59+00:00,19.99,35.02273148148148,0
870200,48,41.5625,58.14306466706019,2026-06-25 17:22:37+00:00,19.99,35.047291666666666,0
870780,59,71.61016949152543,36.69232159960648,2026-06-25 18:50:33+00:00,39.99,34.98622685185185,0
871530,80,72.475,31.3554408403588,2026-07-22 17:16:16+00:00,19.99,8.051701388888889,0
871930,66,55.13636363636363,40.138459935891206,2026-07-13 17:22:49+00:00,14.99,17.04715277777778,0
872410,4,17.5,100.31940200616899,2020-11-05 00:21:08+00:00,59.99,2093.7566550925926,0
872670,32,22.28125,51.09679248804398,2026-06-25 17:49:01+00:00,19.99,35.028958333333335,0
873940,45,58.82222222222222,54.61356323652778,2026-06-25 18:26:59+00:00,24.99,35.00259259259259,0
874260,54,55.0,34.19622466805556,2026-07-14 17:16:29+00:00,24.99,16.051550925925927,0
874390,44,48.02272727272727,50.41851501937499,2026-07-12 17:15:52+00:00,14.99,18.051979166666666,0
875210,30,26.666666666666668,68.62639966474536,2026-06-25 17:19:34+00:00,29.99,35.04940972222222,0
875310,56,71.82142857142857,39.201882575752315,2026-06-25 17:50:33+00:00,19.99,35.02789351851852,1
877200,82,41.21951219512195,30.773605109733793,2026-07-21 09:15:44+00:00,24.99,9.385405092592592,0
878750,87,35.05747126436781,32.14793295111111,2026-07-27 17:20:01+00:00,0.99,3.049097222222222,0
880940,35,38.91428571428571,80.37423645151621,2026-06-25 17:22:37+00:00,14.99,35.047291666666666,0
880950,78,60.30769230769231,35.490611321539355,2026-06-25 18:38:59+00:00,24.99,34.99425925925926,1
881020,11,51.36363636363637,52.1042962962963,2025-11-30 18:18:47+00:00,59.99,242.00828703703704,0
881100,51,43.23529411764706,48.64007592592592,2026-06-25 18:05:22+00:00,19.99,35.017604166666665,0
882100,61,71.11475409836065,37.71930825616898,2026-06-25 18:09:24+00:00,9.99,35.01480324074074,1
882790,42,47.857142857142854,66.6518095076736,2026-06-25 17:22:50+00:00,21.09,35.0471412037037,0
883360,28,43.035714285714285,76.81326131686343,2026-06-25 18:20:48+00:00,19.99,35.00688657407407,0
883710,69,66.91304347826087,38.86775105527778,2026-07-20 17:21:15+00:00,39.99,10.048240740740741,0
884260,50,55.14,55.787429374525466,2026-06-26 14:01:01+00:00,4.99,34.18729166666667,1
885000,75,36.82666666666667,36.64847800925926,2026-06-25 17:50:26+00:00,24.99,35.02797453703704,1
885150,57,49.12280701754386,48.624343171296296,2026-07-20 17:21:15+00:00,19.99,10.048240740740741,0
885970,35,57.25714285714286,53.61953227123843,2026-06-25 17:57:11+00:00,29.99,35.023287037037036,0
887570,45,37.111111111111114,33.63197548400463,2026-07-12 17:15:52+00:00,29.99,18.051979166666666,0
890520,60,17.166666666666668,39.32920531230324,2026-06-29 03:30:34+00:00,19.99,31.625104166666667,0
890550,22,23.181818181818183,65.30223820546296,2026-06-25 18:38:59+00:00,24.99,34.99425925925926,0
890720,64,60.109375,36.50935111697917,2026-07-21 17:15:30+00:00,14.99,9.052233796296296,0
892420,8,20.625,228.81568948412038,2025-07-02 12:00:22+00:00,3.99,393.2710763888889,0
892970,41,38.65853658536585,46.000836516203705,2026-07-12 17:15:52+00:00,19.99,18.051979166666666,0
893030,32,45.53125,82.05868130226852,2025-12-18 19:39:32+00:00,1.99,223.95221064814814,0
893180,53,65.18867924528301,51.881628605763886,2026-06-25 17:58:06+00:00,19.99,35.022650462962964,1
893680,76,72.64473684210526,36.397551388888886,2026-07-27 17:21:03+00:00,12.0,3.0483796296296295,0
893850,75,23.533333333333335,30.702789508252316,2026-07-14 17:16:29+00:00,14.99,16.051550925925927,0
894020,44,61.02272727272727,40.62795300386574,2026-07-20 17:21:17+00:00,19.99,10.048217592592593,0
894940,44,35.0,55.88277266364583,2026-06-25 17:30:22+00:00,14.99,35.04190972222222,0
895400,54,38.611111111111114,41.907057564629625,2026-06-25 19:08:15+00:00,24.99,34.973935185185184,1
895620,42,42.023809523809526,60.14817101399306,2026-06-25 18:09:08+00:00,24.99,35.01498842592593,1
895870,35,42.05714285714286,57.64660573256945,2026-06-25 18:39:00+00:00,24.99,34.99424768518519,0
897450,52,73.67307692307692,39.68550290486111,2026-06-11 17:26:03+00:00,24.99,49.04490740740741,1
898750,33,58.36363636363637,51.18452112268518,2026-07-23 17:29:31+00:00,59.99,7.0425,0
898920,47,50.38297872340426,54.79735683372685,2026-06-25 17:30:15+00:00,19.99,35.041990740740744,0
899440,65,78.23076923076923,40.844187825520834,2026-06-25 17:58:05+00:00,59.99,35.02266203703704,0
899770,14,20.714285714285715,174.6151326566898,2026-06-17 17:16:37+00:00,34.99,43.051458333333336,0
900040,34,60.529411764705884,49.05954124578704,2026-06-18 17:18:28+00:00,49.99,42.05017361111111,1
900270,54,58.129629629629626,49.711845082106485,2026-03-19 17:28:01+00:00,4.99,133.04354166666667,0
900883,55,71.85454545454546,51.254132158773146,2026-07-30 17:21:19+00:00,19.99,0.04819444444444444,0
901735,17,61.76470588235294,32.81510127314815,2021-03-01 18:21:28+00:00,24.99,1977.0064236111111,0
903950,50,58.08,46.36838577097222,2026-06-15 17:20:37+00:00,29.99,45.048680555555556,0
906100,46,69.56521739130434,49.15633719135416,2026-06-11 17:25:46+00:00,24.99,49.04510416666667,0
907270,16,34.125,51.32320216048611,2021-02-08 20:21:10+00:00,9.99,1997.923298611111,0
907650,59,76.91525423728814,33.65466335408565,2026-07-13 17:24:40+00:00,39.99,17.045868055555555,0
908520,51,26.098039215686274,54.6545900462963,2026-06-25 17:30:29+00:00,3.99,35.0418287037037,0
909470,16,41.4375,41.28629243826389,2026-07-16 17:19:23+00:00,19.99,14.049537037037037,0
910490,32,36.25,52.230673163078706,2023-12-21 20:05:00+00:00,29.99,951.9345254629629,0
911400,69,61.73913043478261,38.08476885892361,2026-06-25 18:39:41+00:00,39.99,34.99377314814815,1
911430,53,29.169811320754718,44.71147235576389,2026-07-22 17:16:16+00:00,24.99,8.051701388888889,0
913550,61,29.672131147540984,45.448000578703706,2026-07-23 17:29:32+00:00,5.99,7.042488425925926,0
913740,29,14.379310344827585,73.75065228173612,2026-06-25 17:49:43+00:00,19.99,35.02847222222222,0
914010,49,54.04081632653061,47.3342064525463,2026-07-20 17:21:30+00:00,18.99,10.04806712962963,0
914020,72,65.44444444444444,35.40165688575232,2026-06-25 18:39:35+00:00,19.99,34.99384259259259,1
914620,32,20.0,87.76623431899306,2026-07-18 17:15:27+00:00,10.99,12.052268518518519,0
914710,64,59.734375,38.81012014990741,2026-07-21 17:15:30+00:00,14.99,9.052233796296296,0
914800,61,39.16393442622951,38.98386111111111,2026-06-25 18:20:51+00:00,12.99,35.00685185185185,1
915810,34,65.0,46.15163475027778,2026-07-20 17:21:30+00:00,19.99,10.04806712962963,0
916350,31,73.35483870967742,32.7669510030787,2026-07-18 17:15:27+00:00,29.99,12.052268518518519,0
916440,35,75.97142857142858,38.82215890521991,2026-07-20 17:21:30+00:00,59.99,10.04806712962963,0
916730,59,62.644067796610166,45.07409043741898,2026-07-27 17:21:03+00:00,7.99,3.0483796296296295,0
916840,34,33.38235294117647,69.33362549101852,2026-06-25 17:21:29+00:00,19.99,35.0480787037037,0
918820,55,31.436363636363637,49.827442772627315,2026-07-20 16:15:45+00:00,13.99,10.093726851851851,0
919370,46,44.0,60.72786419752315,2026-06-25 18:05:36+00:00,14.99,35.01744212962963,0
919640,49,68.6734693877551,52.103922646597226,2026-06-25 17:21:31+00:00,39.99,35.04805555555556,1
920210,37,68.02702702702703,41.72232735339121,2026-07-27 17:21:03+00:00,49.99,3.0483796296296295,0
921390,16,33.125,49.199462191354165,2021-02-11 19:03:11+00:00,12.99,1994.9774537037038,0
921570,37,54.054054054054056,71.52805555555555,2026-07-29 17:19:01+00:00,59.99,1.0497916666666667,0
921800,57,62.21052631578947,44.00155919311343,2026-06-25 18:27:00+00:00,29.99,35.00258101851852,0
924140,55,52.018181818181816,44.40656807269676,2026-07-13 17:22:50+00:00,2.99,17.047141203703703,0
924970,35,76.48571428571428,49.38136437907408,2026-06-25 17:29:53+00:00,59.99,35.042245370370374,0
924980,34,52.64705882352941,65.57682519640046,2026-06-25 17:58:06+00:00,49.99,35.022650462962964,1
925570,58,76.82758620689656,36.5976086338426,2026-06-25 18:39:01+00:00,9.99,34.994236111111114,1
926990,12,28.0,171.18213909931714,2026-07-23 17:29:18+00:00,29.99,7.042650462962963,0
927380,7,41.57142857142857,61.49042824074074,2020-12-22 18:58:43+00:00,29.99,2045.9805555555556,0
929010,73,68.95890410958904,36.16524964634259,2026-06-25 19:08:15+00:00,12.99,34.973935185185184,1
931280,57,45.78947368421053,45.65473462300926,2026-06-25 18:45:14+00:00,14.99,34.98991898148148,1
933820,74,63.0,31.41281979324074,2026-07-13 17:22:53+00:00,24.99,17.04710648148148,0
934700,22,62.72727272727273,37.81684082892361,2026-06-25 18:44:45+00:00,49.99,34.99025462962963,0
934780,67,75.41791044776119,39.7941724537037,2026-07-30 17:21:28+00:00,19.99,0.04809027777777778,0
936140,35,70.14285714285714,51.782391067534725,2024-04-22 17:18:29+00:00,9.99,829.050162037037,0
936500,70,69.8,30.8422977053125,2026-06-25 19:12:19+00:00,11.99,34.971111111111114,1
936790,38,60.578947368421055,45.97292229729167,2026-06-25 18:45:16+00:00,59.99,34.989895833333335,1
937170,62,28.70967741935484,43.02332137978009,2026-07-27 17:21:05+00:00,6.99,3.0483564814814814,0
938560,48,51.5625,44.40416715917824,2026-07-17 17:16:57+00:00,14.99,13.051226851851851,0
939400,58,20.051724137931036,47.94304134177084,2026-06-25 18:04:50+00:00,1.99,35.017974537037034,0
939520,46,26.73913043478261,60.72718801439815,2026-06-25 17:21:47+00:00,12.99,35.04787037037037,0
939620,25,51.68,33.448531539351855,2021-03-13 18:21:15+00:00,0.99,1965.006574074074,0
939850,50,58.1,50.428538123576395,2026-07-29 17:18:52+00:00,19.99,1.0498958333333333,0
939960,65,74.07692307692308,41.72758409288195,2026-07-13 17:22:53+00:00,39.99,17.04710648148148,0
940680,20,47.55,40.197166788495366,2021-03-19 17:21:14+00:00,14.99,1959.0482523148148,0
940710,64,70.0,35.23574937535879,2026-07-11 17:16:21+00:00,14.99,19.051643518518517,0
941460,39,17.692307692307693,47.634107882546296,2026-07-20 17:21:33+00:00,19.99,10.048032407407407,0
942970,61,51.83606557377049,43.85500347222222,2026-06-11 17:26:03+00:00,6.99,49.04490740740741,0
943380,55,66.50909090909092,50.939337491423615,2026-07-13 17:22:53+00:00,1.99,17.04710648148148,0
945360,67,32.61194029850746,41.677639941076386,2026-07-13 17:22:54+00:00,4.99,17.04709490740741,0
947300,53,40.716981132075475,52.55333600427083,2026-06-25 18:33:48+00:00,2.99,34.9978587962963,1
948740,52,70.09615384615384,47.4333317447338,2026-06-25 18:45:07+00:00,19.99,34.99,0
949230,17,19.41176470588235,56.68024233217593,2026-06-15 17:22:35+00:00,49.99,45.04731481481482,1
951440,45,25.555555555555557,59.362565235682865,2026-06-25 17:19:18+00:00,19.99,35.04959490740741,0
952040,62,69.24193548387096,44.22942945506944,2026-06-25 18:39:13+00:00,3.99,34.99409722222222,1
952060,59,70.71186440677967,38.568967911875,2026-07-20 17:21:34+00:00,39.99,10.048020833333334,0
952860,46,40.32608695652174,61.349530092592595,2026-07-23 17:29:33+00:00,17.99,7.042476851851852,0
953490,52,57.09615384615385,40.490257806817134,2026-06-11 17:25:46+00:00,19.99,49.04510416666667,0
954740,39,55.38461538461539,62.62844267787037,2026-06-25 17:30:10+00:00,39.99,35.04204861111111,0
954850,7,28.571428571428573,108.4841068672801,2025-04-03 17:15:52+00:00,49.99,483.0519791666667,0
955050,61,40.26229508196721,45.31395216048611,2026-07-23 17:29:33+00:00,7.99,7.042476851851852,0
955740,26,25.576923076923077,90.12778703703704,2026-06-25 17:29:36+00:00,7.99,35.04244212962963,0
955900,45,25.22222222222222,61.869817182233795,2026-06-26 08:03:27+00:00,24.99,34.43560185185185,0
956000,8,42.5,357.0112003968171,2026-03-19 19:34:57+00:00,3.99,132.95539351851852,0
956030,57,64.75438596491227,37.33901579033565,2026-07-18 17:00:12+00:00,19.99,12.062858796296297,0
958400,11,60.36363636363637,42.80537731481481,2022-01-27 19:49:41+00:00,59.99,1644.945162037037,0
960090,46,69.41304347826087,56.811034979421294,2026-06-25 17:30:51+00:00,13.99,35.04157407407408,0
960170,50,69.0,48.58570601851852,2026-06-25 19:08:35+00:00,49.99,34.973703703703706,0
960690,43,46.97674418604651,52.1663577491088,2026-06-25 18:05:04+00:00,19.99,35.0178125,0
960910,66,63.03030303030303,33.818872150995375,2026-06-25 18:33:40+00:00,19.99,34.997951388888886,1
960990,67,61.865671641791046,33.30602868966435,2026-06-25 18:34:11+00:00,19.99,34.99759259259259,1
962130,28,44.07142857142857,48.54916752400463,2026-06-25 18:56:54+00:00,39.99,34.98181712962963,0
962580,70,62.3,32.19033833199074,2026-07-16 17:19:25+00:00,19.99,14.049513888888889,0
962730,74,21.62162162162162,36.314736650173614,2026-07-18 17:15:27+00:00,39.99,12.052268518518519,0
963000,62,35.403225806451616,45.093851130833336,2026-07-13 17:23:53+00:00,4.99,17.046412037037037,0
963330,84,54.642857142857146,33.1412640841088,2026-07-13 17:23:53+00:00,0.99,17.046412037037037,0
963710,18,34.111111111111114,160.748395288669,2026-06-25 17:20:43+00:00,11.99,35.048611111111114,0
963930,14,38.285714285714285,56.76307069087962,2021-02-11 18:57:15+00:00,19.99,1994.9815740740742,0
964440,20,43.3,58.05937256334491,2025-10-27 17:22:44+00:00,14.99,276.04721064814817,0
964800,25,35.2,54.61672839505787,2026-06-25 17:30:52+00:00,24.99,35.0415625,0
965580,37,50.67567567567568,55.860799897118056,2026-06-25 18:45:10+00:00,14.99,34.98996527777778,1
966330,63,64.87301587301587,42.56537690412037,2026-06-25 18:34:34+00:00,6.99,34.99732638888889,0
967050,77,32.54545454545455,34.27567556042824,2026-07-13 17:23:53+00:00,4.99,17.046412037037037,0
967250,74,56.28378378378378,37.435189307453705,2026-06-25 18:27:06+00:00,2.99,35.00251157407408,0
968250,76,43.55263157894737,34.093547685185186,2026-06-25 18:50:58+00:00,25.99,34.9859375,1
969760,50,65.9,35.81628354119213,2026-07-19 17:15:42+00:00,18.99,11.052094907407408,0
969990,49,64.91836734693878,46.93626012731482,2026-06-18 17:23:27+00:00,29.99,42.046712962962964,1
970500,2,45.5,16.750474537037036,2022-01-27 19:51:49+00:00,0.99,1644.9436805555556,0
970830,63,61.03174603174603,33.64495053016204,2026-07-14 17:16:31+00:00,34.99,16.05152777777778,0
970960,52,64.32692307692308,48.35315994915509,2026-06-18 17:23:31+00:00,9.99,42.04666666666667,1
972660,52,66.25,40.175850127083336,2026-07-20 17:21:35+00:00,29.99,10.04800925925926,0
973230,29,28.79310344827586,47.10797081679399,2026-06-25 18:15:09+00:00,21.99,35.010810185185186,0
973580,66,68.01515151515152,37.40072720797454,2026-06-25 18:15:23+00:00,29.99,35.01064814814815,0
973760,74,66.01351351351352,37.872917617951394,2026-07-27 17:21:06+00:00,19.99,3.0483449074074076,0
973810,45,66.66666666666667,41.84204413930556,2026-02-12 18:19:08+00:00,29.99,168.00804398148148,0
975370,38,16.842105263157894,33.75751345094907,2026-06-25 18:56:54+00:00,29.99,34.98181712962963,1
976310,75,76.09333333333333,35.02702186561343,2026-07-25 17:31:48+00:00,49.99,5.0409143518518515,0
976590,37,43.648648648648646,47.33076710390046,2026-07-25 17:31:48+00:00,24.99,5.0409143518518515,0
976730,45,63.44444444444444,50.11383601641204,2026-04-16 17:19:49+00:00,39.99,105.04923611111111,0
976890,45,58.955555555555556,37.13541166876158,2026-07-16 17:19:25+00:00,24.99,14.049513888888889,0
977880,41,40.46341463414634,45.02496875,2026-07-17 17:16:57+00:00,24.99,13.051226851851851,0
977950,43,22.209302325581394,64.48457148368055,2026-06-25 18:20:58+00:00,5.99,35.006770833333334,0
978460,33,72.72727272727273,58.282099609375,2026-06-25 17:57:37+00:00,9.99,35.02298611111111,0
979070,49,67.9795918367347,39.730001205625,2026-07-12 17:15:52+00:00,14.99,18.051979166666666,0
979110,59,42.42372881355932,38.69006086365741,2026-07-13 17:23:09+00:00,24.99,17.046921296296297,0
979120,55,56.07272727272727,45.24241019375,2026-06-25 17:31:02+00:00,19.99,35.04144675925926,1
979640,57,17.42105263157895,40.17263888888889,2026-07-13 17:23:02+00:00,19.99,17.047002314814815,0
979690,46,61.82608695652174,37.870802469131945,2026-01-16 18:16:08+00:00,29.99,195.0101273148148,1
980300,52,70.09615384615384,51.521828703703704,2026-06-25 17:30:42+00:00,7.99,35.041678240740744,0
981430,56,38.357142857142854,41.47745559763889,2026-06-25 19:03:39+00:00,19.99,34.97712962962963,1
981890,33,72.27272727272727,53.12525245949074,2026-03-19 17:31:04+00:00,39.99,133.0414236111111,0
982290,43,55.0,37.40579998896991,2026-06-25 18:50:58+00:00,24.99,34.9859375,1
982720,41,65.8780487804878,47.97833969907407,2026-06-25 17:30:30+00:00,14.99,35.04181712962963,0
983870,14,25.0,60.31361022078704,2026-06-25 18:09:24+00:00,29.99,35.01480324074074,0
983970,53,48.9622641509434,37.078031294513885,2026-06-25 18:44:52+00:00,24.99,34.99017361111111,1
985830,45,57.75555555555555,39.18341961278935,2026-06-25 18:56:50+00:00,24.99,34.98186342592592,0
985890,45,52.22222222222222,50.36309632785879,2026-07-20 17:21:37+00:00,24.99,10.047986111111111,0
986130,31,35.16129032258065,39.536719135798606,2026-07-23 17:29:34+00:00,24.99,7.042465277777778,0
987840,33,57.84848484848485,51.686305338541665,2026-06-18 17:23:26+00:00,44.99,42.046724537037036,1
989440,37,36.351351351351354,51.71533596964121,2026-07-27 17:21:08+00:00,19.99,3.048321759259259,0
989690,62,57.88709677419355,42.279406306921295,2026-07-20 17:21:37+00:00,19.99,10.047986111111111,0
990080,29,64.65517241379311,38.99878885581018,2026-06-25 18:39:38+00:00,59.99,34.99380787037037,0
990630,52,75.38461538461539,34.254748093680554,2026-07-13 17:23:02+00:00,14.99,17.047002314814815,0
991170,55,49.69090909090909,41.149666495196755,2026-07-16 17:19:25+00:00,19.99,14.049513888888889,0
991780,19,38.10526315789474,42.19846322016203,2021-02-15 18:25:04+00:00,29.99,1991.003923611111,0
992300,42,60.19047619047619,64.09641711833333,2026-05-14 17:18:16+00:00,24.99,77.0503125,1
992640,27,47.22222222222222,84.33475605412038,2025-06-26 20:51:25+00:00,19.99,398.90229166666666,0
993090,58,43.62068965517241,47.942610461331014,2026-06-25 17:29:28+00:00,6.99,35.04253472222222,0
994140,57,67.0,40.26897259423611,2026-06-25 18:39:02+00:00,19.99,34.994224537037034,0
994220,67,62.507462686567166,41.601534617002315,2026-07-17 17:16:57+00:00,19.99,13.051226851851851,0
994280,15,43.53333333333333,48.50912698412037,2021-02-08 20:21:10+00:00,29.99,1997.923298611111,0
994730,58,59.689655172413794,45.3583739441088,2026-06-25 19:03:50+00:00,16.99,34.97700231481482,0
995460,21,48.57142857142857,138.065125,2026-07-24 07:15:36+00:00,9.99,6.468831018518519,0
996380,5,50.0,540.7541261574074,2025-09-29 17:48:32+00:00,6.99,304.0292939814815,0
996580,56,62.589285714285715,44.036664983159724,2026-06-25 18:45:03+00:00,39.99,34.9900462962963,0
996770,63,68.80952380952381,35.11221923535879,2026-06-11 17:26:02+00:00,24.99,49.04491898148148,0
997010,41,37.048780487804876,46.37673640046296,2026-07-16 17:19:25+00:00,29.99,14.049513888888889,0
998740,44,53.63636363636363,48.34960971144676,2026-06-25 18:09:04+00:00,19.99,35.015034722222225,0
999220,61,70.06557377049181,35.15120061728009,2026-06-25 18:50:59+00:00,29.99,34.985925925925926,1
1000010,54,63.129629629629626,39.8751845300463,2026-07-30 17:21:28+00:00,19.99,0.04809027777777778,0
1000360,43,37.883720930232556,47.30952132936343,2026-07-27 17:21:08+00:00,17.99,3.048321759259259,0
1000410,50,39.32,49.1221988378588,2026-06-25 17:49:43+00:00,24.99,35.02847222222222,0
1001270,17,30.0,57.24786892361111,2026-07-23 17:29:09+00:00,17.99,7.04275462962963,0
1003590,43,46.93023255813954,40.49957396384259,2026-06-25 18:26:58+00:00,39.99,35.002604166666664,1
1003890,66,70.01515151515152,37.0916055911574,2026-07-21 17:15:28+00:00,19.99,9.052256944444444,0
1004750,52,79.32692307692308,42.08448597494213,2026-07-25 17:31:48+00:00,29.99,5.0409143518518515,0
1005300,55,37.21818181818182,45.6299781378588,2026-06-25 18:34:15+00:00,29.99,34.9975462962963,0
1007040,56,60.410714285714285,46.20294149831019,2026-06-25 18:51:00+00:00,59.99,34.985914351851854,1
1008710,49,50.36734693877551,56.29834466627315,2026-06-25 19:12:32+00:00,0.99,34.97096064814815,0
1009290,43,70.27906976744185,48.83329971340278,2026-05-07 17:20:00+00:00,19.99,84.0491087962963,1
1009560,46,52.91304347826087,43.02169727365741,2026-07-13 17:29:07+00:00,19.99,17.04277777777778,0
1010750,45,56.08888888888889,52.726473063969905,2025-10-31 17:18:59+00:00,9.99,272.0498148148148,0
1011190,65,53.84615384615385,36.53155942563657,2026-06-25 19:03:39+00:00,7.99,34.97712962962963,0
1012030,83,42.34939759036145,31.067752512418984,2026-07-10 06:15:58+00:00,14.99,20.510243055555556,0
1012790,63,35.55555555555556,39.08334770758102,2026-06-25 19:08:35+00:00,29.99,34.973703703703706,0
1012840,59,57.3728813559322,42.47000039909722,2026-07-20 17:21:42+00:00,24.99,10.04792824074074,0
1012880,63,43.507936507936506,41.22232396206019,2026-07-24 17:19:55+00:00,9.99,6.049166666666666,0
1015140,31,42.096774193548384,78.16522685185184,2026-06-25 17:30:13+00:00,9.99,35.04201388888889,0
1016600,66,26.757575757575758,37.61610363247685,2026-07-23 17:29:35+00:00,14.99,7.042453703703703,0
1016790,57,68.59649122807018,38.66082878636574,2026-07-10 17:16:44+00:00,19.99,20.051377314814815,0
1016800,58,53.5,42.71800418290509,2026-07-27 17:21:09+00:00,29.99,3.0483101851851853,0
1016920,76,63.01315789473684,32.75998287037037,2026-07-16 17:19:25+00:00,19.99,14.049513888888889,0
1016950,28,50.892857142857146,42.74222522290509,2026-07-22 17:16:13+00:00,29.99,8.051736111111111,0
1017180,30,40.733333333333334,85.0016522988426,2026-06-25 17:30:13+00:00,15.99,35.04201388888889,0
1017900,48,71.25,51.12805801811342,2026-06-25 18:56:55+00:00,19.99,34.98180555555555,0
1018010,52,70.82692307692308,50.50146922657407,2026-07-14 17:16:37+00:00,19.99,16.051458333333333,0
1018020,48,71.72916666666667,52.148301812442135,2026-07-14 17:16:37+00:00,19.99,16.051458333333333,0
1018800,57,39.73684210526316,42.417687872013886,2026-07-23 17:29:35+00:00,14.99,7.042453703703703,0
1018830,35,40.714285714285715,66.08907986111112,2026-06-25 18:04:50+00:00,14.99,35.017974537037034,0
1019310,28,56.357142857142854,74.14880058298611,2025-12-18 18:20:59+00:00,14.99,224.00675925925927,0
1020470,65,73.23076923076923,42.11152199074074,2026-06-25 18:50:33+00:00,19.99,34.98622685185185,1
1021210,35,28.228571428571428,29.911720452060184,2026-07-30 13:16:07+00:00,29.99,0.21847222222222223,0
1024480,44,50.5,56.65197297587963,2026-06-25 17:57:22+00:00,29.99,35.023159722222225,0
1025600,3,10.0,94.48297453703704,2026-06-25 17:29:34+00:00,14.99,35.04246527777778,0
1025960,26,66.15384615384616,67.48372175925925,2026-07-13 17:29:25+00:00,39.99,17.042569444444446,0
1026680,37,54.13513513513514,65.72098443929399,2026-06-11 17:25:59+00:00,19.99,49.044953703703705,1
1028310,24,31.458333333333332,42.873221115127315,2026-07-16 17:19:25+00:00,24.99,14.049513888888889,0
1029690,28,67.17857142857143,52.74097950959491,2026-06-18 17:23:22+00:00,49.99,42.04677083333333,0
1029780,45,19.444444444444443,42.04871501472223,2026-06-25 18:44:44+00:00,29.99,34.990266203703705,0
1029890,18,57.5,154.35737336600695,2026-07-10 17:16:42+00:00,19.99,20.051400462962963,0
1030210,47,76.34042553191489,44.30462157809028,2026-06-25 18:44:45+00:00,39.99,34.99025462962963,0
1030830,60,69.15,35.04993545981481,2026-06-25 19:03:43+00:00,29.99,34.97708333333333,0
1030840,60,64.88333333333334,34.54285173414352,2026-06-25 19:03:50+00:00,39.99,34.97700231481482,0
1032430,33,20.0,79.95735749421296,2026-06-27 17:30:28+00:00,24.99,33.04184027777778,0
1035510,49,43.40816326530612,45.45188826195602,2026-06-25 18:09:45+00:00,4.99,35.01456018518518,0
1035930,80,55.0625,34.000693125868054,2026-07-13 17:30:06+00:00,0.99,17.042094907407407,0
1036240,36,55.30555555555556,35.833810185185186,2026-06-25 18:27:11+00:00,24.99,35.0024537037037,1
1036700,47,48.276595744680854,47.762410426724536,2026-06-25 17:49:23+00:00,14.99,35.028703703703705,0
1036890,30,56.333333333333336,53.17265126116898,2026-07-25 17:31:48+00:00,39.99,5.0409143518518515,0
1037020,69,56.95652173913044,34.560329180277776,2026-07-14 17:16:34+00:00,16.99,16.051493055555557,0
1038250,41,69.39024390243902,50.42424131944445,2026-06-18 17:23:27+00:00,59.99,42.046712962962964,0
1038370,59,47.71186440677966,44.07991259577546,2026-06-25 18:08:57+00:00,19.99,35.01511574074074,0
1039880,51,22.058823529411764,48.05901851851852,2026-06-25 17:20:10+00:00,24.99,35.048993055555556,0
1040200,21,21.333333333333332,34.00667939814815,2026-06-25 18:15:30+00:00,29.99,35.01056712962963,0
1040230,55,53.18181818181818,36.893633187581024,2026-07-13 17:30:06+00:00,19.99,17.042094907407407,0
1040420,63,53.80952380952381,34.53987455196759,2026-06-25 18:27:11+00:00,24.99,35.0024537037037,0
1041720,39,65.02564102564102,55.50003776802083,2026-06-18 17:23:22+00:00,39.99,42.04677083333333,1
1042550,49,71.83673469387755,48.854007764270825,2026-06-25 18:15:28+00:00,49.99,35.01059027777778,0
1042670,54,58.611111111111114,43.509351851851854,2026-06-25 18:15:30+00:00,19.99,35.01056712962963,0
1042800,52,71.86538461538461,49.44564020515047,2026-06-25 18:27:00+00:00,24.99,35.00258101851852,0
1043260,52,36.09615384615385,34.05284926469907,2026-07-16 17:19:27+00:00,14.99,14.04949074074074,0
1043810,18,28.055555555555557,39.53282339324074,2026-06-25 18:39:10+00:00,19.99,34.99413194444445,0
1044720,26,25.192307692307693,56.04001620370371,2026-07-24 17:19:55+00:00,34.99,6.049166666666666,0
1044980,48,73.5625,40.811625295497684,2026-06-25 18:33:54+00:00,19.99,34.99778935185185,1
1046030,59,52.6271186440678,45.50233576787037,2026-06-25 18:44:54+00:00,4.99,34.990150462962966,1
1048100,78,72.25641025641026,34.536521614953706,2026-07-10 17:16:44+00:00,2.99,20.051377314814815,0
1048540,15,44.666666666666664,41.86256035052084,2021-02-11 18:56:37+00:00,1.99,1994.9820138888888,0
1049280,61,60.704918032786885,40.432515046296295,2026-07-18 17:15:27+00:00,6.99,12.052268518518519,0
1049320,26,42.30769230769231,96.35999027777778,2026-06-25 17:20:51+00:00,29.99,35.04851851851852,0
1049410,54,49.388888888888886,39.13141007162037,2026-07-11 17:16:21+00:00,19.99,19.051643518518517,0
1049890,30,29.7,75.60221942847222,2026-06-25 17:57:58+00:00,24.99,35.02274305555556,0
1051310,18,37.22222222222222,39.03221745642361,2021-02-11 18:59:23+00:00,16.99,1994.9800925925927,0
1051690,48,32.291666666666664,53.93758692868056,2026-06-25 17:48:45+00:00,24.99,35.02914351851852,0
1053680,28,50.035714285714285,88.36906035664353,2026-06-25 17:30:20+00:00,4.99,35.04193287037037,0
1054510,72,32.15277777777778,31.55282293296296,2026-07-20 17:21:48+00:00,11.99,10.047858796296296,0
1055430,44,30.795454545454547,59.45532057493055,2026-06-25 17:50:16+00:00,9.99,35.02809027777778,0
1055540,53,33.943396226415096,48.49423143695602,2026-06-25 18:04:50+00:00,7.99,35.017974537037034,0
1056960,50,64.44,50.61224726001158,2026-07-30 17:21:29+00:00,19.99,0.04807870370370371,0
1057090,56,62.75,40.255929503356484,2026-06-25 18:56:55+00:00,29.99,34.98180555555555,0
1058020,32,55.4375,84.23381309736112,2026-06-25 17:57:41+00:00,9.99,35.02293981481481,0
1058380,58,59.56896551724138,40.24453439732639,2026-06-15 17:20:33+00:00,11.99,45.04872685185185,1
1058650,30,53.166666666666664,65.96564295976852,2026-03-19 19:01:48+00:00,9.99,132.97841435185185,0
1058770,8,24.375,28.873086970891205,2021-02-11 19:02:14+00:00,9.99,1994.9781134259258,0
1058830,42,36.523809523809526,59.46669658987269,2026-06-25 17:20:54+00:00,19.99,35.048483796296296,0
1059990,19,56.05263157894737,72.82221579217592,2026-06-25 17:29:32+00:00,14.99,35.042488425925924,0
1061090,58,45.3448275862069,44.964997157233796,2026-06-13 17:19:19+00:00,12.99,47.04958333333333,0
1061880,40,58.2,41.081474655740735,2026-07-20 17:21:48+00:00,14.99,10.047858796296296,0
1061910,36,58.111111111111114,38.71434953703704,2026-07-20 17:21:48+00:00,29.99,10.047858796296296,0
1062090,52,22.884615384615383,34.687957970219905,2026-07-20 17:21:48+00:00,34.99,10.047858796296296,0
1062160,35,62.542857142857144,63.32371970314815,2026-06-25 17:30:47+00:00,14.99,35.04162037037037,0
1062520,29,20.862068965517242,51.22801256613427,2026-06-17 17:16:37+00:00,19.99,43.051458333333336,0
1062810,34,49.588235294117645,34.182244668900466,2026-07-23 17:29:36+00:00,29.99,7.04244212962963,0
1063420,32,27.96875,33.64686977299768,2026-07-16 17:19:27+00:00,24.99,14.04949074074074,0
1063660,34,61.44117647058823,39.2370787738426,2026-07-09 17:35:54+00:00,19.99,21.03806712962963,0
1063730,4,32.5,62.98115740740741,2025-06-26 19:08:56+00:00,59.99,398.97346064814815,0
1065310,37,64.72972972972973,36.16386252571759,2026-07-16 17:19:27+00:00,49.99,14.04949074074074,0
1066780,56,51.767857142857146,44.21742971379629,2026-07-20 17:21:48+00:00,39.99,10.047858796296296,0
1066890,36,51.52777777777778,60.88588194444445,2026-06-25 17:30:51+00:00,39.99,35.04157407407408,0
1067540,61,69.80327868852459,36.057497878078706,2026-06-25 18:09:07+00:00,19.99,35.015,0
1067850,31,42.67741935483871,82.00019560185186,2026-06-25 17:29:43+00:00,14.99,35.04236111111111,0
1069160,25,39.2,32.125475501539356,2026-07-10 17:16:44+00:00,14.99,20.051377314814815,0
1069640,50,39.16,45.63265258880787,2026-07-27 17:21:12+00:00,29.99,3.048275462962963,0
1069660,22,33.45454545454545,80.4761981922338,2026-07-27 17:21:12+00:00,34.99,3.048275462962963,0
1069740,65,73.06153846153846,40.013146520543984,2026-06-25 18:27:15+00:00,0.99,35.00240740740741,0
1070330,74,52.527027027027025,35.55568746828704,2026-06-25 18:27:15+00:00,0.99,35.00240740740741,0
1070580,76,53.30263157894737,35.18784598765046,2026-07-25 17:31:48+00:00,1.99,5.0409143518518515,0
1070710,51,19.50980392156863,47.73966412037037,2026-06-25 17:57:20+00:00,4.99,35.02318287037037,0
1071870,60,60.13333333333333,39.24731265693287,2026-07-29 17:18:53+00:00,14.99,1.0498842592592592,0
1072040,48,50.416666666666664,50.169023098888886,2026-07-22 17:00:47+00:00,39.99,8.062453703703703,0
1072420,35,43.285714285714285,67.94144846131944,2026-06-25 18:34:28+00:00,49.99,34.997395833333336,1
1072920,12,31.666666666666668,55.269709595949074,2021-02-11 19:00:45+00:00,7.99,1994.9791435185184,0
1075190,42,50.595238095238095,51.951359530254635,2026-07-18 17:15:27+00:00,19.99,12.052268518518519,0
1075740,59,56.86440677966102,37.65615920337963,2026-07-23 17:29:36+00:00,19.99,7.04244212962963,0
1076200,42,64.47619047619048,42.92705482158565,2026-07-09 17:35:57+00:00,24.99,21.038032407407407,0
1078350,64,26.5625,31.540285861250002,2026-07-10 06:15:58+00:00,14.99,20.510243055555556,0
1079260,29,24.896551724137932,70.64053902115741,2026-07-13 17:25:17+00:00,14.99,17.045439814814817,0
1079310,82,54.573170731707314,32.29113654548611,2026-07-13 17:25:17+00:00,0.99,17.045439814814817,0
1079800,38,36.05263157894737,55.081474599594905,2026-06-25 18:44:54+00:00,29.99,34.990150462962966,0
1081510,76,67.5,34.2947625,2026-07-27 17:21:14+00:00,7.99,3.048252314814815,0
1082430,43,63.604651162790695,44.47667465828704,2026-06-25 17:50:21+00:00,9.99,35.02803240740741,0
1084020,49,39.83673469387755,53.68983579282408,2026-06-25 17:29:31+00:00,9.99,35.0425,0
1084160,27,50.96296296296296,42.622336182326386,2026-06-18 17:23:29+00:00,44.99,42.04668981481481,1
1084600,39,35.51282051282051,37.0374473075,2026-07-23 17:29:36+00:00,39.99,7.04244212962963,0
1085260,8,15.625,320.43795965607643,2025-12-18 19:03:19+00:00,4.99,223.97736111111112,0
1085510,67,79.53731343283582,36.06085753366898,2026-06-25 18:50:56+00:00,14.99,34.98596064814815,1
1086640,56,85.14285714285714,45.5616323653125,2026-07-03 17:30:28+00:00,4.99,27.041840277777776,0
1086940,21,20.952380952380953,47.574758101851856,2026-07-30 08:15:33+00:00,59.99,0.4271990740740741,0
1088090,33,28.272727272727273,72.49888527199074,2026-06-25 17:30:01+00:00,19.99,35.04215277777778,0
1088710,24,52.666666666666664,66.04918075684029,2025-06-26 21:43:10+00:00,19.99,398.86635416666667,0
1088790,71,43.23943661971831,34.93113227512732,2026-06-25 18:39:18+00:00,14.99,34.99403935185185,0
1088850,37,73.24324324324324,46.497109375,2026-06-25 18:39:35+00:00,59.99,34.99384259259259,0
1089090,47,68.40425531914893,47.74051529790509,2026-06-25 18:39:04+00:00,39.99,34.99420138888889,0
1089980,60,48.43333333333333,35.57630767418981,2026-07-13 17:24:37+00:00,14.99,17.045902777777776,0
1090630,16,53.4375,81.77771913579862,2023-10-25 17:19:56+00:00,19.99,1009.0491550925926,0
1091500,57,50.29824561403509,35.570238301909725,2026-07-27 17:21:14+00:00,59.99,3.048252314814815,0
1092660,54,69.61111111111111,47.605343728159724,2026-07-27 17:21:14+00:00,29.99,3.048252314814815,0
1092790,43,48.13953488372093,42.0256831459375,2026-07-25 17:31:50+00:00,19.99,5.040891203703704,0
1093910,69,61.44927536231884,36.759520867372686,2026-07-30 17:21:26+00:00,3.99,0.04811342592592593,0
1094520,39,47.43589743589744,62.06886848196759,2026-06-18 17:23:36+00:00,14.99,42.0466087962963,0
1096360,36,24.583333333333332,52.18351984126157,2026-06-25 17:29:30+00:00,10.99,35.04251157407408,0
1096530,58,58.55172413793103,36.94921864847222,2026-07-27 17:21:15+00:00,29.99,3.0482407407407406,0
1096550,69,26.91304347826087,37.93855528321759,2026-07-13 17:24:37+00:00,3.99,17.045902777777776,0
1096570,63,50.07936507936508,37.822776844375,2026-06-25 18:51:01+00:00,29.99,34.98590277777778,0
1096900,65,41.38461538461539,34.1718505859375,2026-07-16 17:19:27+00:00,79.99,14.04949074074074,0
1097130,32,43.59375,53.899712514930556,2026-07-20 17:27:29+00:00,19.99,10.043912037037037,0
1097200,47,50.0,38.653961855868054,2026-06-25 18:34:32+00:00,24.99,34.99734953703704,0
1097350,31,73.2258064516129,49.93274074074074,2026-06-11 17:25:46+00:00,39.99,49.04510416666667,1
1097420,17,32.35294117647059,36.6560865162037,2021-03-03 18:21:17+00:00,6.99,1975.006550925926,0
1097840,47,63.0,53.10408891907407,2026-07-30 13:16:07+00:00,29.99,0.21847222222222223,0
1098292,42,52.285714285714285,50.218737861331014,2026-07-30 17:21:26+00:00,9.99,0.04811342592592593,0
1098293,38,55.421052631578945,50.32354041540509,2026-07-30 17:21:29+00:00,9.99,0.04807870370370371,0
1098540,29,39.37931034482759,44.82717633928241,2023-06-29 22:13:02+00:00,0.99,1126.8456134259259,0
1099410,34,51.23529411764706,53.246402918067126,2026-06-25 17:57:10+00:00,39.99,35.02329861111111,0
1100260,72,53.75,32.2113284102662,2026-07-20 17:27:29+00:00,15.99,10.043912037037037,0
1100410,51,53.529411764705884,47.38277986111111,2026-07-20 17:27:29+00:00,19.99,10.043912037037037,0
1100990,41,37.073170731707314,40.695522858796295,2026-06-25 18:34:02+00:00,7.99,34.997696759259256,1
1101450,125,30.712,20.47707250597222,2026-07-27 17:21:15+00:00,0.99,3.0482407407407406,0
1102130,59,61.50847457627118,39.48355104564815,2026-06-25 18:34:31+00:00,5.99,34.99736111111111,0
1102190,54,59.53703703703704,42.0006228162037,2026-06-25 18:09:02+00:00,24.99,35.01505787037037,0
1104280,31,23.225806451612904,63.53441435185186,2026-06-25 18:50:40+00:00,19.99,34.98614583333333,0
1104380,44,50.27272727272727,51.65027858526621,2026-07-25 17:31:50+00:00,24.99,5.040891203703704,0
1104660,35,43.42857142857143,66.07988494008102,2025-12-18 18:18:29+00:00,14.99,224.00849537037038,0
1105500,35,51.68571428571428,55.38295649509259,2026-06-25 19:03:52+00:00,19.99,34.976979166666666,1
1105510,35,52.25714285714286,55.38295649509259,2026-06-25 19:03:52+00:00,19.99,34.976979166666666,1
1105670,41,40.609756097560975,46.20712442129629,2026-06-25 19:08:28+00:00,24.99,34.97378472222222,0
1106530,59,52.50847457627118,40.65754869092593,2026-06-25 18:39:37+00:00,12.99,34.99381944444445,1
1106840,51,39.411764705882355,44.78444861111111,2026-06-25 18:09:32+00:00,14.99,35.014710648148146,0
1108320,10,35.0,49.12426697530093,2021-02-11 18:57:45+00:00,6.99,1994.981226851852,0
1108370,45,40.13333333333333,54.03462463172453,2026-06-25 18:08:57+00:00,17.99,35.01511574074074,0
1108590,45,67.88888888888889,40.73093565866898,2026-06-25 18:15:23+00:00,19.99,35.01064814814815,0
1109570,27,20.74074074074074,62.16517761751158,2026-06-25 17:42:32+00:00,34.99,35.03346064814815,0
1110050,47,48.319148936170215,47.935826036631944,2026-06-25 17:30:27+00:00,6.99,35.04185185185185,1
1110910,29,67.51724137931035,56.9617270171875,2026-03-11 17:16:11+00:00,29.99,141.05175925925926,0
1111460,47,27.5531914893617,36.6654161634375,2026-06-25 19:12:30+00:00,10.99,34.970983796296295,1
1113000,39,36.794871794871796,54.869095090150466,2026-06-25 17:58:10+00:00,19.99,35.02260416666667,1
1113120,26,50.19230769230769,51.840673611111114,2026-06-25 18:50:47+00:00,34.99,34.98606481481482,0
1113560,30,55.5,62.86293662195602,2026-06-25 17:58:18+00:00,59.99,35.02251157407407,1
1114150,11,53.18181818181818,55.28729282407407,2026-06-25 18:20:56+00:00,19.99,35.00679398148148,0
1114220,46,64.26086956521739,49.62203189299768,2026-07-13 17:22:58+00:00,14.99,17.047048611111112,0
1115690,63,58.80952380952381,37.581770273287034,2026-07-23 17:29:38+00:00,19.99,7.0424189814814815,0
1115780,34,64.70588235294117,66.40602413018519,2026-06-25 18:09:32+00:00,9.99,35.014710648148146,0
1116170,18,25.27777777777778,39.6939651416088,2026-06-25 19:08:36+00:00,14.99,34.97369212962963,1
1118200,24,58.125,103.97990187197917,2026-07-07 12:15:45+00:00,9.99,23.26039351851852,0
1118240,37,48.189189189189186,47.2490396733449,2026-06-25 18:09:50+00:00,19.99,35.01450231481481,1
1119730,50,49.86,39.574692460312505,2026-06-25 18:39:33+00:00,24.99,34.99386574074074,0
1119980,53,79.69811320754717,33.8689425302662,2026-07-25 17:31:51+00:00,34.99,5.04087962962963,0
1120810,40,36.625,54.907082739780094,2026-06-25 18:09:04+00:00,17.99,35.015034722222225,0
1121640,41,30.195121951219512,34.99891059027778,2026-07-15 15:15:25+00:00,29.99,15.135625,0
1121720,39,64.74358974358974,66.11724262913194,2026-06-25 17:29:42+00:00,5.99,35.042372685185185,0
1122050,48,21.041666666666668,40.86098182623843,2025-01-15 18:18:33+00:00,12.99,561.0084490740741,0
1122720,56,38.589285714285715,43.40016708753472,2026-06-25 18:34:30+00:00,12.99,34.997372685185184,0
1123050,44,38.52272727272727,41.980826335046295,2026-07-12 17:15:53+00:00,24.99,18.051967592592593,0
1123450,28,39.642857142857146,64.92634816528935,2026-06-25 17:29:33+00:00,19.99,35.04247685185185,0
1123770,63,57.666666666666664,36.29029663231481,2026-07-16 17:19:27+00:00,19.99,14.04949074074074,0
1123830,55,56.81818181818182,34.74339720506944,2026-06-25 18:44:42+00:00,19.99,34.99028935185185,1
1124180,41,32.146341463414636,46.33235590277778,2026-07-20 17:21:52+00:00,24.99,10.0478125,0
1124300,40,64.2,53.15673611111111,2026-06-25 19:03:39+00:00,49.99,34.97712962962963,0
1124660,66,56.75757575757576,38.009187856122686,2026-06-25 18:27:13+00:00,2.99,35.002430555555556,0
1126290,60,41.166666666666664,41.743405131817134,2026-06-28 22:00:50+00:00,2.5,31.85408564814815,0
1126310,43,10.232558139534884,52.964536761458334,2026-06-25 18:50:20+00:00,11.99,34.98637731481482,0
1127400,28,46.42857142857143,91.253666838125,2026-06-25 17:29:43+00:00,9.99,35.04236111111111,0
1127500,36,15.694444444444445,51.461545304224536,2026-06-25 18:45:00+00:00,9.99,34.99008101851852,0
1127700,16,26.625,54.573290895057866,2026-06-18 17:23:27+00:00,24.99,42.046712962962964,0
1128860,16,48.5625,48.5337947530787,2026-06-25 18:09:28+00:00,44.99,35.01475694444444,0
1128920,45,45.666666666666664,43.704603851006944,2026-07-20 17:21:52+00:00,49.99,10.0478125,0
1129310,29,30.862068965517242,80.82315310846064,2026-06-25 17:30:53+00:00,19.99,35.041550925925925,0
1129580,56,29.964285714285715,38.85998211278935,2026-07-25 17:31:51+00:00,34.99,5.04087962962963,0
1132730,3,20.0,26.172141203703703,2019-12-20 01:49:36+00:00,8.99,2414.6952199074076,0
1133060,54,61.24074074074074,32.4740229734375,2026-07-23 13:15:43+00:00,4.99,7.21875,0
1133760,21,54.285714285714285,59.85156944444444,2026-06-25 18:04:18+00:00,19.99,35.01834490740741,1
1134100,53,49.528301886792455,36.42452101138889,2026-07-27 17:21:17+00:00,19.99,3.0482175925925925,0
1134710,38,15.789473684210526,53.40631506505787,2026-06-25 18:09:38+00:00,19.99,35.014641203703704,0
1135230,37,37.945945945945944,42.423844200092596,2026-06-25 18:39:18+00:00,19.99,34.99403935185185,0
1135240,44,80.0,57.628049095601845,2026-06-25 17:30:07+00:00,19.99,35.04208333333333,0
1135300,43,77.90697674418605,41.66686948853009,2026-07-27 17:28:24+00:00,39.99,3.043275462962963,0
1135690,33,43.93939393939394,50.40668800636574,2026-06-25 18:39:21+00:00,19.99,34.99400462962963,0
1135810,40,31.625,50.25589802943288,2026-06-25 18:05:55+00:00,17.99,35.01722222222222,1
1136160,71,58.436619718309856,35.085696428564816,2026-07-16 17:19:27+00:00,9.99,14.04949074074074,0
1136370,27,44.44444444444444,50.417725249282405,2026-06-25 18:39:21+00:00,19.99,34.99400462962963,1
1136870,36,68.36111111111111,54.840489087291665,2026-06-25 18:33:46+00:00,3.99,34.997881944444444,0
1137220,8,30.625,75.09651455025464,2021-02-11 18:34:11+00:00,1.99,1994.9975925925926,0
1137300,52,72.1923076923077,32.27330859658565,2026-06-25 18:39:02+00:00,44.99,34.994224537037034,0
1137460,40,50.25,50.06057454890047,2026-06-25 17:31:10+00:00,2.99,35.041354166666665,0
1138660,51,49.450980392156865,35.40024699074074,2026-06-15 17:20:58+00:00,24.99,45.0484375,1
1138850,36,44.333333333333336,47.06086739417824,2026-06-11 17:25:53+00:00,19.99,49.04502314814815,1
1139900,49,62.91836734693877,43.64697362075231,2026-06-11 17:26:03+00:00,29.99,49.04490740740741,1
1139940,41,45.48780487804878,53.17593287037037,2026-06-25 18:15:00+00:00,10.99,35.01091435185185,0
1139980,60,23.2,36.88224576270834,2026-07-13 17:22:58+00:00,17.99,17.047048611111112,0
1140270,52,52.55769230769231,40.6093538943287,2026-06-25 19:12:19+00:00,11.99,34.971111111111114,1
1140440,64,52.34375,38.762629886828705,2026-06-25 18:27:09+00:00,0.99,35.00247685185185,0
1140630,50,87.3,39.79766392667824,2026-07-27 17:21:17+00:00,19.99,3.0482175925925925,0
1140890,57,76.49122807017544,36.25270481976852,2026-06-25 18:27:15+00:00,24.99,35.00240740740741,1
1142100,37,64.05405405405405,53.75119180812501,2026-02-05 18:24:01+00:00,39.99,175.00465277777778,0
1142500,17,41.705882352941174,151.99866391782408,2026-06-25 17:25:31+00:00,14.99,35.04527777777778,0
1142710,36,53.388888888888886,42.4302337962963,2026-06-25 18:27:00+00:00,59.99,35.00258101851852,1
1143810,50,51.0,36.98151502267361,2026-06-25 19:03:52+00:00,19.99,34.976979166666666,1
1144200,35,35.0,43.02814848855324,2026-06-25 18:39:00+00:00,49.99,34.99424768518519,1
1144400,57,37.228070175438596,41.29161127644676,2026-06-14 17:16:42+00:00,34.99,46.05140046296296,0
1144770,39,67.61538461538461,48.29153173732639,2026-06-11 17:25:43+00:00,14.99,49.045138888888886,0
1145350,11,19.09090909090909,60.08925694444444,2026-07-21 17:45:57+00:00,29.99,9.031087962962962,0
1145360,55,45.41818181818182,44.72253965190972,2026-07-21 17:45:57+00:00,24.99,9.031087962962962,0
1145960,49,42.3469387755102,49.15068841627315,2026-06-25 17:56:56+00:00,3.99,35.023460648148145,1
1146310,43,62.69767441860465,52.238233300254635,2026-07-19 17:15:43+00:00,34.99,11.052083333333334,0
1146630,51,44.254901960784316,47.26416759259259,2026-07-27 17:21:19+00:00,1.99,3.0481944444444444,0
1147550,60,57.666666666666664,39.627290881979164,2026-06-25 19:03:52+00:00,24.99,34.976979166666666,1
1147560,59,41.355932203389834,39.97872385855324,2026-06-25 19:12:14+00:00,19.99,34.97116898148148,1
1148510,75,34.266666666666666,32.680469844837965,2026-07-27 17:20:01+00:00,0.99,3.049097222222222,0
1148590,43,64.5813953488372,52.99952022707176,2026-07-30 17:21:26+00:00,4.99,0.04811342592592593,0
1148650,22,52.0,115.37801256613426,2026-06-25 17:20:14+00:00,14.99,35.04894675925926,0
1148760,28,41.607142857142854,48.07305426953704,2026-06-25 18:05:04+00:00,24.99,35.0178125,1
1149440,63,49.523809523809526,36.84500896056713,2026-07-23 17:29:39+00:00,39.99,7.042407407407407,0
1149460,28,39.357142857142854,69.17969521604167,2026-07-23 17:29:39+00:00,34.99,7.042407407407407,0
1149620,51,32.76470588235294,35.520250000000004,2026-07-27 17:21:19+00:00,19.99,3.0481944444444444,0
1150080,36,58.05555555555556,66.3995211640162,2026-06-25 17:57:04+00:00,39.99,35.02336805555556,1
1150440,33,51.75757575757576,33.906263744212964,2026-07-16 17:19:28+00:00,39.99,14.049479166666666,0
1150530,24,56.666666666666664,40.56039251207176,2026-06-11 17:25:46+00:00,24.99,49.04510416666667,0
1150640,41,69.39024390243902,55.24918315972222,2026-07-14 17:16:35+00:00,39.99,16.05148148148148,0
1150690,22,30.454545454545453,93.33084380510417,2026-06-25 17:19:09+00:00,19.99,35.04969907407408,0
1150760,34,21.91176470588235,42.993027497187505,2026-07-25 17:31:51+00:00,19.99,5.04087962962963,0
1150950,35,44.857142857142854,65.48839392701389,2026-06-25 18:39:08+00:00,17.99,34.99415509259259,0
1151340,48,72.0625,48.254616331747684,2026-07-30 17:21:26+00:00,39.99,0.04811342592592593,0
1151640,25,59.16,56.66379918981482,2024-09-12 17:18:42+00:00,49.99,686.0500115740741,0
1152340,24,23.75,74.69658866746528,2026-06-25 17:49:32+00:00,4.99,35.02859953703704,0
1153640,49,70.51020408163265,33.53883559991898,2026-06-25 18:26:57+00:00,24.99,35.002615740740744,0
1154040,42,61.57142857142857,50.07070121950232,2026-06-18 17:23:30+00:00,19.99,42.04667824074074,1
1154790,52,64.13461538461539,39.05745415758102,2026-07-27 17:21:19+00:00,19.99,3.0481944444444444,0
1154810,57,66.78947368421052,36.62503286209491,2026-06-11 17:26:02+00:00,19.99,49.04491898148148,0
1157220,36,45.55555555555556,54.82854067459491,2026-07-10 17:16:44+00:00,19.99,20.051377314814815,0
1157390,30,54.166666666666664,58.89727011494214,2026-06-25 17:50:13+00:00,44.99,35.028125,0
1158160,25,25.16,53.07902440200231,2026-06-18 17:23:25+00:00,29.99,42.04673611111111,0
1158310,46,45.06521739130435,45.31095961934028,2026-06-25 17:57:23+00:00,49.99,35.023148148148145,1
1158850,41,52.21951219512195,41.772104166666665,2026-07-20 17:21:56+00:00,39.99,10.047766203703704,0
1158940,63,43.19047619047619,34.629861857824075,2026-07-27 17:21:19+00:00,14.99,3.0481944444444444,0
1159290,26,43.15384615384615,39.20390833333334,2026-06-11 17:25:51+00:00,19.99,49.0450462962963,0
1159690,31,29.516129032258064,38.86771064814815,2026-07-18 17:15:27+00:00,29.99,12.052268518518519,0
1160220,63,52.857142857142854,34.517577844976856,2026-07-15 17:17:01+00:00,19.99,15.051180555555556,0
1161170,38,44.73684210526316,48.038786286284726,2026-07-23 17:29:39+00:00,14.99,7.042407407407407,0
1161490,54,76.66666666666667,41.925314028645836,2026-06-25 18:21:34+00:00,19.99,35.00635416666667,0
1161580,59,48.96610169491525,38.3621699393287,2026-07-20 14:15:50+00:00,34.99,10.177002314814814,0
1161590,30,56.333333333333336,35.58854765325232,2026-06-25 19:03:52+00:00,19.99,34.976979166666666,1
1162520,5,30.0,57.75498842592592,2021-02-11 18:59:41+00:00,13.99,1994.9798842592593,0
1162750,7,22.857142857142858,131.66729938270834,2026-06-15 17:20:48+00:00,24.99,45.04855324074074,0
1163550,43,73.30232558139535,49.213607253078706,2026-06-11 17:26:24+00:00,39.99,49.04466435185185,1
1163870,49,47.44897959183673,35.89428915894676,2026-07-17 17:16:57+00:00,15.99,13.051226851851851,0
1164940,26,46.61538461538461,42.12012962962963,2026-06-11 17:26:03+00:00,29.99,49.04490740740741,1
1166140,18,52.22222222222222,53.76184504356481,2026-06-25 17:30:05+00:00,14.99,35.04210648148148,0
1166290,78,66.8076923076923,30.323737373726853,2026-07-13 17:23:10+00:00,12.99,17.04690972222222,0
1167140,55,71.14545454545454,35.115782107337964,2026-07-27 17:21:21+00:00,24.99,3.0481712962962964,0
1167450,39,54.333333333333336,61.42011147659723,2026-06-25 17:29:46+00:00,49.99,35.04232638888889,0
1167630,40,35.125,51.56417082145834,2026-06-25 19:03:37+00:00,29.99,34.977152777777775,0
1168660,66,72.39393939393939,37.35437856125,2026-06-25 18:39:15+00:00,4.99,34.99407407407407,0
1168880,43,48.604651162790695,54.833619929444446,2026-06-25 18:39:00+00:00,9.99,34.99424768518519,0
1169040,65,34.03076923076923,37.843903899016205,2026-07-30 17:21:26+00:00,14.99,0.04811342592592593,0
1169740,66,68.65151515151516,33.75436360398148,2026-06-25 18:09:50+00:00,4.99,35.01450231481481,1
1170760,58,71.89655172413794,38.50870126704861,2026-07-21 17:15:28+00:00,12.99,9.052256944444444,0
1170950,47,43.40425531914894,35.43404060989583,2026-07-13 17:23:10+00:00,39.99,17.04690972222222,0
1171310,68,70.05882352941177,35.772954498333334,2026-06-26 08:15:56+00:00,0.99,34.42693287037037,0
1171690,17,59.64705882352941,47.688190104166665,2026-07-14 17:16:24+00:00,24.99,16.051608796296296,0
1172380,60,70.25,40.93146088354167,2026-07-30 17:21:26+00:00,39.99,0.04811342592592593,0
1172620,48,48.145833333333336,44.8305151694213,2026-06-25 18:56:56+00:00,39.99,34.98179398148148,1
1172650,52,60.90384615384615,33.76447167755787,2026-07-20 17:21:58+00:00,19.99,10.047743055555555,0
1173770,19,28.68421052631579,100.3920865483449,2026-06-11 17:25:59+00:00,11.99,49.044953703703705,1
1173780,19,28.68421052631579,100.39150527262733,2026-06-11 17:25:59+00:00,11.99,49.044953703703705,1
1173790,19,28.68421052631579,100.39150655863425,2026-06-11 17:25:59+00:00,17.99,49.044953703703705,1
1173800,19,28.68421052631579,97.33595164608796,2026-06-11 17:25:59+00:00,17.99,49.044953703703705,1
1173810,20,29.75,100.12090399609954,2026-06-11 17:25:59+00:00,17.99,49.044953703703705,1
1173820,19,30.263157894736842,105.68317708333333,2026-06-11 17:25:59+00:00,17.99,49.044953703703705,1
1174180,68,53.64705882352941,35.62686083471065,2026-06-25 18:20:58+00:00,59.99,35.006770833333334,0
1175460,58,45.08620689655172,34.36999512670139,2026-07-14 17:16:24+00:00,16.99,16.051608796296296,0
1175830,28,51.785714285714285,64.07624399862269,2026-06-25 17:58:06+00:00,29.99,35.022650462962964,1
1176470,41,30.121951219512194,35.00213541666667,2026-07-27 17:21:21+00:00,39.99,3.0481712962962964,0
1176710,55,66.94545454545455,39.12971729252315,2026-07-29 17:18:53+00:00,15.99,1.0498842592592592,0
1177980,18,31.944444444444443,45.70955950435185,2026-06-25 17:30:30+00:00,24.99,35.04181712962963,0
1178490,49,41.63265306122449,48.94186005015046,2026-06-12 17:22:33+00:00,12.99,48.04733796296296,0
1178790,33,54.72727272727273,63.46305700231481,2026-06-25 18:44:56+00:00,19.99,34.99012731481481,0
1178830,37,38.513513513513516,46.49690650719907,2026-07-23 17:29:40+00:00,19.99,7.042395833333333,0
1179080,32,41.375,43.32355100059028,2026-06-25 17:49:41+00:00,14.99,35.02849537037037,0
1179580,34,28.852941176470587,34.80940235689815,2026-06-25 18:51:00+00:00,24.99,34.985914351851854,1
1182110,14,29.857142857142858,132.31780804842592,2025-12-18 20:12:28+00:00,19.99,223.92934027777778,0
1182310,28,36.25,50.59942343964121,2026-06-25 17:49:43+00:00,14.99,35.02847222222222,1
1182620,39,46.92307692307692,45.500480324074076,2026-06-25 17:57:19+00:00,9.99,35.02319444444444,0
1182900,40,55.375,34.15107816951389,2026-07-16 17:19:28+00:00,49.99,14.049479166666666,0
1183800,35,36.05714285714286,35.32348209422454,2026-07-27 17:21:22+00:00,13.99,3.048159722222222,0
1183840,48,70.08333333333333,47.06283737194445,2026-07-16 17:19:28+00:00,4.99,14.049479166666666,0
1184050,41,63.21951219512195,54.7751875,2026-06-25 18:39:18+00:00,29.99,34.99403935185185,1
1184370,46,61.95652173913044,37.19849408435185,2026-06-25 18:27:02+00:00,19.99,35.00255787037037,1
1184810,69,72.6086956521739,32.22138888888889,2026-06-25 19:12:14+00:00,5.99,34.97116898148148,1
1186040,52,79.67307692307692,38.15557688815972,2026-06-11 17:26:03+00:00,14.99,49.04490740740741,0
1186640,63,67.93650793650794,33.646454226400465,2026-07-10 17:16:44+00:00,29.99,20.051377314814815,0
1188930,48,27.395833333333332,49.89328408194444,2026-06-25 18:05:37+00:00,24.99,35.017430555555556,0
1189490,51,13.647058823529411,48.06893819444444,2026-06-25 18:04:44+00:00,14.99,35.01804398148148,1
1190000,55,51.07272727272727,33.262316315150464,2026-07-12 17:15:52+00:00,24.99,18.051979166666666,1
1190970,24,29.166666666666668,41.268680555555555,2026-07-20 17:22:00+00:00,39.99,10.047719907407407,0
1191120,45,31.555555555555557,38.827939551759265,2026-06-18 17:23:32+00:00,14.99,42.046655092592594,0
1191210,55,45.21818181818182,44.38227516289352,2026-06-28 22:00:50+00:00,1.99,31.85408564814815,0
1191840,43,50.02325581395349,51.905161485879624,2026-03-19 17:59:25+00:00,4.99,133.02173611111112,0
1191900,58,67.55172413793103,33.68710688758102,2026-07-12 17:15:52+00:00,14.99,18.051979166666666,0
1193340,39,38.717948717948715,55.18228039716435,2026-07-20 17:22:00+00:00,19.99,10.047719907407407,0
1194630,39,52.35897435897436,53.81400706627315,2026-07-29 17:18:53+00:00,19.99,1.0498842592592592,0
1194810,26,50.19230769230769,44.571600000000004,2026-07-16 00:16:01+00:00,19.99,14.760208333333333,0
1194930,37,48.24324324324324,66.10325488682871,2026-07-24 17:19:54+00:00,24.99,6.049178240740741,0
1195290,39,28.974358974358974,44.25504507796296,2026-06-25 18:39:11+00:00,14.99,34.99412037037037,0
1196090,36,74.5,34.6602695105787,2026-06-25 18:44:42+00:00,29.99,34.99028935185185,0
1196470,35,58.542857142857144,53.73575435729167,2026-06-11 17:25:43+00:00,24.99,49.045138888888886,1
1196590,47,57.297872340425535,37.6959344806713,2026-07-20 17:22:00+00:00,39.99,10.047719907407407,0
1196630,41,58.53658536585366,53.1842884837963,2026-06-25 17:30:18+00:00,19.99,35.04195601851852,0
1197570,6,10.0,47.639895833333334,2022-01-27 20:05:21+00:00,16.99,1644.9342824074074,0
1199030,60,50.5,35.88223458097222,2026-07-20 17:22:01+00:00,19.99,10.047708333333333,0
1201230,44,31.022727272727273,35.335632267430555,2026-06-25 17:57:48+00:00,16.99,35.0228587962963,0
1201270,33,37.878787878787875,39.16418728298611,2026-06-25 18:14:54+00:00,19.99,35.010983796296294,1
1201540,29,37.86206896551724,43.75012979496528,2026-06-25 18:14:54+00:00,24.99,35.010983796296294,0
1201630,57,29.614035087719298,42.232684771817134,2026-06-25 18:04:56+00:00,0.99,35.01790509259259,0
1202130,43,33.83720930232558,33.309616953252316,2026-07-22 17:16:16+00:00,29.99,8.051701388888889,0
1202900,59,53.30508474576271,39.34726752075231,2026-06-25 18:44:58+00:00,7.99,34.99010416666667,1
1203620,24,19.166666666666668,38.39698570853009,2026-06-25 17:57:39+00:00,29.99,35.022962962962964,0
1203630,57,30.789473684210527,40.89875930059028,2026-06-19 17:17:04+00:00,19.99,41.05114583333334,0
1203710,53,60.660377358490564,33.29007167021991,2026-06-25 19:03:53+00:00,19.99,34.976967592592594,1
1205240,64,40.078125,37.15229038064815,2026-07-13 17:23:00+00:00,1.99,17.047025462962964,0
1205450,56,62.785714285714285,34.366592592592596,2026-06-25 19:12:20+00:00,14.99,34.971099537037034,0
1205520,27,43.51851851851852,48.83887820512731,2026-06-14 17:16:42+00:00,19.99,46.05140046296296,1
1206060,45,59.0,39.18579966329861,2026-07-18 17:15:27+00:00,14.99,12.052268518518519,0
1206610,52,65.01923076923077,33.258514660486114,2026-07-25 17:31:48+00:00,9.99,5.0409143518518515,0
1207650,61,56.442622950819676,34.150809027777775,2026-07-15 17:17:01+00:00,19.99,15.051180555555556,0
1208260,71,42.436619718309856,33.79931828703704,2026-07-20 17:22:01+00:00,0.99,10.047708333333333,0
1209490,44,53.40909090909091,51.324977390173615,2026-06-25 19:11:54+00:00,9.99,34.97140046296296,0
1210320,48,46.354166666666664,36.98005072891204,2026-06-25 18:26:58+00:00,19.99,35.002604166666664,1
1211020,40,18.0,53.38468186134259,2026-06-11 17:25:54+00:00,24.99,49.045011574074074,1
1211600,36,39.30555555555556,34.5297516534375,2026-07-20 17:22:02+00:00,11.99,10.04769675925926,0
1212450,60,48.833333333333336,39.90077389358796,2026-06-25 18:04:56+00:00,0.99,35.01790509259259,0
1213210,48,66.25,47.191696709999995,2026-07-30 17:21:26+00:00,19.99,0.04811342592592593,0
1213700,63,67.9047619047619,36.12996901134259,2026-06-25 18:44:58+00:00,19.99,34.99010416666667,1
1213740,22,39.31818181818182,89.99184138006945,2025-07-02 21:14:27+00:00,15.99,392.8862962962963,0
1214670,35,48.57142857142857,34.62159926469907,2026-07-10 17:16:44+00:00,14.99,20.051377314814815,0
1215390,40,33.875,54.00439814814815,2026-03-19 17:28:08+00:00,14.99,133.04346064814814,0
1216060,14,60.0,66.12163906694445,2025-03-12 07:15:19+00:00,49.99,505.4690277777778,0
1216320,22,35.27272727272727,108.81513778658564,2026-06-25 18:38:59+00:00,17.99,34.99425925925926,0
1216710,67,37.985074626865675,32.29576704545139,2026-06-25 18:50:53+00:00,9.99,34.98599537037037,1
1217060,48,27.979166666666668,47.99530855988426,2026-07-26 17:17:43+00:00,19.99,4.050694444444445,0
1217390,21,50.0,97.12876157407408,2026-07-24 07:15:36+00:00,14.99,6.468831018518519,0
1218210,45,56.22222222222222,35.16136363635417,2026-06-25 18:27:07+00:00,19.99,35.0025,0
1218500,40,49.5,48.43623456789352,2026-07-20 17:22:02+00:00,12.99,10.04769675925926,0
1218900,12,65.83333333333333,75.62687394780093,2026-06-25 17:30:12+00:00,1.99,35.04202546296296,0
1220010,47,38.851063829787236,43.056063556759256,2026-06-25 18:14:48+00:00,19.99,35.01105324074074,0
1220140,52,53.17307692307692,37.747503631076384,2026-06-25 19:03:53+00:00,29.99,34.976967592592594,1
1220150,58,62.53448275862069,34.5046716617824,2026-06-25 18:44:36+00:00,19.99,34.9903587962963,0
1221250,48,51.770833333333336,33.38561638100695,2026-07-10 17:16:44+00:00,14.99,20.051377314814815,0
1222140,64,57.1875,34.89416629922454,2026-06-25 18:33:58+00:00,39.99,34.99774305555555,1
1222370,50,66.98,39.71491425736111,2026-07-16 17:19:28+00:00,39.99,14.049479166666666,0
1222680,8,65.625,36.01875661375,2021-02-11 18:30:20+00:00,69.99,1995.0002662037036,0
1222690,48,78.33333333333333,47.810496207638884,2026-07-30 17:21:38+00:00,39.99,0.04797453703703704,0
1222700,51,76.70588235294117,44.65853217592593,2026-07-30 17:21:38+00:00,29.99,0.04797453703703704,0
1222730,50,77.38,42.857128684803236,2026-07-30 17:21:38+00:00,39.99,0.04797453703703704,0
1224020,70,42.57142857142857,33.56910544148148,2026-06-25 18:15:30+00:00,4.99,35.01056712962963,0
1225560,53,76.13207547169812,43.213333110752316,2026-07-30 17:21:38+00:00,19.99,0.04797453703703704,0
1225570,52,76.15384615384616,44.06065155228009,2026-07-30 17:21:38+00:00,19.99,0.04797453703703704,0
1225590,51,74.2156862745098,44.94186643518518,2026-07-30 17:21:38+00:00,19.99,0.04797453703703704,0
1225780,27,26.185185185185187,76.42658876423612,2025-12-18 18:18:43+00:00,8.99,224.00833333333333,0
1227280,50,53.2,35.002509920625,2026-06-25 19:03:53+00:00,19.99,34.976967592592594,1
1227530,61,72.18032786885246,35.01819637344908,2026-07-16 17:19:28+00:00,29.99,14.049479166666666,0
1227650,45,51.22222222222222,38.544700389305554,2026-07-27 17:21:25+00:00,24.99,3.048125,0
1227690,51,64.11764705882354,34.84161944444444,2026-06-25 18:44:50+00:00,24.99,34.99019675925926,1
1227890,72,50.208333333333336,31.210629564421293,2026-07-10 06:15:57+00:00,19.99,20.510254629629628,0
1229240,24,35.125,56.31397594605325,2026-06-25 18:39:12+00:00,24.99,34.994108796296295,0
1229380,33,38.18181818181818,57.96893120659722,2026-06-25 17:29:59+00:00,9.99,35.042175925925925,0
1229460,42,67.78571428571429,41.70852981028935,2026-06-25 18:15:05+00:00,14.99,35.01085648148148,0
1229490,41,23.4390243902439,53.02617534722222,2026-06-25 18:15:02+00:00,29.99,35.01089120370371,1
1230140,42,36.785714285714285,53.27040509259259,2026-06-11 17:26:03+00:00,20.99,49.04490740740741,0
1230530,20,61.0,36.21522904482639,2026-06-25 18:27:07+00:00,39.99,35.0025,0
1230570,59,57.54237288135593,40.496586246805556,2026-07-20 17:22:03+00:00,1.99,10.047685185185186,0
1231880,46,47.15217391304348,34.06981867283565,2026-07-09 17:42:25+00:00,19.99,21.033541666666668,0
1232580,68,24.352941176470587,25.702011470416668,2026-06-25 18:05:43+00:00,24.99,35.017361111111114,1
1233270,46,36.41304347826087,51.32772067900463,2026-06-25 19:03:37+00:00,19.99,34.977152777777775,0
1233570,46,75.21739130434783,49.001885030856485,2026-06-18 17:23:27+00:00,19.99,42.046712962962964,0
1234940,65,52.84615384615385,34.51527325665509,2026-07-13 17:22:56+00:00,14.99,17.04707175925926,0
1235140,43,55.81395348837209,48.19141424162037,2026-06-25 19:03:53+00:00,19.99,34.976967592592594,1
1236990,33,52.515151515151516,58.66302047164352,2025-06-26 22:34:01+00:00,2.99,398.8310416666667,0
1237320,28,60.607142857142854,47.293866169409725,2026-06-18 17:23:29+00:00,39.99,42.04668981481481,1
1237950,8,66.625,39.01784887565972,2021-03-11 18:21:21+00:00,39.99,1967.0065046296297,0
1237970,52,82.13461538461539,43.7828764978125,2026-07-30 17:21:38+00:00,29.99,0.04797453703703704,0
1237980,8,66.25,39.017833994699075,2021-03-11 18:21:09+00:00,19.99,1967.0066435185186,0
1238000,53,77.9622641509434,43.07852831195602,2026-07-30 17:21:38+00:00,39.99,0.04797453703703704,0
1238020,27,73.88888888888889,84.54209446224537,2026-06-18 17:23:28+00:00,29.99,42.04670138888889,0
1238040,38,74.34210526315789,60.73146552802083,2026-07-30 17:21:38+00:00,29.99,0.04797453703703704,0
1238060,46,75.76086956521739,49.62059130657407,2026-07-30 17:21:38+00:00,19.99,0.04797453703703704,0
1238080,51,74.31372549019608,44.941864583333334,2026-07-30 17:21:38+00:00,19.99,0.04797453703703704,0
1238810,6,60.0,48.62302777777777,2021-02-09 18:07:11+00:00,49.99,1997.0163425925925,0
1238820,44,83.45454545454545,52.09519029930555,2026-07-30 17:21:38+00:00,39.99,0.04797453703703704,0
1238840,46,82.8913043478261,49.77984593620371,2026-07-30 17:21:28+00:00,39.99,0.04809027777777778,0
1238860,7,72.14285714285714,40.52082368826389,2021-02-09 18:07:20+00:00,39.99,1997.0162384259258,0
1238880,7,76.42857142857143,40.519184027777776,2021-02-09 18:07:11+00:00,39.99,1997.0163425925925,0
1239080,35,14.142857142857142,59.14655058550925,2026-06-25 18:34:06+00:00,24.99,34.997650462962966,0
1239260,63,71.25396825396825,37.24468992681713,2026-06-25 18:27:11+00:00,4.99,35.0024537037037,1
1239320,47,52.340425531914896,33.80707628824074,2026-06-25 19:03:54+00:00,19.99,34.97695601851852,1
1239690,63,42.06349206349206,37.12712682944444,2026-06-25 18:45:05+00:00,2.99,34.99002314814815,1
1240210,21,33.523809523809526,105.90202835648148,2026-05-25 17:20:21+00:00,12.99,66.04886574074074,1
1241510,77,19.935064935064936,30.667231359641203,2026-07-13 17:22:57+00:00,1.99,17.047060185185185,0
1243830,48,56.333333333333336,39.46819666075231,2026-06-11 17:25:47+00:00,39.99,49.045092592592596,0
1244090,25,30.72,44.023549864965275,2026-07-20 17:22:05+00:00,34.99,10.047662037037037,0
1244460,49,67.75510204081633,34.561680652002316,2026-06-25 18:38:59+00:00,59.99,34.99425925925926,0
1244800,45,42.0,35.31880839645834,2026-07-23 17:29:41+00:00,19.99,7.04238425925926,0
1245250,14,43.57142857142857,48.43977118945602,2026-07-29 15:15:38+00:00,27.99,1.135474537037037,0
1245560,38,32.8421052631579,31.838137825324072,2026-07-16 17:19:30+00:00,24.99,14.04945601851852,0
1245620,11,34.90909090909091,118.28949421296298,2026-03-19 17:28:10+00:00,59.99,133.0434375,0
1248130,19,27.105263157894736,86.11154578188658,2026-06-25 17:50:24+00:00,19.99,35.027997685185184,0
1249040,30,42.0,33.38107279693287,2026-07-10 17:16:44+00:00,19.99,20.051377314814815,0
1249800,30,48.333333333333336,62.999643199224536,2025-12-18 18:20:16+00:00,34.99,224.00725694444444,0
1249970,17,57.64705882352941,37.99737340856481,2026-07-21 17:15:28+00:00,49.99,9.052256944444444,0
1250410,26,47.30769230769231,50.75249027777778,2026-06-13 17:19:19+00:00,59.99,47.04958333333333,0
1250760,47,40.255319148936174,36.4166513184375,2026-03-19 20:23:11+00:00,12.99,132.92189814814816,0
1252330,37,70.78378378378379,48.24745949074074,2026-07-30 17:21:28+00:00,59.99,0.04809027777777778,0
1253920,41,31.829268292682926,53.42497627314815,2026-06-25 18:34:12+00:00,24.99,34.99758101851852,0
1256610,66,47.31818181818182,34.82003098290509,2026-07-20 17:22:05+00:00,1.99,10.047662037037037,0
1256670,33,45.81818181818182,67.19876338252315,2026-06-29 02:00:25+00:00,29.99,31.687708333333333,0
1257360,63,52.857142857142854,34.34552568696759,2026-07-23 17:29:42+00:00,14.99,7.042372685185185,0
1259420,36,60.94444444444444,51.40022453703704,2026-06-25 17:29:48+00:00,39.99,35.04230324074074,0
1259790,36,56.77777777777778,52.08590443121528,2026-06-25 18:04:17+00:00,19.99,35.01835648148148,0
1259840,52,53.46153846153846,42.53047090594907,2026-06-25 18:39:11+00:00,19.99,34.99412037037037,1
1259980,48,73.02083333333333,45.491361308113426,2026-07-13 17:22:59+00:00,39.99,17.047037037037036,0
1260320,24,35.416666666666664,40.60783967391203,2026-06-25 17:57:52+00:00,19.99,35.0228125,0
1260920,39,66.66666666666667,42.084267482939815,2026-06-25 18:27:01+00:00,8.99,35.00256944444445,0
1261040,61,59.9344262295082,35.91664602622685,2026-07-16 17:19:30+00:00,19.99,14.04945601851852,0
1262060,65,86.3076923076923,35.96363172743055,2026-07-10 04:15:29+00:00,29.99,20.593912037037036,0
1262240,51,75.82352941176471,44.94186226851852,2026-07-30 17:21:28+00:00,29.99,0.04809027777777778,0
1262350,27,27.037037037037038,50.22654959045139,2026-07-20 17:22:06+00:00,19.99,10.047650462962963,0
1262540,7,68.71428571428571,42.023975694444445,2021-02-11 18:34:24+00:00,29.99,1994.9974421296297,0
1262560,49,78.16326530612245,46.51930193865741,2026-07-30 17:21:28+00:00,19.99,0.04809027777777778,0
1262580,47,77.53191489361703,48.54124849033565,2026-07-30 17:21:28+00:00,29.99,0.04809027777777778,0
1262600,7,68.57142857142857,42.023726851851855,2021-02-11 18:32:23+00:00,19.99,1994.9988425925926,0
1263370,50,34.54,42.80772888321759,2026-06-28 22:00:50+00:00,3.99,31.85408564814815,0
1264250,4,17.5,39.447411265428244,2021-02-11 18:34:13+00:00,34.99,1994.9975694444445,0
1264280,24,44.416666666666664,77.52211050724537,2026-06-25 17:30:53+00:00,16.99,35.041550925925925,0
1264670,4,20.0,68.03103009259259,2021-01-29 18:21:15+00:00,29.99,2008.006574074074,0
1266680,21,61.42857142857143,102.94590625000001,2026-06-18 17:23:22+00:00,19.99,42.04677083333333,1
1266700,29,62.172413793103445,46.564422949733796,2026-06-18 17:23:26+00:00,39.99,42.046724537037036,1
1266840,33,51.303030303030305,51.184011140046294,2026-07-23 17:29:42+00:00,24.99,7.042372685185185,0
1267470,44,43.63636363636363,50.775420704131946,2026-07-30 17:21:28+00:00,12.99,0.04809027777777778,0
1267540,42,76.42857142857143,43.14576558265046,2026-07-21 17:15:28+00:00,29.99,9.052256944444444,0
1267910,31,43.41935483870968,68.12103356481481,2026-06-25 17:29:48+00:00,9.99,35.04230324074074,0
1268750,22,45.27272727272727,51.99245645943287,2026-06-25 18:21:20+00:00,29.99,35.006516203703704,1
1269370,23,34.82608695652174,59.82833964645833,2026-06-25 18:39:17+00:00,19.99,34.994050925925926,0
1269950,39,41.92307692307692,51.39362877679398,2026-06-25 17:20:43+00:00,9.99,35.048611111111114,0
1270580,19,23.68421052631579,50.55467656892361,2026-06-11 17:25:42+00:00,24.99,49.045150462962965,0
1271280,52,40.59615384615385,42.74270697166667,2026-06-25 18:39:31+00:00,14.99,34.99388888888889,1
1271700,41,75.73170731707317,42.647084490740745,2026-07-27 17:21:31+00:00,39.99,3.0480555555555555,0
1272080,25,52.24,40.16149836033565,2026-07-12 17:15:52+00:00,29.99,18.051979166666666,0
1272160,52,52.78846153846154,38.454180056273145,2026-07-17 17:16:07+00:00,27.73,13.051805555555555,1
1272320,48,35.0,34.296917848692125,2026-07-10 17:16:45+00:00,29.99,20.051365740740742,0
1273400,30,46.166666666666664,45.923928001273154,2026-07-16 17:19:30+00:00,24.99,14.04945601851852,0
1274570,33,26.96969696969697,61.69655128761574,2026-06-25 17:32:16+00:00,9.99,35.04059027777778,0
1275890,9,30.0,180.3745775462963,2026-04-14 17:16:37+00:00,9.99,107.05145833333333,0
1276760,31,60.645161290322584,43.62716898148148,2026-07-23 17:20:05+00:00,19.99,7.0490509259259255,0
1276790,21,53.80952380952381,80.49439756944444,2026-06-25 17:29:35+00:00,29.99,35.04245370370371,0
1277400,33,45.06060606060606,50.30943178530092,2026-06-25 17:49:34+00:00,39.99,35.02857638888889,0
1280930,40,35.125,39.8995966880324,2026-07-16 17:19:30+00:00,24.99,14.04945601851852,0
1281590,33,59.515151515151516,52.49443901909722,2026-07-29 17:18:53+00:00,29.99,1.0498842592592592,0
1281630,51,60.294117647058826,43.12,2026-07-20 17:22:08+00:00,14.99,10.047627314814815,0
1282100,23,52.391304347826086,44.86369686446759,2026-06-18 17:23:23+00:00,49.99,42.04675925925926,1
1282150,28,61.5,44.0718445644676,2026-06-18 17:23:27+00:00,39.99,42.046712962962964,1
1282410,33,60.15151515151515,44.40692455150463,2026-06-25 17:49:42+00:00,29.99,35.0284837962963,0
1282590,26,45.65384615384615,86.96040046296297,2026-07-20 17:22:08+00:00,19.99,10.047627314814815,0
1282730,46,63.08695652173913,43.3996422325,2026-06-11 17:26:05+00:00,14.99,49.04488425925926,0
1283400,33,71.21212121212122,40.96494755497685,2026-06-25 19:12:14+00:00,49.99,34.97116898148148,0
1283410,42,67.97619047619048,42.494109925462965,2026-06-25 18:15:22+00:00,24.99,35.01065972222222,0
1284080,3,63.333333333333336,45.99746527777778,2021-02-25 18:21:14+00:00,9.99,1981.006585648148,0
1284190,46,30.695652173913043,35.1129205246875,2026-07-21 17:15:28+00:00,23.99,9.052256944444444,0
1284820,75,40.92,30.792539101597225,2026-07-20 17:22:08+00:00,2.99,10.047627314814815,0
1285670,56,23.607142857142858,39.38780976430556,2026-07-12 17:15:52+00:00,2.99,18.051979166666666,0
1286320,26,69.42307692307692,38.64224351851852,2026-06-25 18:39:42+00:00,59.99,34.99376157407407,0
1286350,33,58.45454545454545,65.90806459780093,2026-06-25 17:30:51+00:00,19.99,35.04157407407408,0
1286580,30,49.5,44.72469308747685,2026-06-11 17:26:23+00:00,21.99,49.04467592592592,1
1286680,37,68.48648648648648,40.63630561984954,2026-06-25 17:58:20+00:00,59.99,35.02248842592593,0
1286990,15,49.666666666666664,46.214678406076395,2026-06-11 17:26:03+00:00,19.99,49.04490740740741,1
1287840,35,51.285714285714285,53.79444716775463,2026-06-13 17:19:19+00:00,39.99,47.04958333333333,0
1288310,43,41.16279069767442,47.67583030202546,2026-07-30 17:21:28+00:00,9.99,0.04809027777777778,0
1288320,29,53.93103448275862,47.106434771817135,2026-06-18 17:23:23+00:00,29.99,42.04675925925926,1
1289380,45,64.44444444444444,39.18312394780093,2026-06-11 17:25:51+00:00,19.99,49.0450462962963,1
1289810,45,38.111111111111114,43.887027830381946,2026-06-25 17:49:13+00:00,19.99,35.028819444444444,0
1290000,29,32.41379310344828,66.54238591269676,2026-06-25 18:44:50+00:00,24.99,34.99019675925926,0
1290330,26,36.53846153846154,48.96087037037037,2026-07-16 17:19:30+00:00,4.99,14.04945601851852,0
1291010,53,71.98113207547169,36.61517984329861,2026-07-16 17:19:30+00:00,16.99,14.04945601851852,0
1291340,51,42.76470588235294,41.098925,2026-07-12 17:15:52+00:00,5.99,18.051979166666666,0
1292040,39,35.51282051282051,52.91991167153936,2026-06-25 17:30:07+00:00,19.99,35.04208333333333,0
1292940,44,44.31818181818182,48.38110142118055,2026-06-25 18:39:10+00:00,4.99,34.99413194444445,1
1293160,46,49.891304347826086,48.77870216048611,2026-07-27 17:21:31+00:00,49.99,3.0480555555555555,0
1293180,49,40.40816326530612,37.64697747877315,2026-06-25 18:39:20+00:00,24.99,34.9940162037037,0
1293230,57,52.63157894736842,39.607958829363426,2026-06-25 18:27:08+00:00,0.99,35.002488425925925,0
1294420,29,60.55172413793103,51.22029472552084,2026-07-20 17:20:31+00:00,29.99,10.04875,0
1295500,48,46.770833333333336,40.40400586090278,2026-07-22 17:16:17+00:00,39.99,8.051689814814814,0
1295510,32,41.875,62.09841435185185,2026-06-25 18:34:27+00:00,39.99,34.99740740740741,1
1295660,11,36.81818181818182,38.9771087962963,2026-07-21 17:15:28+00:00,69.99,9.052256944444444,0
1295920,25,32.48,59.29722029320602,2026-06-25 17:30:11+00:00,24.99,35.04203703703703,0
1296360,30,42.166666666666664,54.483612707534725,2026-06-25 18:56:49+00:00,14.99,34.981875,0
1296610,40,26.875,39.02352920226852,2026-06-25 19:03:40+00:00,19.99,34.97711805555556,0
1296830,34,28.38235294117647,46.73878331929399,2026-07-23 02:15:38+00:00,17.99,7.6771412037037035,0
1301390,32,25.3125,70.7142163231713,2026-06-25 17:29:50+00:00,19.99,35.04228009259259,0
1302240,32,40.46875,60.90348304957176,2026-06-25 17:29:38+00:00,9.99,35.04241898148148,0
1304550,22,31.727272727272727,97.04579089505786,2026-06-25 17:30:44+00:00,4.99,35.04165509259259,0
1304680,30,43.166666666666664,63.68867975733796,2026-07-15 17:17:01+00:00,4.99,15.051180555555556,0
1304930,28,50.607142857142854,41.14387902949074,2026-07-14 17:03:41+00:00,39.99,16.060439814814814,0
1305300,17,20.0,68.23929904513889,2026-06-25 17:30:25+00:00,5.99,35.041875,0
1305420,13,54.23076923076923,126.01402777777778,2024-12-19 21:25:10+00:00,4.99,587.8788541666667,0
1306630,42,44.166666666666664,44.55866644082176,2026-06-25 19:12:20+00:00,19.99,34.971099537037034,1
1307550,47,33.61702127659574,46.092743307164355,2026-06-25 18:44:45+00:00,24.99,34.99025462962963,0
1307580,43,63.51162790697674,41.26585097001157,2026-06-16 17:16:54+00:00,19.99,44.051261574074076,1
1307890,18,20.0,67.17431712962963,2026-06-25 17:56:54+00:00,19.99,35.0234837962963,0
1309950,17,45.529411764705884,47.250325520833336,2026-06-11 17:25:44+00:00,14.99,49.04512731481481,0
1310410,21,51.857142857142854,41.00694733796296,2026-06-18 17:23:21+00:00,39.99,42.046782407407406,1
1310740,6,40.666666666666664,118.76600694444444,2025-12-18 19:10:30+00:00,9.99,223.97237268518518,0
1311070,51,63.627450980392155,36.160879629629626,2026-07-30 17:21:28+00:00,19.99,0.04809027777777778,0
1313140,35,41.57142857142857,38.97027165032407,2026-06-11 17:25:46+00:00,24.99,49.04510416666667,1
1316230,33,40.45454545454545,56.93775173611111,2026-06-25 17:29:48+00:00,15.99,35.04230324074074,0
1316680,18,30.27777777777778,40.33580133442129,2026-06-26 08:15:56+00:00,11.99,34.42693287037037,0
1316910,35,63.285714285714285,49.23390863289352,2026-06-25 19:03:56+00:00,29.99,34.97693287037037,1
1318690,62,63.38709677419355,34.03217554644676,2026-07-20 17:27:37+00:00,9.99,10.043819444444445,0
1324130,31,42.74193548387097,42.69738117283565,2026-06-25 18:09:23+00:00,34.99,35.01481481481481,1
1324780,42,24.047619047619047,50.555781108842595,2026-07-15 17:00:29+00:00,8.99,15.062662037037038,0
1325200,40,44.5,49.282087191354165,2026-07-27 17:21:31+00:00,49.99,3.0480555555555555,0
1325400,52,42.86538461538461,39.67391226396991,2026-03-19 17:59:19+00:00,149.99,133.02180555555555,0
1326470,19,47.26315789473684,60.65260416666667,2026-06-25 18:45:15+00:00,29.99,34.98990740740741,0
1328350,37,28.37837837837838,42.365685120879625,2026-06-25 18:15:16+00:00,19.99,35.010729166666664,1
1328660,47,73.55319148936171,44.80344152576389,2026-07-30 17:21:28+00:00,29.99,0.04809027777777778,0
1328670,46,75.02173913043478,41.28819212962963,2026-07-30 17:21:28+00:00,59.99,0.04809027777777778,0
1328840,43,55.25581395348837,33.094781746030094,2026-07-10 17:16:45+00:00,19.99,20.051365740740742,0
1329500,39,45.51282051282051,36.108565728553245,2026-06-25 19:03:56+00:00,14.99,34.97693287037037,1
1330000,57,34.3859649122807,31.162362351180555,2026-07-25 17:31:50+00:00,19.99,5.040891203703704,0
1330460,49,23.448979591836736,40.897836612650465,2026-06-25 18:39:42+00:00,19.99,34.99376157407407,0
1330470,38,53.1578947368421,47.4434021521412,2026-07-24 17:19:54+00:00,15.99,6.049178240740741,0
1331550,30,20.1,41.48366020114583,2026-06-25 18:56:49+00:00,22.99,34.981875,0
1332010,39,33.53846153846154,39.0483509990162,2026-06-25 18:38:56+00:00,29.99,34.99429398148148,0
1332720,35,43.05714285714286,29.769824686817127,2026-07-12 17:15:52+00:00,19.99,18.051979166666666,1
1333200,11,61.36363636363637,91.68636111111111,2026-06-25 17:29:38+00:00,29.99,35.04241898148148,0
1333910,60,69.58333333333333,33.1230065128588,2026-07-25 17:31:50+00:00,6.99,5.040891203703704,0
1334040,7,15.714285714285714,37.91147569444445,2021-02-15 18:22:31+00:00,19.99,1991.0056944444445,0
1334590,56,53.32142857142857,39.56446969696759,2026-06-25 18:27:11+00:00,0.99,35.0024537037037,0
1335790,49,49.40816326530612,38.24955512152778,2026-07-27 17:21:33+00:00,19.99,3.0480324074074074,0
1336490,39,43.97435897435897,35.06325840642361,2026-06-25 18:44:43+00:00,29.99,34.99027777777778,0
1337010,62,60.806451612903224,33.153276032175924,2026-06-25 18:44:56+00:00,16.99,34.99012731481481,1
1337520,24,27.708333333333332,41.73801529790509,2026-06-25 18:38:59+00:00,14.99,34.99425925925926,0
1337760,35,44.08571428571429,39.58493974672454,2026-07-30 17:21:28+00:00,19.99,0.04809027777777778,0
1338770,47,66.19148936170212,39.153215328090276,2026-06-25 18:15:20+00:00,39.99,35.01068287037037,0
1340020,14,32.5,103.40335826210648,2024-06-27 17:40:11+00:00,19.99,763.0350925925926,0
1340480,27,40.74074074074074,40.42649483618055,2026-06-11 17:26:05+00:00,17.99,49.04488425925926,0
1341290,34,44.529411764705884,46.583874508969906,2026-07-25 17:31:50+00:00,17.99,5.040891203703704,0
1341400,50,72.48,40.835821050636575,2026-07-15 17:17:02+00:00,9.99,15.051168981481482,0
1341820,35,68.54285714285714,38.55747344770833,2026-06-25 18:56:52+00:00,29.99,34.98184027777778,0
1341960,46,61.26086956521739,47.89179115225695,2026-07-21 17:15:28+00:00,1.99,9.052256944444444,0
1342330,33,27.060606060606062,61.898923249421294,2026-06-25 17:29:33+00:00,24.99,35.04247685185185,0
1342620,57,66.0,37.78663587135417,2026-07-30 17:21:28+00:00,14.99,0.04809027777777778,0
1343240,36,45.583333333333336,41.115541335972225,2026-07-27 17:21:33+00:00,24.99,3.0480324074074074,0
1343620,16,48.4375,98.07347376542823,2026-06-25 18:45:16+00:00,14.99,34.989895833333335,0
1343670,58,34.86206896551724,35.75526640674769,2026-07-16 17:19:30+00:00,14.99,14.04945601851852,0
1343700,20,39.9,64.47567616958332,2023-12-04 18:16:44+00:00,0.99,969.0097106481481,0
1345890,38,59.8421052631579,39.950837087083336,2026-06-25 18:38:58+00:00,29.99,34.99427083333333,1
1346070,40,29.625,53.66895121082176,2026-06-25 17:57:37+00:00,4.99,35.02298611111111,0
1347430,46,28.76086956521739,44.596489969131945,2026-01-19 18:20:01+00:00,1.99,192.00743055555554,0
1347780,41,77.48780487804878,53.20130381944445,2026-07-20 17:36:18+00:00,14.99,10.037789351851853,0
1347970,43,59.13953488372093,44.306833388437504,2026-07-29 17:18:53+00:00,14.99,1.0498842592592592,0
1348300,10,15.0,211.50185185185185,2025-10-03 13:45:21+00:00,3.99,300.1981712962963,0
1349060,22,22.272727272727273,98.37227843914351,2026-03-19 17:59:22+00:00,4.99,133.02177083333333,0
1351080,29,37.0,44.68215153769676,2026-07-20 17:27:38+00:00,22.99,10.04380787037037,0
1353230,11,41.45454545454545,94.68813310185186,2026-06-25 17:31:02+00:00,39.99,35.04144675925926,1
1353270,51,55.86274509803921,41.66078726851852,2026-07-25 17:31:50+00:00,14.99,5.040891203703704,0
1356670,35,43.285714285714285,53.76630991284723,2026-06-25 18:21:41+00:00,29.99,35.006273148148146,0
1357210,19,45.36842105263158,52.83136509773148,2026-07-27 17:21:33+00:00,39.99,3.0480324074074074,0
1358700,21,50.476190476190474,53.89489872685185,2026-06-11 17:25:59+00:00,39.99,49.044953703703705,1
1359090,36,40.27777777777778,61.22967956348379,2026-06-25 17:31:08+00:00,9.99,35.04137731481482,0
1359980,44,54.31818181818182,34.8149084840625,2026-07-15 17:17:37+00:00,19.99,15.05076388888889,0
1360000,47,30.170212765957448,44.69462535224537,2026-07-13 17:23:08+00:00,15.99,17.04693287037037,0
1361000,59,36.94915254237288,35.82806633141204,2026-06-25 18:15:16+00:00,9.99,35.010729166666664,0
1361210,38,50.0,33.18801082332176,2026-07-12 17:15:52+00:00,39.99,18.051979166666666,0
1361320,41,55.829268292682926,46.42464409722222,2026-07-25 17:31:50+00:00,8.99,5.040891203703704,0
1361510,33,32.93939393939394,45.66175564236111,2026-06-16 17:16:55+00:00,24.99,44.05125,0
1363080,24,31.666666666666668,34.35768367552083,2026-06-25 18:44:43+00:00,39.99,34.99027777777778,0
1364100,55,65.63636363636364,34.48638074416667,2026-06-25 18:39:03+00:00,15.99,34.99421296296296,1
1364780,22,45.95454545454545,45.52221560846065,2026-07-20 17:21:49+00:00,39.99,10.047847222222222,0
1365930,40,44.975,53.12998397435186,2026-06-25 20:47:23+00:00,0.99,34.905092592592595,0
1366540,44,15.909090909090908,46.660635766574075,2026-07-20 17:21:51+00:00,19.99,10.047824074074073,0
1366800,30,35.166666666666664,73.7314216155787,2026-06-25 18:39:17+00:00,1.99,34.994050925925926,0
1367160,31,45.03225806451613,66.53806983024306,2026-07-25 17:31:50+00:00,6.99,5.040891203703704,0
1367170,31,43.83870967741935,65.2044822530787,2026-06-15 17:20:53+00:00,7.99,45.04849537037037,0
1367300,48,69.16666666666667,39.23676295310185,2026-06-25 19:12:14+00:00,17.99,34.97116898148148,1
1367550,43,35.58139534883721,47.87989803791667,2026-06-25 17:57:41+00:00,19.99,35.02293981481481,1
1367590,37,58.67567567567568,48.219023276747684,2026-07-30 17:21:28+00:00,19.99,0.04809027777777778,0
1368030,34,41.76470588235294,46.21292753927084,2026-06-25 17:57:16+00:00,24.99,35.02322916666667,1
1368820,56,62.767857142857146,37.872738005046294,2026-07-13 17:23:09+00:00,19.99,17.046921296296297,0
1369630,26,53.0,65.27311527777778,2026-06-11 17:26:03+00:00,24.99,49.04490740740741,1
1369670,18,15.555555555555555,97.1034163943287,2026-06-25 17:29:50+00:00,19.99,35.04228009259259,0
1370050,28,59.642857142857146,58.226047239363425,2026-07-25 17:31:50+00:00,19.99,5.040891203703704,0
1371580,25,55.8,70.01424238039353,2026-06-25 18:15:21+00:00,29.99,35.010671296296294,0
1371980,18,27.22222222222222,46.94765318627314,2026-06-25 18:56:56+00:00,39.99,34.98179398148148,1
1372110,30,64.33333333333333,45.20222581416667,2026-06-25 19:03:57+00:00,49.99,34.9769212962963,0
1372280,31,55.32258064516129,46.900170524687496,2026-06-11 17:25:59+00:00,49.99,49.044953703703705,1
1372640,41,52.19512195121951,54.01021180555556,2026-07-13 17:23:29+00:00,4.99,17.046689814814815,0
1372810,3,30.0,49.01642361111111,2026-06-25 18:34:27+00:00,9.99,34.99740740740741,0
1373960,21,34.523809523809526,40.106957754629626,2026-07-13 17:23:29+00:00,24.99,17.046689814814815,0
1374490,6,25.0,72.15928935185185,2026-06-22 17:00:14+00:00,29.99,38.062835648148145,0
1374840,52,63.26923076923077,36.27062840413194,2026-07-09 17:48:06+00:00,24.99,21.029594907407407,0
1375900,21,44.285714285714285,58.35049305555555,2026-07-15 17:17:37+00:00,7.99,15.05076388888889,0
1377360,56,69.82142857142857,38.03035963804398,2026-06-25 19:11:52+00:00,3.99,34.97142361111111,1
1377380,58,42.810344827586206,37.76257716048611,2026-07-20 17:19:53+00:00,29.99,10.049189814814815,0
1378360,25,19.6,74.08376977237268,2026-06-25 17:30:40+00:00,14.99,35.04170138888889,1
1378990,33,49.484848484848484,40.966387080439816,2026-06-25 18:15:12+00:00,39.99,35.01077546296296,0
1380400,15,57.333333333333336,73.33180803570602,2023-10-26 17:18:25+00:00,1.99,1008.0502083333333,0
1382070,36,45.97222222222222,31.14787070105324,2026-07-12 17:15:52+00:00,24.99,18.051979166666666,0
1382330,40,61.875,48.28140075973379,2026-06-25 17:58:03+00:00,59.99,35.02268518518518,1
1382800,35,39.02857142857143,51.88702035674768,2026-06-25 17:56:53+00:00,4.99,35.02349537037037,0
1384160,40,42.375,45.59014274690972,2026-06-25 17:50:14+00:00,39.99,35.02811342592592,0
1385380,41,35.1219512195122,47.601830729166664,2026-06-25 19:03:37+00:00,19.99,34.977152777777775,0
1386900,43,56.97674418604651,49.02080026454861,2026-04-17 17:20:03+00:00,29.99,104.04907407407407,1
1388590,33,51.666666666666664,58.84438331886574,2026-06-25 19:03:58+00:00,19.99,34.976909722222224,1
1388770,42,47.595238095238095,47.55931091914352,2026-06-15 17:20:39+00:00,19.99,45.048657407407404,1
1388880,46,25.130434782608695,40.39549176953704,2026-06-17 17:16:42+00:00,14.99,43.05140046296296,1
1389990,15,28.0,91.26775462962964,2026-06-25 17:31:08+00:00,9.99,35.04137731481482,0
1390350,36,30.13888888888889,45.99789847883102,2026-06-25 18:34:17+00:00,9.99,34.99752314814815,0
1392060,53,63.0188679245283,37.711004718657406,2026-06-25 18:27:10+00:00,0.99,35.00246527777778,0
1392750,13,45.38461538461539,168.68640817900462,2026-03-19 17:48:24+00:00,5.99,133.02938657407407,0
1392820,48,47.041666666666664,45.3012706855787,2026-06-25 18:39:19+00:00,1.49,34.99402777777778,0
1393960,12,45.0,184.12667929292826,2026-03-19 17:48:00+00:00,4.99,133.02966435185186,0
1395560,62,50.74193548387097,34.81072480266204,2026-06-25 18:15:15+00:00,0.99,35.010740740740744,0
1397390,22,17.5,51.16297949734953,2026-06-25 18:26:40+00:00,19.99,35.0028125,0
1401590,27,27.037037037037038,51.71982995013889,2026-07-29 13:15:10+00:00,39.99,1.2191319444444444,0
1404210,52,49.51923076923077,37.19612109658565,2026-07-27 17:21:37+00:00,19.99,3.0479861111111113,0
1404850,40,39.35,51.58870963912037,2026-07-13 17:23:06+00:00,9.99,17.046956018518518,0
1405500,31,32.096774193548384,30.77550694444444,2026-07-23 17:29:45+00:00,14.99,7.0423379629629625,0
1406850,52,55.42307692307692,33.60143768155093,2026-07-12 17:15:52+00:00,19.99,18.051979166666666,0
1406990,46,36.30434782608695,45.267732767488425,2026-06-25 17:30:22+00:00,9.99,35.04190972222222,0
1407450,27,21.11111111111111,52.5766194800463,2026-07-23 17:29:45+00:00,17.99,7.0423379629629625,0
1407530,56,42.767857142857146,38.2985073653125,2026-07-13 17:23:06+00:00,1.99,17.046956018518518,0
1408230,24,36.25,73.95321356681714,2026-06-25 17:30:42+00:00,24.99,35.041678240740744,0
1408610,34,59.11764705882353,40.45483059763889,2026-07-25 17:31:54+00:00,29.99,5.040844907407408,0
1409250,3,21.666666666666668,108.03019675925925,2021-06-24 19:48:11+00:00,4.99,1861.9462037037038,0
1410090,24,38.0,47.47139895329861,2026-06-25 17:50:12+00:00,17.99,35.028136574074075,0
1410640,43,65.32558139534883,36.4523985890625,2026-07-27 17:21:37+00:00,39.99,3.0479861111111113,0
1410710,35,54.97142857142857,59.940059572430556,2026-06-25 17:29:33+00:00,29.99,35.04247685185185,0
1411910,17,23.764705882352942,48.18301215277778,2026-07-25 17:31:54+00:00,14.99,5.040844907407408,0
1413480,34,63.911764705882355,52.6066828002199,2026-06-25 17:58:05+00:00,49.99,35.02266203703704,1
1413870,36,52.916666666666664,54.71438492062501,2026-07-13 17:23:10+00:00,19.99,17.04690972222222,0
1414850,32,78.90625,55.63165770608796,2026-06-25 18:15:22+00:00,49.99,35.01065972222222,0
1415480,9,13.333333333333334,244.89712528935186,2026-06-25 18:50:22+00:00,2.99,34.986354166666665,0
1416920,17,23.529411764705884,45.59114438657407,2026-07-18 17:15:27+00:00,9.99,12.052268518518519,0
1417880,19,65.42105263157895,84.92572466563658,2026-06-25 17:19:34+00:00,29.99,35.04940972222222,0
1419160,45,62.22222222222222,33.52269912667824,2026-07-14 17:16:29+00:00,19.99,16.051550925925927,0
1420290,34,38.38235294117647,55.81982884399305,2026-06-25 18:21:22+00:00,19.99,35.00649305555555,0
1421250,36,20.52777777777778,54.1748296957639,2026-06-25 18:09:33+00:00,10.99,35.01469907407407,1
1421790,18,27.61111111111111,107.61403458605324,2026-06-25 17:49:41+00:00,11.99,35.02849537037037,0
1422440,20,37.75,37.012475024363425,2026-06-25 18:44:44+00:00,29.99,34.990266203703705,0
1424330,35,57.2,58.05893586600694,2026-06-25 18:26:41+00:00,19.99,35.002800925925925,0
1424720,3,13.333333333333334,45.80594907407407,2021-02-11 18:30:20+00:00,2.99,1995.0002662037036,0
1426210,49,61.204081632653065,39.1250475019213,2026-07-30 17:21:28+00:00,39.99,0.04809027777777778,0
1426450,43,35.372093023255815,41.808490134479165,2026-07-29 15:15:38+00:00,27.99,1.135474537037037,0
1432050,43,53.674418604651166,39.146756779097224,2026-07-20 17:19:41+00:00,24.99,10.049328703703704,0
1432100,31,54.03225806451613,36.63761612653935,2026-06-25 19:08:17+00:00,14.99,34.97391203703704,1
1432320,29,20.517241379310345,58.28112351189815,2026-07-17 17:16:57+00:00,15.99,13.051226851851851,0
1432860,44,41.47727272727273,31.182115902233797,2026-07-25 17:31:54+00:00,24.99,5.040844907407408,0
1433140,18,50.111111111111114,65.21680487472223,2026-06-25 17:30:42+00:00,14.99,35.041678240740744,0
1434950,36,36.94444444444444,51.25962400792824,2026-06-25 19:12:13+00:00,29.99,34.971180555555556,0
1435790,53,32.679245283018865,33.5603487802662,2026-07-30 17:22:06+00:00,19.99,0.047650462962962964,0
1436700,23,46.0,47.37184606481482,2026-06-18 17:23:27+00:00,29.99,42.046712962962964,1
1436930,11,46.81818181818182,160.29353935185185,2026-03-19 17:48:09+00:00,3.99,133.02956018518518,0
1436990,26,36.34615384615385,68.97124305555556,2026-07-13 17:23:13+00:00,4.99,17.046875,0
1437760,9,18.11111111111111,61.1390234375,2026-06-25 18:56:54+00:00,24.99,34.98181712962963,1
1437820,3,76.66666666666667,14.967332175925925,2021-02-11 18:35:01+00:00,0.99,1994.997013888889,0
1440440,30,36.96666666666667,64.45035241059027,2026-06-25 18:44:51+00:00,19.99,34.99018518518518,0
1442820,33,40.60606060606061,53.688605324074075,2026-06-25 17:57:59+00:00,39.99,35.02273148148148,0
1443200,24,48.666666666666664,73.95373590981481,2026-06-25 17:49:11+00:00,9.99,35.02884259259259,0
1444480,9,25.555555555555557,203.61979166666666,2026-03-19 17:28:18+00:00,19.99,133.0433449074074,0
1444740,48,80.27083333333333,44.32585648148148,2026-07-13 17:23:13+00:00,2.99,17.046875,0
1446780,36,67.30555555555556,44.14301587300926,2026-07-20 17:21:54+00:00,39.99,10.047789351851852,0
1448030,47,62.276595744680854,39.71400563606481,2026-06-25 18:14:59+00:00,1.99,35.010925925925925,1
1448440,20,38.9,59.31620004872685,2026-07-27 17:21:38+00:00,39.99,3.047974537037037,0
1449200,32,63.28125,44.507065412175926,2026-06-25 18:45:08+00:00,39.99,34.98998842592592,0
1449280,41,68.4390243902439,50.27512065972222,2026-06-25 18:39:38+00:00,24.99,34.99380787037037,0
1449690,38,68.71052631578948,55.81157845344907,2026-06-25 18:04:17+00:00,49.99,35.01835648148148,1
1451090,23,50.391304347826086,58.22311921296296,2026-06-25 17:58:18+00:00,49.99,35.02251157407407,1
1451190,26,35.38461538461539,45.48278935185185,2026-06-25 18:44:43+00:00,49.99,34.99027777777778,0
1451940,39,43.64102564102564,42.37733979043981,2026-06-19 17:17:04+00:00,15.99,41.05114583333334,0
1454400,22,48.90909090909091,78.37504684744214,2026-06-25 17:30:07+00:00,4.99,35.04208333333333,0
1455630,58,49.224137931034484,35.7889376218287,2026-07-13 17:23:13+00:00,12.49,17.046875,0
1455840,51,29.607843137254903,38.786895138888895,2026-07-16 17:19:33+00:00,13.99,14.049421296296297,0
1457080,15,54.666666666666664,77.98684854496528,2026-06-25 17:30:09+00:00,29.99,35.042060185185186,0
1458100,25,55.56,80.18742332175925,2026-07-15 16:15:29+00:00,14.99,15.093912037037038,0
1458140,27,46.7037037037037,35.49872640668981,2026-07-20 17:20:26+00:00,29.99,10.04880787037037,0
1458560,30,15.666666666666666,70.69239822796295,2026-06-25 17:29:43+00:00,2.99,35.04236111111111,0
1462040,25,44.28,60.64258728780093,2026-06-11 17:25:59+00:00,39.99,49.044953703703705,1
1462570,43,74.20930232558139,40.66672756833333,2026-06-18 17:23:28+00:00,29.99,42.04670138888889,0
1462810,84,69.66666666666667,20.883125,2026-07-21 17:15:28+00:00,49.99,9.052256944444444,0
1465070,33,21.96969696969697,53.71822844328704,2026-07-13 19:00:39+00:00,39.99,16.97921296296296,0
1465360,54,47.68518518518518,34.90567741089121,2026-07-16 17:19:33+00:00,29.99,14.049421296296297,0
1465460,27,20.74074074074074,30.964992432326387,2026-06-25 19:12:21+00:00,24.99,34.97108796296296,1
1466060,33,25.21212121212121,37.75084346064815,2026-07-20 17:21:54+00:00,44.99,10.047789351851852,0
1466640,47,64.46808510638297,36.978283011261574,2026-06-18 17:23:26+00:00,19.96,42.046724537037036,1
1466860,33,45.60606060606061,51.435496961805555,2026-06-25 18:56:56+00:00,39.99,34.98179398148148,0
1468040,3,26.666666666666668,31.786788194444444,2021-02-16 06:21:06+00:00,9.99,1990.5066782407407,0
1468720,19,57.73684210526316,83.61094650204862,2026-06-25 17:29:54+00:00,19.99,35.042233796296294,0
1468810,42,24.904761904761905,48.86193428184028,2026-07-23 17:29:47+00:00,19.99,7.042314814814815,0
1469330,21,42.666666666666664,101.27740393518518,2026-06-27 23:30:28+00:00,1.99,32.79184027777778,0
1470940,5,20.0,163.0625173611111,2025-12-23 20:18:15+00:00,9.99,218.92532407407407,0
1471410,29,21.03448275862069,60.2562867890162,2026-06-25 18:34:26+00:00,19.99,34.99741898148148,1
1472660,51,50.90196078431372,37.619909953703704,2026-07-21 17:15:28+00:00,19.99,9.052256944444444,0
1473350,13,33.23076923076923,76.99713155863427,2026-06-25 17:30:04+00:00,6.99,35.042118055555555,0
1475810,30,68.73333333333333,53.20653935185185,2026-07-30 17:21:28+00:00,59.99,0.04809027777777778,0
1476720,21,46.38095238095238,91.04106655092593,2026-06-25 17:30:53+00:00,0.99,35.041550925925925,0
1477050,14,46.785714285714285,80.23845530626157,2023-12-21 20:59:40+00:00,5.99,951.8965625,0
1477070,32,24.84375,42.530998357222224,2026-07-30 17:21:28+00:00,19.99,0.04809027777777778,0
1477590,44,34.59090909090909,44.79465896855324,2026-06-25 19:12:35+00:00,44.99,34.970925925925926,0
1477830,3,20.0,25.98863425925926,2021-02-26 18:21:18+00:00,6.99,1980.0065393518519,0
1483870,27,25.0,77.14700498575232,2026-06-25 18:04:58+00:00,4.99,35.01788194444445,1
1484720,40,42.55,43.84806653607639,2026-06-25 18:50:49+00:00,14.99,34.986041666666665,0
1484900,25,47.8,73.58974537037037,2026-06-25 17:29:44+00:00,14.99,35.04234953703704,0
1485590,24,44.25,42.6027813003125,2026-07-28 17:16:59+00:00,14.99,2.051203703703704,0
1486630,51,56.0,35.900567592592594,2026-06-25 18:39:19+00:00,19.99,34.99402777777778,0
1486800,59,45.16949152542373,34.790612029050926,2026-06-25 18:39:03+00:00,2.99,34.99421296296296,0
1486920,11,27.727272727272727,37.08370949074074,2026-06-25 18:09:17+00:00,39.99,35.01488425925926,0
1488200,42,46.642857142857146,35.998374548321756,2026-06-25 18:27:15+00:00,19.99,35.00240740740741,0
1488640,16,22.5,83.47048533950232,2024-11-27 19:14:26+00:00,0.99,609.9696412037038,0
1490610,34,32.35294117647059,53.42673085016204,2026-07-14 17:16:29+00:00,24.99,16.051550925925927,0
1490890,35,59.542857142857144,49.23141714324074,2026-06-25 17:58:16+00:00,59.99,35.022534722222225,1
1491670,27,48.18518518518518,40.77858351138889,2026-06-25 19:08:23+00:00,14.99,34.97384259259259,1
1492070,35,37.6,39.94226102940972,2026-06-25 18:04:50+00:00,24.99,35.017974537037034,0
1493640,22,49.22727272727273,39.050235339502315,2026-06-25 18:34:30+00:00,49.99,34.997372685185184,0
1494420,24,20.0,46.17438657407408,2026-07-25 17:31:54+00:00,19.99,5.040844907407408,0
1494810,29,28.551724137931036,42.79002686837963,2026-06-25 18:27:03+00:00,24.99,35.002546296296295,0
1494840,26,22.115384615384617,68.63641481481481,2026-07-10 17:16:45+00:00,12.99,20.051365740740742,0
1495250,53,88.37735849056604,38.928253650277775,2026-07-10 17:16:45+00:00,9.99,20.051365740740742,0
1496790,30,76.5,46.30628791506945,2026-07-27 17:21:41+00:00,59.99,3.0479398148148147,0
1497440,28,39.464285714285715,38.07770147461806,2026-06-25 18:39:14+00:00,24.99,34.99408564814815,0
1498570,23,60.869565217391305,70.61780671296296,2026-07-16 07:15:34+00:00,29.99,14.468854166666667,0
1501750,22,52.95454545454545,45.09152391974537,2026-06-25 19:08:24+00:00,29.99,34.97383101851852,1
1502190,36,69.58333333333333,37.88353935185185,2026-07-30 17:21:29+00:00,14.99,0.04807870370370371,0
1504020,48,58.854166666666664,41.6821764184375,2026-06-25 18:50:51+00:00,4.99,34.98601851851852,1
1504500,48,40.416666666666664,38.161397015358794,2026-07-30 17:21:29+00:00,24.99,0.04807870370370371,0
1504570,16,63.125,103.17076774690973,2026-07-10 17:16:42+00:00,19.99,20.051400462962963,0
1506630,22,54.13636363636363,87.92943287037038,2026-03-19 17:47:13+00:00,0.99,133.03020833333332,0
1506980,48,42.916666666666664,36.93258692868056,2026-07-23 19:15:44+00:00,13.99,6.968738425925926,0
1507190,52,61.34615384615385,38.02060661763889,2026-07-14 17:16:29+00:00,7.99,16.051550925925927,0
1507580,15,27.666666666666668,40.99805555555555,2026-06-25 18:39:02+00:00,29.99,34.994224537037034,0
1509510,42,40.38095238095238,41.568016881203704,2026-06-11 17:25:53+00:00,19.99,49.04502314814815,1
1509960,26,21.923076923076923,75.01381157407408,2026-06-25 18:50:19+00:00,4.99,34.98638888888889,1
1514930,29,53.37931034482759,67.46623305224537,2026-07-27 17:21:41+00:00,11.99,3.0479398148148147,0
1515210,32,44.53125,42.944018443842594,2026-06-25 18:39:06+00:00,5.99,34.99417824074074,1
1517290,33,78.63636363636364,52.71749674479167,2026-07-30 17:21:29+00:00,59.99,0.04807870370370371,0
1517960,42,45.0,42.25438092818287,2026-06-28 22:00:50+00:00,8.99,31.85408564814815,0
1518770,51,52.450980392156865,38.907528703703704,2026-06-25 18:09:11+00:00,34.99,35.0149537037037,1
1520370,8,26.0,157.42856316136573,2026-06-25 17:20:21+00:00,15.99,35.04886574074074,0
1521580,50,35.9,34.2041139928125,2026-07-13 17:23:15+00:00,9.99,17.04685185185185,0
1522820,40,64.875,44.1576243470949,2026-06-25 18:50:23+00:00,29.99,34.98634259259259,0
1522870,52,50.67307692307692,32.31538285221065,2026-07-20 17:19:55+00:00,19.99,10.049166666666666,0
1525700,43,52.674418604651166,40.05733382936343,2026-06-25 18:50:42+00:00,14.99,34.98612268518519,1
1525770,40,71.375,46.84136574074074,2026-06-25 17:20:21+00:00,8.99,35.04886574074074,0
1527950,46,38.369565217391305,37.04281584361111,2026-06-25 18:44:42+00:00,34.99,34.99028935185185,0
1528130,60,41.0,33.20989602950231,2026-06-25 18:34:00+00:00,1.99,34.99771990740741,0
1532690,36,65.19444444444444,40.656033399467596,2026-07-16 17:19:34+00:00,29.99,14.049409722222222,0
1533390,2,37.5,653.9600115740741,2025-09-18 17:29:57+00:00,19.99,315.04219907407406,0
1533420,36,41.388888888888886,42.601145833333334,2026-06-25 18:34:31+00:00,24.99,34.99736111111111,0
1534980,52,23.365384615384617,32.91342751451389,2026-07-12 08:15:19+00:00,19.99,18.42736111111111,0
1538570,56,65.16071428571429,32.818962121203704,2026-07-20 17:19:55+00:00,19.99,10.049166666666666,0
1543030,38,46.63157894736842,44.10341998247685,2026-06-11 17:26:05+00:00,29.99,49.04488425925926,0
1543150,28,18.214285714285715,67.41284207818288,2026-06-25 17:49:23+00:00,18.99,35.028703703703705,0
1544020,24,66.875,54.83941978663194,2026-06-27 01:30:58+00:00,59.99,33.70815972222222,0
1544360,36,64.69444444444444,50.685806878298614,2026-06-25 17:29:42+00:00,19.99,35.042372685185185,0
1545450,27,40.370370370370374,70.26553062677084,2026-06-25 17:30:00+00:00,4.99,35.04216435185185,0
1545560,33,47.696969696969695,33.09370189525463,2026-07-11 17:16:22+00:00,39.99,19.051631944444445,0
1546570,23,25.0,86.25655092592592,2026-06-25 17:30:42+00:00,4.99,35.041678240740744,0
1547890,41,49.75609756097561,42.32875202546296,2026-06-25 18:39:20+00:00,19.99,34.9940162037037,0
1548850,27,29.444444444444443,39.05448495370371,2026-06-25 18:34:27+00:00,39.99,34.99740740740741,0
1549970,51,64.15686274509804,34.43821944444445,2026-07-16 17:19:34+00:00,29.99,14.049409722222222,0
1550710,4,33.75,60.44133873456019,2021-12-23 01:51:08+00:00,9.99,1680.6941550925926,0
1551360,39,43.333333333333336,43.31071302387731,2026-06-25 18:56:54+00:00,59.99,34.98181712962963,0
1552350,38,36.18421052631579,47.08278309559027,2026-06-25 18:34:03+00:00,29.99,34.99768518518518,0
1552550,33,41.21212121212121,52.90130063657407,2026-07-14 17:16:31+00:00,19.99,16.05152777777778,0
1554010,21,47.80952380952381,40.53374189814814,2025-03-13 18:15:03+00:00,3.99,504.01087962962964,0
1555650,16,31.125,109.72479166666666,2026-06-25 17:29:43+00:00,12.99,35.04236111111111,0
1556200,32,58.59375,59.03294541516203,2026-06-25 17:48:58+00:00,19.99,35.02899305555555,0
1556790,36,59.05555555555556,39.466775462962964,2026-06-25 19:08:40+00:00,29.99,34.973645833333336,0
1556870,56,73.03571428571429,32.515954545451386,2026-07-27 17:21:42+00:00,9.99,3.047928240740741,0
1557740,47,49.148936170212764,40.08618810385416,2026-07-12 17:15:54+00:00,5.99,18.051956018518517,0
1557990,9,46.111111111111114,102.36456886574074,2026-03-19 19:09:10+00:00,4.99,132.97329861111112,0
1559390,25,48.0,63.41683063270833,2026-06-25 17:29:50+00:00,22.6,35.04228009259259,0
1560250,21,25.333333333333332,63.747298611111106,2026-07-12 17:15:54+00:00,14.99,18.051956018518517,0
1560560,46,31.304347826086957,43.192150462962964,2026-07-20 17:19:29+00:00,8.99,10.049467592592592,0
1561800,38,40.13157894736842,50.32434559559028,2026-06-01 17:22:03+00:00,0.99,59.04768518518519,0
1562420,56,35.625,32.12780871211805,2026-07-13 16:45:36+00:00,12.99,17.072997685185186,0
1562430,27,40.0,43.46202546296296,2026-06-11 17:26:03+00:00,24.99,49.04490740740741,1
1562700,42,27.5,35.75213019421296,2026-06-25 19:12:15+00:00,14.99,34.97115740740741,1
1563180,44,55.52272727272727,38.39424633935185,2026-07-16 17:19:34+00:00,19.99,14.049409722222222,0
1566200,26,21.73076923076923,45.96615231481481,2026-06-25 18:44:43+00:00,19.99,34.99027777777778,1
1566690,16,41.5625,50.60036651233796,2026-06-25 17:30:02+00:00,24.99,35.04214120370371,0
1567020,24,54.5,53.51719353864584,2026-07-29 17:18:54+00:00,39.99,1.0498726851851852,0
1568330,53,42.45283018867924,36.466105101493056,2026-06-25 18:45:06+00:00,1.99,34.990011574074074,0
1568440,31,56.16129032258065,64.6760111882639,2026-07-25 17:31:50+00:00,6.99,5.040891203703704,0
1568450,30,43.86666666666667,65.87291187738427,2026-06-25 18:21:02+00:00,4.99,35.00672453703704,0
1569090,29,29.310344827586206,61.60671420303241,2026-06-26 01:15:50+00:00,14.99,34.71866898148148,0
1569580,16,27.75,30.40908641974537,2026-07-10 17:16:45+00:00,29.99,20.051365740740742,0
1570010,47,59.361702127659576,35.35009686996528,2026-06-25 18:38:59+00:00,19.99,34.99425925925926,1
1570070,43,63.81395348837209,38.09600639328704,2026-07-20 17:19:35+00:00,17.99,10.049398148148148,0
1571440,51,26.274509803921568,37.94209652777778,2026-06-25 18:34:06+00:00,4.99,34.997650462962966,1
1572470,5,76.0,99.56098958333334,2022-06-23 20:25:08+00:00,12.99,1497.9205439814814,0
1574240,25,33.12,57.459209587187495,2026-06-25 17:48:45+00:00,19.99,35.02914351851852,0
1574310,9,52.22222222222222,69.13126012731482,2025-01-15 17:15:16+00:00,19.99,561.0523958333333,0
1574580,47,50.702127659574465,35.524718448067134,2026-07-13 17:23:20+00:00,15.99,17.046793981481482,0
1574820,23,41.52173913043478,33.18709753787037,2026-06-25 18:50:31+00:00,19.99,34.98625,1
1575940,16,34.0625,46.48092361111111,2026-07-13 17:23:20+00:00,49.99,17.046793981481482,0
1577120,38,73.26315789473684,38.94785347847222,2026-06-25 18:44:54+00:00,59.99,34.990150462962966,1
1578390,18,17.22222222222222,99.70577205881945,2026-06-02 17:17:01+00:00,19.99,58.051180555555554,0
1578650,40,52.25,39.4376679724537,2026-07-21 17:15:27+00:00,19.99,9.052268518518519,0
1578860,25,22.0,75.78046440972223,2026-06-25 18:51:01+00:00,2.99,34.98590277777778,0
1579380,48,65.08333333333333,35.807861012604164,2026-07-16 17:19:34+00:00,19.99,14.049409722222222,0
1580240,30,50.833333333333336,57.27602410599537,2026-06-25 18:10:03+00:00,29.99,35.01435185185185,0
1580520,26,41.73076923076923,51.80583518518519,2026-06-25 17:56:51+00:00,34.99,35.02351851851852,0
1582650,22,37.95454545454545,31.90669036596065,2026-07-14 17:16:37+00:00,24.99,16.051458333333333,0
1583230,29,45.6551724137931,42.7507080853125,2026-06-25 17:49:53+00:00,39.99,35.02835648148148,0
1583320,11,47.72727272727273,160.9874675925926,2026-06-25 17:30:19+00:00,4.99,35.04194444444445,0
1583780,11,36.81818181818182,129.71874305555556,2024-11-30 21:48:08+00:00,19.99,606.8629050925925,0
1584090,43,31.232558139534884,42.76274884259259,2026-06-25 17:58:06+00:00,5.99,35.022650462962964,0
1585180,16,24.625,42.87516589505787,2026-07-20 17:21:59+00:00,24.99,10.047731481481481,0
1585220,22,30.681818181818183,61.336044973541675,2026-06-25 18:04:57+00:00,14.99,35.01789351851852,0
1587130,43,40.74418604651163,38.713524581122684,2026-07-25 17:31:50+00:00,24.99,5.040891203703704,0
1587560,57,54.31578947368421,34.19221436837963,2026-07-13 17:23:20+00:00,0.99,17.046793981481482,0
1588010,24,67.79166666666667,32.95271084943287,2024-12-19 20:30:36+00:00,59.99,587.9167476851852,0
1590180,4,63.75,75.11290895061342,2022-06-23 20:25:59+00:00,4.99,1497.9199537037036,0
1590760,16,31.875,41.47586496913195,2026-07-20 17:21:59+00:00,24.99,10.047731481481481,0
1590910,44,42.27272727272727,40.34913544357639,2026-07-27 17:21:48+00:00,19.99,3.047858796296296,0
1591520,25,37.28,67.04151765046296,2026-05-28 13:15:50+00:00,0.99,63.21866898148148,0
1592190,17,20.0,81.11629557291667,2026-06-25 17:29:41+00:00,39.99,35.04238425925926,0
1592280,12,26.083333333333332,68.648448021875,2026-06-25 17:29:41+00:00,24.99,35.04238425925926,0
1592670,28,35.0,53.51915852194444,2026-07-23 17:29:51+00:00,10.99,7.042268518518519,0
1593030,28,43.57142857142857,42.25922882372685,2026-06-11 17:17:59+00:00,24.99,49.05050925925926,0
1593500,27,47.03703703703704,56.38554398148148,2026-06-25 17:49:53+00:00,49.99,35.02835648148148,0
1594320,32,23.5625,38.38714232377315,2026-07-20 17:21:59+00:00,34.99,10.047731481481481,0
1594940,23,13.695652173913043,68.21334069864582,2026-06-25 18:34:09+00:00,19.99,34.99761574074074,1
1596310,45,64.77777777777777,43.31329335016204,2026-07-13 17:23:21+00:00,4.99,17.046782407407406,0
1599020,42,61.54761904761905,34.0275265356713,2026-06-25 19:08:18+00:00,24.99,34.973900462962966,1
1599600,40,56.05,37.336596035127315,2026-07-30 17:21:29+00:00,19.99,0.04807870370370371,0
1599660,22,52.90909090909091,62.0884336419676,2026-06-25 17:29:48+00:00,59.99,35.04230324074074,0
1601580,18,34.833333333333336,37.882464596944445,2026-07-27 17:21:48+00:00,44.99,3.047858796296296,0
1602010,35,59.57142857142857,43.02638344225695,2026-06-25 17:58:16+00:00,29.99,35.022534722222225,1
1603180,31,44.193548387096776,32.03743055555555,2026-06-14 17:16:42+00:00,2.99,46.05140046296296,1
1604000,26,57.19230769230769,64.39497685185185,2026-06-25 17:30:43+00:00,8.99,35.041666666666664,0
1604030,38,31.710526315789473,39.99138075575232,2026-07-12 17:15:54+00:00,34.99,18.051956018518517,0
1605220,36,42.361111111111114,41.8909083994676,2026-06-25 18:44:41+00:00,34.99,34.99030092592593,0
1606180,22,19.772727272727273,37.809690806875,2026-07-30 17:21:29+00:00,24.99,0.04807870370370371,0
1606340,37,35.945945945945944,49.25697948815973,2026-06-25 18:05:00+00:00,29.99,35.017858796296295,1
1607680,28,36.25,42.486244427291666,2026-07-13 17:23:21+00:00,14.99,17.046782407407406,0
1608070,22,49.31818181818182,56.333487654317125,2026-06-11 17:25:59+00:00,49.99,49.044953703703705,1
1608230,35,52.857142857142854,34.03209899237268,2026-07-23 17:29:51+00:00,19.99,7.042268518518519,0
1608640,35,45.94285714285714,34.767445533761574,2026-07-15 17:17:17+00:00,14.99,15.050995370370371,0
1610440,17,18.529411764705884,43.39832320601852,2026-06-25 17:57:50+00:00,19.99,35.022835648148146,1
1611430,40,30.225,35.91287274453704,2026-06-25 18:39:05+00:00,19.99,34.99418981481482,1
1611600,38,37.28947368421053,43.712949824814814,2026-06-25 18:44:47+00:00,39.99,34.99023148148148,0
1611910,45,59.51111111111111,33.88356770833333,2026-07-23 17:29:51+00:00,44.99,7.042268518518519,0
1612620,26,29.23076923076923,32.936367592592596,2023-11-21 21:07:20+00:00,13.99,981.891238425926,0
1615290,25,31.6,63.2559765625,2026-06-25 18:44:44+00:00,4.99,34.990266203703705,0
1618540,25,32.0,66.78808256172454,2026-03-19 17:28:23+00:00,11.99,133.04328703703703,0
1621070,34,49.294117647058826,49.23933887484954,2026-06-25 17:57:21+00:00,9.99,35.0231712962963,0
1621690,37,28.675675675675677,44.0928404706713,2026-07-12 17:15:57+00:00,19.99,18.051921296296296,0
1622900,21,50.476190476190474,48.58761689814814,2026-07-20 17:21:59+00:00,29.99,10.047731481481481,0
1622910,19,55.36842105263158,40.96560763888889,2026-06-25 18:26:52+00:00,34.99,35.00267361111111,0
1623730,20,22.25,46.75971978556713,2026-06-25 18:44:43+00:00,29.99,34.99027777777778,0
1623940,34,64.55882352941177,35.55124333613426,2026-07-13 17:23:19+00:00,29.99,17.046805555555554,0
1624540,25,36.16,49.58006269289352,2026-06-25 18:34:34+00:00,14.99,34.99732638888889,0
1627140,30,43.6,64.72985312898149,2026-07-25 17:31:51+00:00,6.99,5.04087962962963,0
1627720,29,42.241379310344826,34.00092427247685,2026-06-25 18:56:50+00:00,59.99,34.98186342592592,1
1628130,41,67.8780487804878,40.10049826388889,2026-07-25 17:31:51+00:00,14.99,5.04087962962963,0
1629520,31,43.354838709677416,43.86046296296296,2026-07-30 17:21:29+00:00,14.99,0.04807870370370371,0
1629530,21,48.333333333333336,70.55303993055556,2026-06-25 17:30:41+00:00,24.99,35.041689814814816,0
1633740,29,76.0,60.17899098875,2026-04-27 17:20:14+00:00,6.99,94.04894675925927,0
1634150,48,34.458333333333336,37.91531545508102,2026-07-12 17:15:55+00:00,12.99,18.051944444444445,0
1634860,18,31.944444444444443,47.88638071894676,2026-06-25 18:56:41+00:00,14.99,34.98196759259259,0
1637320,41,50.146341463414636,34.82515190972222,2026-07-16 17:19:35+00:00,17.99,14.049398148148148,0
1637730,18,24.72222222222222,75.34882352940973,2026-06-25 18:39:12+00:00,13.99,34.994108796296295,0
1639080,22,41.36363636363637,36.3838100749537,2026-07-23 17:29:52+00:00,19.99,7.0422569444444445,0
1639790,15,35.53333333333333,119.56262235449076,2026-06-25 18:09:15+00:00,11.99,35.01490740740741,0
1641960,33,32.54545454545455,35.34415075231482,2026-07-27 17:21:52+00:00,29.99,3.0478125,0
1643310,24,31.25,44.439352355069445,2026-07-16 17:19:35+00:00,49.99,14.049398148148148,0
1643320,14,26.785714285714285,43.68184294871528,2026-07-10 17:16:46+00:00,59.99,20.051354166666666,0
1645820,28,43.035714285714285,54.149981567210645,2026-06-25 17:29:28+00:00,11.99,35.04253472222222,0
1646850,20,36.5,65.38176656918982,2026-07-13 17:23:22+00:00,19.99,17.046770833333333,0
1648390,12,25.833333333333332,146.7259890572338,2026-06-25 17:57:51+00:00,19.99,35.02282407407407,0
1649080,30,61.2,46.517365102164355,2026-06-16 17:16:56+00:00,29.99,44.05123842592592,1
1649240,24,44.125,47.91617049113426,2026-06-25 18:50:49+00:00,59.99,34.986041666666665,0
1651560,38,42.28947368421053,32.111670420416665,2026-07-14 17:16:37+00:00,20.99,16.051458333333333,0
1651960,20,54.0,84.73013523391204,2026-06-25 17:29:46+00:00,9.99,35.04232638888889,0
1652250,30,48.766666666666666,37.4156681034375,2026-07-30 17:21:29+00:00,17.99,0.04807870370370371,0
1653060,59,46.25423728813559,31.734975454976855,2026-07-13 17:23:22+00:00,1.99,17.046770833333333,0
1654660,33,58.93939393939394,33.44004593460648,2026-07-21 17:15:27+00:00,19.99,9.052268518518519,0
1656780,42,49.166666666666664,39.14555103884259,2026-07-23 17:29:52+00:00,17.99,7.0422569444444445,0
1657630,37,30.72972972972973,37.19114293981482,2026-07-23 17:29:52+00:00,29.99,7.0422569444444445,0
1658040,30,38.666666666666664,36.27960129310185,2026-06-25 18:39:21+00:00,19.99,34.99400462962963,1
1658280,18,55.833333333333336,42.823834422650464,2026-06-11 17:26:05+00:00,49.99,49.04488425925926,0
1658290,35,59.91428571428571,42.613910334965276,2026-06-11 17:26:03+00:00,14.99,49.04490740740741,0
1659040,41,58.53658536585366,40.049201099537036,2026-07-15 17:17:17+00:00,69.99,15.050995370370371,0
1659420,22,54.18181818181818,61.14248567018519,2026-06-25 18:09:25+00:00,49.99,35.01479166666667,0
1660080,15,21.666666666666668,35.28261243385417,2026-07-20 17:22:01+00:00,24.99,10.047708333333333,0
1661630,21,51.42857142857143,51.10057118055555,2026-07-27 17:21:55+00:00,9.99,3.0477777777777777,0
1664670,39,55.743589743589745,40.77509167884259,2026-06-25 17:57:44+00:00,4.99,35.022905092592595,1
1665900,8,37.5,95.41815972222223,2024-01-19 18:18:15+00:00,24.99,923.0086574074074,0
1667400,48,55.270833333333336,37.89928856381945,2026-06-25 18:27:06+00:00,0.99,35.00251157407408,0
1668690,30,31.6,55.804090437418985,2026-06-25 18:05:24+00:00,14.99,35.01758101851852,0
1669000,25,37.04,42.62491560570602,2026-06-16 17:16:54+00:00,49.99,44.051261574074076,1
1669980,29,25.0,42.44823908729167,2026-07-22 17:16:12+00:00,10.99,8.051747685185186,0
1671210,3,20.0,103.48081018518519,2026-07-13 17:23:22+00:00,24.99,17.046770833333333,0
1672500,13,37.69230769230769,47.91008005400463,2026-06-25 19:08:19+00:00,59.99,34.97388888888889,0
1672970,2,50.0,673.0175,2026-03-19 17:28:26+00:00,19.99,133.04325231481482,0
1675830,22,28.90909090909091,37.9563183421412,2026-07-15 17:17:17+00:00,19.99,15.050995370370371,0
1676130,36,31.944444444444443,38.45896660052084,2026-06-25 17:50:10+00:00,24.99,35.02815972222222,1
1676600,43,36.74418604651163,43.41792989417824,2026-07-20 17:19:30+00:00,10.99,10.04945601851852,0
1676840,25,44.52,42.87545862268519,2026-07-30 17:21:29+00:00,24.99,0.04807870370370371,0
1677110,20,33.5,44.47205531188658,2026-07-12 17:15:55+00:00,24.99,18.051944444444445,0
1677280,30,48.2,38.62454342273148,2026-07-24 00:18:18+00:00,59.99,6.758622685185185,0
1677310,22,27.045454545454547,39.66775407847222,2026-06-25 18:21:09+00:00,19.99,35.006643518518516,0
1677350,29,78.58620689655173,41.857489665995374,2026-07-30 17:21:29+00:00,69.99,0.04807870370370371,0
1677770,29,35.51724137931034,48.266085482800925,2026-06-25 18:39:05+00:00,17.99,34.99418981481482,0
1678420,31,63.903225806451616,44.29405439814815,2026-07-13 17:23:24+00:00,9.99,17.046747685185185,0
1680070,27,36.2962962962963,64.4776135149537,2026-03-19 18:10:19+00:00,0.99,133.01416666666665,0
1680880,23,62.869565217391305,54.40797874578704,2026-06-25 18:04:18+00:00,69.99,35.01834490740741,1
1681430,26,66.73076923076923,37.953353240740746,2026-07-27 17:21:57+00:00,39.99,3.0477546296296296,0
1683150,14,17.142857142857142,57.922432336180556,2026-07-20 17:22:02+00:00,29.99,10.04769675925926,0
1683370,17,38.11764705882353,75.05984157986111,2026-07-20 17:20:32+00:00,9.99,10.048738425925926,0
1684350,24,46.625,35.82624496778935,2026-07-13 17:23:24+00:00,34.99,17.046747685185185,0
1684930,13,21.153846153846153,83.41730131172453,2026-06-25 17:30:34+00:00,9.99,35.04177083333333,0
1686940,15,36.333333333333336,68.07872767856482,2026-06-26 11:45:19+00:00,9.99,34.281527777777775,0
1687950,31,54.516129032258064,43.69380169752315,2026-06-25 17:58:16+00:00,59.99,35.022534722222225,1
1689500,24,24.791666666666668,40.90558927133102,2026-07-19 17:15:44+00:00,22.99,11.05207175925926,0
1693970,28,35.17857142857143,58.279280692719915,2026-07-14 17:16:37+00:00,9.99,16.051458333333333,0
1693980,34,65.0,37.331652988206024,2026-07-30 17:21:31+00:00,59.99,0.04805555555555555,0
1694560,38,54.421052631578945,45.971884384375,2026-06-25 18:39:22+00:00,17.99,34.993993055555556,1
1695840,34,43.55882352941177,49.816098484837966,2026-06-25 17:30:18+00:00,4.99,35.04195601851852,0
1696440,24,27.083333333333332,42.38428542672454,2026-07-23 17:21:24+00:00,19.99,7.048136574074074,0
1696810,30,34.166666666666664,46.13586446359954,2026-07-20 17:22:03+00:00,29.99,10.047685185185186,0
1697700,27,41.666666666666664,60.87244569087962,2026-06-25 17:30:29+00:00,11.99,35.0418287037037,0
1700870,46,35.97826086956522,32.401130144027775,2026-07-11 17:16:22+00:00,29.99,19.051631944444445,0
1701520,36,60.27777777777778,32.598403108460644,2026-07-13 17:23:25+00:00,24.99,17.046736111111112,0
1702010,28,29.107142857142858,38.8945863340162,2026-06-25 18:44:42+00:00,29.99,34.99028935185185,0
1703100,33,66.57575757575758,50.870775101273146,2026-07-13 17:23:25+00:00,6.99,17.046736111111112,0
1703340,32,48.3125,47.185082511944444,2026-06-25 18:39:38+00:00,24.99,34.99380787037037,1
1705180,12,20.0,126.17670559763889,2026-06-25 17:57:15+00:00,29.99,35.02324074074074,0
1708010,29,51.689655172413794,32.74465691136574,2026-06-25 18:39:40+00:00,24.99,34.99378472222222,1
1708150,3,20.0,84.60070601851852,2026-03-19 17:28:26+00:00,4.99,133.04325231481482,0
1708850,20,28.6,40.427040082835646,2026-07-28 17:16:59+00:00,24.99,2.051203703703704,0
1711950,38,56.31578947368421,36.973034909907405,2026-07-27 17:22:01+00:00,9.99,3.0477083333333335,0
1712840,28,51.785714285714285,61.40682055898148,2026-06-25 17:58:19+00:00,9.99,35.0225,0
1715130,43,56.51162790697674,41.48025187388889,2026-06-25 19:08:48+00:00,29.99,34.97355324074074,0
1715730,21,35.95238095238095,68.96033333333334,2026-06-25 17:30:48+00:00,7.99,35.041608796296295,0
1716740,16,34.9375,64.59570910493055,2026-07-30 17:21:31+00:00,49.99,0.04805555555555555,0
1718130,9,18.88888888888889,58.045005787037034,2023-12-21 23:41:35+00:00,14.99,951.7841203703704,0
1718570,34,21.91176470588235,41.701834666099536,2026-07-20 17:22:03+00:00,24.99,10.047685185185186,0
1718870,15,42.86666666666667,110.64599785052083,2026-06-25 18:09:41+00:00,14.99,35.01460648148148,0
1721060,9,39.44444444444444,46.35724537037037,2026-06-25 18:39:21+00:00,39.99,34.99400462962963,0
1722620,13,47.0,121.90287905092593,2026-06-25 17:30:30+00:00,0.99,35.04181712962963,0
1723260,39,38.717948717948715,39.43103344297454,2026-06-25 18:26:52+00:00,9.99,35.00267361111111,1
1724290,32,52.34375,44.0513963560301,2025-06-26 21:02:26+00:00,1.99,398.8946412037037,0
1724470,54,77.68518518518519,33.64687412648148,2026-07-16 17:19:37+00:00,2.99,14.049375,0
1726400,19,24.31578947368421,40.7778941615162,2024-10-28 17:51:18+00:00,5.99,640.0273726851852,0
1730250,37,49.62162162162162,32.47477398405093,2026-07-21 17:15:27+00:00,13.99,9.052268518518519,0
1730590,34,58.55882352941177,40.31605955386574,2026-06-25 18:39:07+00:00,19.99,34.994166666666665,0
1730630,32,67.65625,57.1101777180324,2026-07-14 17:16:31+00:00,7.99,16.05152777777778,0
1730700,22,65.9090909090909,48.432035383587966,2026-06-25 19:08:19+00:00,29.99,34.97388888888889,0
1731070,37,52.432432432432435,37.585638181574076,2026-06-25 19:08:19+00:00,34.99,34.97388888888889,1
1732190,22,27.954545454545453,72.38205687829861,2026-06-25 17:57:41+00:00,39.99,35.02293981481481,0
1735420,54,64.0925925925926,33.168759827037036,2026-07-10 17:16:47+00:00,4.99,20.051342592592594,0
1735700,27,14.74074074074074,38.21545584045139,2026-07-23 17:29:53+00:00,23.99,7.04224537037037,0
1735950,24,22.083333333333332,72.39440368356482,2026-06-25 17:30:47+00:00,7.99,35.04162037037037,0
1737340,30,29.833333333333332,43.29480803001157,2026-07-23 17:29:53+00:00,4.99,7.04224537037037,0
1740720,30,42.3,50.195937899097224,2026-06-18 17:23:29+00:00,24.99,42.04668981481481,0
1743470,3,53.333333333333336,165.49991898148147,2024-09-11 12:18:03+00:00,8.99,687.2587962962963,0
1743850,37,48.513513513513516,37.19532921810185,2026-06-25 18:34:11+00:00,14.99,34.99759259259259,0
1745510,12,21.666666666666668,83.34494423400463,2026-06-25 17:20:43+00:00,13.99,35.048611111111114,0
1746030,24,29.958333333333332,39.4101494565162,2026-07-25 17:31:52+00:00,14.99,5.040868055555555,0
1754840,30,49.43333333333333,58.92722741059028,2026-06-25 17:30:07+00:00,24.99,35.04208333333333,0
1758910,15,66.73333333333333,119.56229497354167,2026-06-25 17:30:20+00:00,5.99,35.04193287037037,0
1761390,32,53.4375,47.19005152328704,2026-06-25 18:04:18+00:00,39.39,35.01834490740741,0
1764390,27,23.333333333333332,66.18924145298611,2026-07-13 17:23:23+00:00,9.99,17.04675925925926,0
1765980,32,60.15625,53.58331727896991,2026-06-21 17:17:26+00:00,2.99,39.050891203703706,1
1766060,30,30.866666666666667,34.86515086206018,2026-06-25 18:27:11+00:00,19.99,35.0024537037037,0
1766740,28,52.82142857142857,47.59091049381944,2026-07-20 17:22:06+00:00,19.99,10.047650462962963,0
1768280,37,47.027027027027025,38.36309381429398,2026-07-23 17:21:13+00:00,14.99,7.048263888888889,0
1768650,22,19.545454545454547,43.052221671064814,2026-06-12 17:22:35+00:00,6.99,48.04731481481482,1
1768660,6,49.166666666666664,145.5979513888889,2026-06-25 17:18:53+00:00,7.99,35.04988425925926,0
1768780,36,41.111111111111114,39.146503306875005,2026-07-20 17:22:02+00:00,14.99,10.04769675925926,0
1769170,30,33.7,53.623413154525466,2026-06-25 17:56:54+00:00,9.99,35.0234837962963,0
1769640,23,49.34782608695652,62.96278303871527,2026-06-25 18:39:11+00:00,12.99,34.99412037037037,0
1770630,22,47.95454545454545,81.9726025132176,2026-06-25 17:29:37+00:00,2.99,35.042430555555555,0
1771300,14,38.92857142857143,31.780789707974538,2026-06-25 18:44:43+00:00,59.99,34.99027777777778,0
1771340,32,46.46875,54.55105734766203,2026-06-21 17:17:26+00:00,0.99,39.050891203703706,1
1771980,20,28.5,38.21502375730324,2026-07-18 17:18:28+00:00,13.99,12.050173611111111,0
1774580,29,66.13793103448276,40.24317005621528,2026-07-30 17:21:31+00:00,69.99,0.04805555555555555,0
1777620,30,67.66666666666667,46.82884339079861,2026-06-25 18:04:18+00:00,59.99,35.01834490740741,1
1778820,17,47.76470588235294,49.44112485532408,2026-06-25 18:39:16+00:00,39.99,34.9940625,0
1782120,25,18.2,54.91559413579861,2026-06-25 17:30:30+00:00,19.99,35.04181712962963,1
1784160,20,46.0,76.94778082357638,2026-06-25 17:30:34+00:00,9.99,35.04177083333333,0
1785150,38,64.76315789473684,31.246489614606478,2026-07-29 17:18:54+00:00,9.99,1.0498726851851852,0
1785650,20,39.1,39.42333759746528,2026-06-25 18:20:54+00:00,19.99,35.00681712962963,0
1786790,50,26.2,31.123853458043982,2026-07-10 06:15:57+00:00,19.99,20.510254629629628,0
1787090,14,21.428571428571427,118.67025284899306,2026-02-15 18:17:25+00:00,4.99,165.0092361111111,0
1787820,38,54.21052631578947,35.773652715208335,2025-07-18 17:18:24+00:00,1.99,377.0502199074074,0
1789480,15,28.6,147.98034804893518,2024-09-02 17:23:49+00:00,29.99,696.0464583333334,0
1790600,9,44.22222222222222,53.384448784722224,2026-06-25 19:08:16+00:00,69.99,34.97392361111111,0
1792250,33,41.666666666666664,50.84500289351852,2026-06-25 19:12:01+00:00,19.99,34.97131944444445,0
1794680,38,22.36842105263158,45.1669306806713,2026-07-15 17:17:17+00:00,4.99,15.050995370370371,0
1794960,28,53.035714285714285,51.66695301782408,2026-06-18 17:23:28+00:00,29.99,42.04670138888889,1
1798880,2,50.0,118.82652777777778,2023-10-26 17:18:59+00:00,4.99,1008.0498148148148,0
1801110,29,46.89655172413793,43.86128472222222,2026-06-25 17:50:15+00:00,5.49,35.02810185185185,0
1801650,42,35.45238095238095,40.69686032068287,2026-06-28 22:00:50+00:00,3.99,31.85408564814815,0
1805480,27,64.44444444444444,44.464466257118055,2026-06-25 19:08:14+00:00,39.99,34.973946759259256,1
1807080,51,35.90196078431372,33.10248171296296,2026-07-20 17:20:34+00:00,14.99,10.048715277777777,0
1807810,17,48.76470588235294,39.32314597800926,2026-07-13 17:23:28+00:00,24.99,17.046701388888888,0
1808680,24,29.791666666666668,36.828709239120364,2026-06-25 18:45:15+00:00,19.99,34.98990740740741,1
1809420,36,69.22222222222223,38.31244179893518,2025-09-29 19:44:07+00:00,8.99,303.94902777777776,0
1809540,16,36.5625,52.3916712962963,2026-07-24 04:00:30+00:00,29.99,6.60431712962963,0
1809700,23,30.652173913043477,54.40813499578704,2026-06-25 18:04:18+00:00,19.99,35.01834490740741,1
1811990,28,28.571428571428573,42.40658607681713,2026-07-17 17:17:00+00:00,19.99,13.05119212962963,0
1812450,17,20.235294117647058,48.70097077546296,2026-06-11 17:25:51+00:00,29.99,49.0450462962963,0
1812620,33,20.242424242424242,45.69508644386574,2026-06-25 17:50:17+00:00,7.99,35.028078703703706,0
1814010,29,51.758620689655174,59.255131861770835,2026-06-25 17:30:04+00:00,7.99,35.042118055555555,0
1815570,33,65.0,39.15690755208333,2026-07-30 17:21:31+00:00,19.99,0.04805555555555555,0
1817070,27,43.148148148148145,52.76927127848379,2026-07-30 17:21:31+00:00,59.99,0.04805555555555555,0
1817190,25,44.8,54.82765673224537,2026-07-30 17:21:31+00:00,49.99,0.04805555555555555,0
1817230,14,32.142857142857146,91.45706018518518,2026-06-17 17:16:37+00:00,29.99,43.051458333333336,0
1822030,35,62.0,35.07268688724537,2026-07-12 17:15:55+00:00,18.99,18.051944444444445,0
1824220,36,66.77777777777777,43.089598214282404,2026-07-29 17:18:54+00:00,39.99,1.0498726851851852,0
1830970,30,35.666666666666664,31.24133261494213,2026-07-11 17:16:29+00:00,19.99,19.051550925925927,0
1832640,45,50.666666666666664,36.73938420664352,2026-06-25 19:08:18+00:00,1.99,34.973900462962966,1
1835350,38,64.34210526315789,43.19380849599537,2026-07-27 17:22:07+00:00,1.99,3.047638888888889,0
1836730,19,34.0,35.51028163579861,2026-06-25 18:44:50+00:00,24.99,34.99019675925926,1
1836740,21,28.333333333333332,67.5225318287037,2026-03-19 18:10:57+00:00,12.99,133.01372685185186,0
1839860,17,54.11764705882353,48.31439670138889,2026-06-25 18:04:56+00:00,12.99,35.01790509259259,1
1839950,26,27.692307692307693,35.28335740740741,2026-07-22 17:16:17+00:00,39.99,8.051689814814814,0
1840080,17,45.705882352941174,45.50177300347222,2026-06-25 18:34:15+00:00,59.99,34.9975462962963,0
1843760,31,30.032258064516128,50.50204629629629,2026-06-25 18:50:16+00:00,14.99,34.986423611111114,0
1845760,46,50.5,36.843124228391204,2026-07-13 17:23:33+00:00,0.99,17.04664351851852,0
1845910,15,56.666666666666664,42.56857886903936,2026-07-30 17:21:31+00:00,59.99,0.04805555555555555,0
1846170,35,27.571428571428573,46.133314270150464,2026-06-25 18:21:22+00:00,7.99,35.00649305555555,0
1846380,32,82.09375,42.15999813320602,2026-07-30 17:21:31+00:00,69.99,0.04805555555555555,0
1847240,33,52.54545454545455,47.65290798611111,2026-05-31 03:15:17+00:00,8.99,60.63571759259259,0
1848450,42,44.285714285714285,37.70746640694445,2026-07-27 17:22:08+00:00,4.99,3.047627314814815,0
1849250,7,60.0,45.46486111111111,2024-09-19 17:19:04+00:00,49.99,679.0497569444444,0
1849900,29,33.44827586206897,39.63675140541667,2026-07-13 17:23:33+00:00,9.99,17.04664351851852,0
1850570,34,48.970588235294116,45.06099747474537,2026-06-11 17:25:44+00:00,39.99,49.04512731481481,0
1850740,29,25.517241379310345,51.00599867724537,2026-06-25 18:09:11+00:00,14.99,35.0149537037037,0
1850960,30,34.333333333333336,48.554663154525464,2026-06-25 18:38:57+00:00,29.99,34.994282407407404,0
1851280,27,37.407407407407405,57.340937054837966,2026-07-23 17:29:56+00:00,9.99,7.042210648148148,0
1853200,33,19.575757575757574,50.591259765625,2026-07-20 17:20:36+00:00,0.99,10.048692129629629,0
1857090,20,39.5,37.223115253402774,2026-06-25 18:44:45+00:00,29.99,34.99025462962963,0
1859280,26,21.923076923076923,49.278650462962965,2026-07-23 17:29:56+00:00,7.99,7.042210648148148,0
1859910,18,10.0,45.26089392701389,2026-07-23 17:29:56+00:00,19.99,7.042210648148148,0
1860510,34,24.264705882352942,36.03370791245371,2026-07-23 17:29:56+00:00,29.99,7.042210648148148,0
1862520,38,30.07894736842105,38.26564971221065,2026-06-25 18:38:56+00:00,9.99,34.99429398148148,1
1863750,39,27.974358974358974,42.89436129385417,2026-07-26 01:15:26+00:00,1.99,4.718946759259259,0
1866180,30,52.5,48.41141403255787,2026-07-25 16:15:26+00:00,9.99,5.093946759259259,0
1868140,22,32.31818181818182,63.02003802909723,2026-06-11 17:25:53+00:00,19.99,49.04502314814815,0
1874170,32,37.78125,41.832717667256944,2026-07-11 17:16:29+00:00,29.99,19.051550925925927,0
1874490,27,25.37037037037037,51.80904157762731,2026-06-25 18:08:53+00:00,24.99,35.01516203703704,0
1874880,22,25.681818181818183,45.08514054232639,2026-07-25 17:31:52+00:00,39.99,5.040868055555555,0
1875830,16,49.6875,42.9351381172801,2026-06-25 17:58:05+00:00,59.99,35.02266203703704,1
1876890,27,17.333333333333332,40.09842459045139,2026-07-23 17:29:56+00:00,24.99,7.042210648148148,0
1877970,47,55.234042553191486,33.78167220208333,2026-07-20 17:20:37+00:00,4.99,10.048680555555556,0
1879330,27,29.25925925925926,54.38432558760417,2026-07-27 17:22:10+00:00,39.99,3.0476041666666664,0
1880330,24,33.333333333333336,47.62738526569444,2026-07-27 17:22:10+00:00,10.99,3.0476041666666664,0
1880470,17,35.294117647058826,52.06283926504629,2026-06-25 17:56:57+00:00,39.99,35.02344907407407,0
1883260,20,59.0,72.68563961987269,2026-06-25 17:57:48+00:00,14.99,35.0228587962963,0
1885110,21,26.952380952380953,38.85560532407407,2026-06-25 18:44:43+00:00,24.99,34.99027777777778,0
1887840,26,36.03846153846154,32.56208287037037,2026-07-18 17:18:29+00:00,29.99,12.050162037037037,0
1888160,10,39.5,96.44039351851852,2026-06-25 17:20:45+00:00,59.99,35.04858796296296,0
1888930,22,41.27272727272727,49.00111937829861,2026-06-25 17:37:08+00:00,59.99,35.03721064814815,0
1889040,33,39.24242424242424,38.25384331597222,2026-06-25 18:15:23+00:00,10.99,35.01064814814815,1
1895350,12,46.833333333333336,66.18191813972223,2026-06-25 17:36:14+00:00,14.99,35.037835648148146,0
1895880,18,44.94444444444444,56.82429398148148,2026-06-25 17:37:09+00:00,59.99,35.037199074074074,0
1898300,21,30.952380952380953,38.15353530092593,2026-07-23 17:29:57+00:00,24.99,7.042199074074074,0
1900340,43,10.0,37.29160907186343,2026-06-25 19:12:31+00:00,2.99,34.97097222222222,1
1901370,13,28.46153846153846,100.33382908950232,2026-06-25 18:15:28+00:00,12.99,35.01059027777778,0
1902710,40,43.75,35.67889660493056,2026-07-23 17:29:57+00:00,10.99,7.042199074074074,0
1903340,13,15.384615384615385,45.82907696759259,2026-07-27 17:34:48+00:00,49.99,3.0388310185185183,0
1903620,28,57.92857142857143,40.965086591215275,2026-06-11 17:26:04+00:00,24.99,49.044895833333335,0
1904860,33,48.18181818181818,43.505776186342594,2026-06-25 18:45:16+00:00,14.99,34.989895833333335,1
1905020,31,56.45161290322581,34.766847222222225,2026-07-27 17:22:01+00:00,19.99,3.0477083333333335,0
1909420,16,47.8125,99.02123919752314,2026-06-25 17:56:53+00:00,3.99,35.02349537037037,0
1911360,40,48.125,30.357925273020832,2026-07-10 17:16:47+00:00,19.99,20.051342592592594,0
1911610,19,20.526315789473685,35.50227687756944,2026-07-25 17:32:10+00:00,24.99,5.040659722222222,0
1914580,23,44.130434782608695,50.056894991574076,2026-06-25 18:50:35+00:00,7.99,34.9862037037037,0
1918040,20,25.0,70.37453764619212,2026-06-25 18:50:45+00:00,7.99,34.98608796296296,0
1919040,67,69.8955223880597,23.730422979791665,2026-06-25 18:15:24+00:00,29.99,35.01063657407408,0
1919460,17,25.294117647058822,94.69139033564815,2026-06-25 18:51:00+00:00,0.99,34.985914351851854,0
1920780,21,32.38095238095238,48.04845949074074,2026-06-25 17:37:11+00:00,29.99,35.03717592592593,1
1921470,11,46.81818181818182,89.5712025462963,2026-03-19 18:10:01+00:00,9.99,133.014375,0
1921980,27,48.81481481481482,31.6223499821875,2026-06-25 18:39:03+00:00,15.99,34.99421296296296,1
1922560,38,77.60526315789474,41.51357795295139,2026-07-30 17:21:32+00:00,29.99,0.04804398148148148,0
1927720,45,45.55555555555556,32.823812868263886,2026-06-25 18:45:00+00:00,7.99,34.99008101851852,1
1927740,43,46.627906976744185,34.386857087731485,2026-06-25 18:45:16+00:00,7.99,34.989895833333335,1
1928870,11,58.90909090909091,94.68437731481481,2026-06-25 18:56:53+00:00,39.99,34.981828703703705,0
1928980,19,44.05263157894737,47.558431712962964,2026-06-25 18:15:03+00:00,29.99,35.01087962962963,0
1929610,20,38.75,62.440145589664354,2026-06-25 17:37:16+00:00,19.99,35.03711805555555,1
1929870,27,27.037037037037038,56.26373397435186,2026-06-25 18:50:59+00:00,4.99,34.985925925925926,0
1931730,35,47.0,31.088475966770833,2026-07-14 17:16:38+00:00,24.99,16.05144675925926,0
1931770,33,33.03030303030303,33.9700853587963,2026-07-16 17:19:40+00:00,19.99,14.049340277777778,0
1933700,32,47.8125,48.327333856030094,2026-06-25 18:50:25+00:00,9.99,34.98631944444445,0
1934680,18,37.44444444444444,35.06039488017361,2026-06-25 18:56:56+00:00,29.99,34.98179398148148,0
1937500,30,39.666666666666664,37.67736350574074,2026-07-23 17:29:58+00:00,19.99,7.0421875,0
1937780,22,58.5,39.666905864189815,2026-06-25 17:57:10+00:00,39.99,35.02329861111111,0
1938010,30,71.93333333333334,40.414197397824076,2026-07-30 17:21:32+00:00,69.99,0.04804398148148148,0
1939160,23,29.695652173913043,60.09405197811342,2026-06-25 17:37:19+00:00,22.99,35.037083333333335,0
1939970,20,58.0,38.952976973680556,2026-07-27 17:21:48+00:00,24.99,3.047858796296296,0
1940340,30,45.9,37.65239144315972,2026-06-25 18:34:20+00:00,39.99,34.99748842592592,0
1942280,37,32.83783783783784,36.320092592592594,2026-07-22 09:15:39+00:00,4.99,8.385462962962963,0
1943950,38,19.473684210526315,39.162202202199076,2026-07-30 17:21:32+00:00,9.99,0.04804398148148148,0
1944430,36,54.97222222222222,30.97145634920139,2026-07-12 17:15:54+00:00,24.99,18.051956018518517,0
1944570,38,25.526315789473685,39.088073698692135,2026-07-21 19:15:47+00:00,4.99,8.968703703703703,0
1946970,27,24.444444444444443,53.3150026709375,2026-06-25 17:36:51+00:00,12.99,35.03740740740741,0
1947070,30,52.333333333333336,41.860349616851856,2026-06-25 17:37:23+00:00,14.99,35.03703703703704,0
1948280,28,34.642857142857146,54.181479338125,2026-06-25 18:26:53+00:00,7.99,35.002662037037034,0
1948980,26,32.92307692307692,47.94431388888889,2026-06-18 17:23:28+00:00,17.99,42.04670138888889,1
1949030,36,69.16666666666667,32.62729100528935,2026-07-14 17:16:38+00:00,39.99,16.05144675925926,0
1949190,42,48.80952380952381,35.80556430667824,2026-07-20 17:19:47+00:00,2.99,10.049259259259259,0
1953520,34,69.8529411764706,38.81552363916667,2026-06-25 18:39:23+00:00,39.99,34.993981481481484,0
1954200,24,55.208333333333336,59.4629906400926,2026-06-25 17:37:25+00:00,39.99,35.037013888888886,0
1956800,31,25.161290322580644,39.714202932094906,2026-07-25 17:31:53+00:00,18.99,5.040856481481481,0
1957240,47,61.787234042553195,32.88222624798611,2026-07-25 17:31:53+00:00,19.99,5.040856481481481,0
1957780,23,23.217391304347824,47.54676872894676,2026-06-25 17:50:17+00:00,24.99,35.028078703703706,0
1958220,22,29.818181818181817,47.794445546736114,2026-06-25 18:27:15+00:00,34.99,35.00240740740741,1
1963040,36,32.27777777777778,36.7305886243287,2026-07-23 17:29:58+00:00,11.99,7.0421875,0
1963370,37,44.4054054054054,35.646177983530094,2026-07-20 17:21:02+00:00,16.99,10.048391203703703,0
1966720,11,27.272727272727273,83.29362152777779,2026-05-21 17:16:41+00:00,9.99,70.05141203703704,0
1966900,39,33.97435897435897,38.078883711006945,2026-07-18 17:18:29+00:00,4.99,12.050162037037037,0
1970580,37,31.216216216216218,39.322283629108796,2026-07-01 06:30:20+00:00,19.99,29.500266203703703,0
1971650,21,49.04761904761905,56.29103356481481,2026-07-29 17:19:01+00:00,59.99,1.0497916666666667,0
1971870,26,63.34615384615385,39.07331111111111,2026-07-25 17:31:53+00:00,49.99,5.040856481481481,0
1972440,27,26.666666666666668,56.26436476138889,2026-06-25 17:50:25+00:00,9.99,35.02798611111111,0
1977170,29,45.172413793103445,34.14162037037037,2026-07-14 17:16:38+00:00,24.99,16.05144675925926,0
1981610,21,61.19047619047619,57.1448912037037,2026-06-25 18:51:01+00:00,29.99,34.98590277777778,1
1984490,5,43.0,344.52999421296295,2026-03-19 18:11:03+00:00,2.99,133.0136574074074,0
1985810,30,66.43333333333334,41.55344787674768,2026-06-25 18:15:13+00:00,59.99,35.01076388888889,0
1985820,30,56.333333333333336,41.55344787674768,2026-06-25 18:15:13+00:00,59.99,35.01076388888889,0
1987080,18,19.444444444444443,86.3472052015162,2026-06-27 15:15:55+00:00,6.99,33.13527777777778,0
1989270,32,27.34375,32.617345803460644,2026-07-30 17:21:32+00:00,17.99,0.04804398148148148,0
1993150,26,41.34615384615385,52.05450092592592,2026-06-25 17:57:32+00:00,16.99,35.02304398148148,0
1995520,9,36.44444444444444,34.261598668981485,2026-07-17 17:17:00+00:00,29.99,13.05119212962963,0
1996010,23,34.52173913043478,36.231031670868056,2026-07-15 17:17:18+00:00,19.99,15.050983796296297,0
1999170,44,38.52272727272727,34.88854274332176,2026-07-10 17:16:47+00:00,6.99,20.051342592592594,0
1999360,40,26.25,36.8302662037037,2026-06-11 17:25:53+00:00,1.99,49.04502314814815,1
1999520,19,21.842105263157894,38.423659979421295,2026-07-29 17:19:20+00:00,10.99,1.0495717592592593,0
2000950,29,67.20689655172414,43.037128802905094,2026-06-25 18:15:13+00:00,59.99,35.01076388888889,0
2001120,9,24.444444444444443,40.25042534722222,2026-07-30 17:21:32+00:00,49.99,0.04804398148148148,0
2005010,37,42.189189189189186,33.11258648405092,2026-07-16 17:19:42+00:00,21.99,14.04931712962963,0
2009100,27,76.03703703703704,38.769292646006946,2026-07-30 17:21:32+00:00,59.99,0.04804398148148148,0
2014780,16,34.3125,87.3874498456713,2026-06-25 17:37:20+00:00,59.99,35.03707175925926,0
2015270,14,19.285714285714285,59.848164173784724,2026-06-11 17:25:42+00:00,29.99,49.045150462962965,0
2019810,31,28.516129032258064,29.765270447523147,2026-07-13 17:23:55+00:00,14.99,17.046388888888888,0
2022180,30,42.0,45.41763649424769,2026-07-27 17:21:03+00:00,2.99,3.0483796296296295,0
2022670,23,58.91304347826087,42.71933659511574,2026-06-18 17:23:30+00:00,39.99,42.04667824074074,1
2023880,25,29.0,56.93538001542824,2026-06-25 18:04:52+00:00,34.99,35.01795138888889,1
2024230,37,42.972972972972975,40.64154192386574,2026-06-25 18:50:47+00:00,5.99,34.98606481481482,0
2026280,44,60.0,33.063106965972224,2026-07-25 17:31:53+00:00,19.99,5.040856481481481,0
2026290,44,59.97727272727273,32.898235626608795,2026-07-25 17:31:53+00:00,19.99,5.040856481481481,0
2027330,5,24.0,150.2526070601852,2025-03-13 18:24:33+00:00,7.99,504.0042824074074,0
2050650,28,46.67857142857143,38.629669495879625,2026-07-20 17:21:12+00:00,39.99,10.048275462962962,0
2054970,16,49.0625,44.13334259259259,2026-04-20 17:24:20+00:00,69.99,101.04609953703704,0
2055290,27,64.07407407407408,47.22922943375,2026-06-18 17:23:28+00:00,39.99,42.04670138888889,1
2058180,30,59.333333333333336,45.20459331097222,2026-06-25 19:08:16+00:00,39.99,34.97392361111111,1
2058190,30,59.833333333333336,45.202591395266204,2026-06-25 19:08:15+00:00,39.99,34.973935185185184,1
2059170,26,22.307692307692307,38.562044444444446,2026-05-23 17:16:51+00:00,19.99,68.0512962962963,1
2059790,9,27.77777777777778,156.3919256365741,2025-12-23 14:18:07+00:00,8.99,219.17541666666668,0
2060130,31,49.354838709677416,43.2264375,2026-06-11 17:25:44+00:00,24.99,49.04512731481481,0
2060160,8,20.0,41.41512400792824,2026-07-27 11:15:23+00:00,9.99,3.3023148148148147,0
2063400,3,58.333333333333336,217.00188657407406,2023-10-26 17:25:44+00:00,12.0,1008.0451273148149,0
2063480,38,46.78947368421053,38.555302177175925,2026-06-23 10:15:36+00:00,19.99,37.34383101851852,1
2066020,34,30.88235294117647,39.63191042368056,2026-07-22 17:16:18+00:00,14.99,8.05167824074074,0
2066490,11,42.54545454545455,84.18995949074075,2025-03-13 18:20:03+00:00,0.99,504.0074074074074,0
2067050,21,49.76190476190476,34.30222743055556,2026-07-13 17:22:21+00:00,19.99,17.04747685185185,0
2067920,38,24.789473684210527,37.948405280277775,2026-07-24 17:19:57+00:00,14.99,6.049143518518519,0
2068280,38,26.342105263157894,33.78388951451389,2026-07-13 17:23:53+00:00,9.99,17.046412037037037,0
2069550,20,56.55,75.88463267542824,2026-06-25 18:56:50+00:00,4.99,34.98186342592592,1
2071280,32,32.96875,37.93864433989583,2026-06-25 18:39:22+00:00,24.99,34.993993055555556,0
2071500,19,55.78947368421053,47.403793724270834,2026-07-16 00:16:01+00:00,29.99,14.760208333333333,0
2072450,22,55.45454545454545,39.66929398148148,2026-06-25 19:08:19+00:00,69.99,34.97388888888889,1
2074800,26,35.76923076923077,53.78399907407407,2026-06-25 17:36:13+00:00,18.99,35.037847222222226,0
2075070,11,27.272727272727273,89.7835925925926,2026-06-25 17:57:37+00:00,5.99,35.02298611111111,0
2080690,15,22.333333333333332,73.90565889549768,2026-06-25 17:36:14+00:00,19.99,35.037835648148146,0
2082040,14,42.857142857142854,58.917889957256946,2025-02-06 18:21:04+00:00,2.99,539.0067013888889,0
2082300,3,21.666666666666668,145.01688657407408,2025-03-13 18:04:22+00:00,4.99,504.0182986111111,0
2084000,32,34.375,36.20221475506945,2026-07-23 17:30:01+00:00,14.99,7.042152777777778,0
2086430,18,20.0,37.6594389978125,2026-07-30 17:21:33+00:00,9.99,0.048032407407407406,0
2088570,22,24.09090909090909,65.29125110229167,2026-06-25 18:50:35+00:00,9.99,34.9862037037037,0
2088840,21,30.38095238095238,45.29800983796296,2026-07-13 17:23:35+00:00,4.99,17.04662037037037,0
2093910,20,35.45,46.94539351851852,2026-06-25 17:48:58+00:00,4.99,35.02899305555555,0
2096600,31,52.58064516129032,43.87209953703704,2026-06-25 19:12:03+00:00,29.99,34.971296296296295,0
2096610,32,49.21875,42.4568514784838,2026-06-25 19:12:03+00:00,29.99,34.971296296296295,0
2099110,41,24.146341463414632,33.392647280092596,2026-06-25 18:44:48+00:00,11.99,34.99021990740741,0
2099270,3,50.0,56.9516087962963,2023-03-16 18:25:49+00:00,4.99,1232.0034027777779,0
2103130,11,29.09090909090909,52.04308680555556,2026-06-25 18:27:01+00:00,8.99,35.00256944444445,0
2103140,19,18.94736842105263,42.94811278291667,2026-06-25 18:50:48+00:00,15.99,34.98605324074074,0
2104890,13,31.153846153846153,29.75003279320602,2026-07-16 17:19:43+00:00,39.99,14.049305555555556,0
2106520,28,19.107142857142858,48.42649477023148,2026-07-15 16:15:29+00:00,9.99,15.093912037037038,0
2106840,25,38.0,51.36617525076389,2026-06-25 17:58:16+00:00,19.99,35.022534722222225,1
2108180,11,14.090909090909092,56.08480324074074,2026-06-25 18:39:35+00:00,24.99,34.99384259259259,0
2109460,16,19.6875,45.98769444444444,2024-09-27 22:15:26+00:00,2.99,670.8439467592592,0
2111190,22,25.227272727272727,37.474127535266206,2026-07-11 13:15:43+00:00,19.99,19.21875,0
2113850,25,33.64,33.67985966435185,2026-06-25 18:39:04+00:00,11.99,34.99420138888889,0
2114740,24,47.041666666666664,45.74071910224537,2026-06-11 17:25:53+00:00,29.99,49.04502314814815,1
2116120,13,19.23076923076923,69.24686053240741,2026-07-20 17:21:14+00:00,21.99,10.048252314814814,0
2124490,12,42.5,53.98905408248842,2026-07-14 17:16:38+00:00,69.99,16.05144675925926,0
2124780,19,26.31578947368421,74.44859953703704,2026-06-25 18:26:53+00:00,9.99,35.002662037037034,1
2129810,14,41.42857142857143,37.000023148148145,2026-07-12 17:15:55+00:00,9.99,18.051944444444445,0
2131650,12,28.333333333333332,85.06989898989583,2026-07-14 17:16:38+00:00,19.99,16.05144675925926,0
2132850,17,30.88235294117647,48.5698828125,2026-06-25 18:50:35+00:00,14.99,34.9862037037037,0
2135970,41,60.63414634146341,32.98627083333333,2026-07-11 17:16:30+00:00,4.99,19.05153935185185,0
2138710,36,53.69444444444444,34.66111507936343,2026-07-23 17:30:02+00:00,39.99,7.042141203703704,0
2139020,16,50.0,50.528797067893514,2026-07-25 16:15:26+00:00,4.99,5.093946759259259,0
2140020,30,51.0,33.75896471902778,2026-07-13 17:17:38+00:00,14.99,17.050752314814815,0
2141520,27,32.333333333333336,40.000169604699074,2026-07-20 17:21:17+00:00,9.99,10.048217592592593,0
2141690,45,26.266666666666666,31.642101746631944,2026-07-13 17:23:39+00:00,9.99,17.046574074074073,0
2141730,25,22.24,56.092597897372684,2026-06-25 18:45:08+00:00,9.99,34.98998842592592,0
2142790,9,20.0,71.86447482638889,2026-06-25 17:37:10+00:00,13.99,35.0371875,1
2144740,23,68.26086956521739,41.22561342592593,2026-06-11 17:26:04+00:00,39.99,49.044895833333335,1
2152190,42,22.023809523809526,33.46361929765046,2026-07-20 17:19:48+00:00,1.99,10.049247685185184,0
2153950,26,24.03846153846154,49.25867268518519,2026-06-25 20:30:24+00:00,0.99,34.91688657407408,0
2154820,37,31.72972972972973,36.52930587704861,2026-06-01 17:22:33+00:00,4.99,59.04733796296296,0
2155180,29,22.413793103448278,33.72392071759259,2026-07-14 17:16:38+00:00,34.99,16.05144675925926,0
2157560,15,53.8,60.211654265868056,2026-06-11 17:25:44+00:00,49.99,49.04512731481481,0
2159210,15,31.933333333333334,45.93048941798611,2026-06-25 17:57:19+00:00,7.99,35.02319444444444,0
2160220,3,61.666666666666664,178.9127025462963,2026-06-25 17:20:21+00:00,7.99,35.04886574074074,0
2161700,20,50.0,41.63313230993055,2026-06-25 17:58:05+00:00,59.99,35.02266203703704,1
2162800,20,29.5,37.06649244638889,2026-07-20 17:19:43+00:00,29.99,10.049305555555556,0
2163330,33,33.93939393939394,34.30804542824074,2026-07-15 17:17:18+00:00,14.99,15.050983796296297,0
2166060,22,41.5,55.096133708101846,2026-06-25 17:36:42+00:00,8.99,35.037511574074074,0
2166340,10,36.3,48.46135673868056,2026-06-25 17:57:37+00:00,9.99,35.02298611111111,1
2172180,23,53.08695652173913,41.663661616157405,2026-06-25 18:15:16+00:00,9.99,35.010729166666664,1
2173740,10,60.5,133.23341177982638,2026-06-27 19:45:24+00:00,1.99,32.94813657407408,0
2179650,41,29.78048780487805,34.03038946759259,2026-07-20 17:19:43+00:00,0.99,10.049305555555556,0
2181610,28,42.75,38.911540209189816,2026-07-30 05:15:23+00:00,9.99,0.5523148148148148,0
2181930,32,61.5625,39.61713448326389,2026-06-25 18:27:09+00:00,2.99,35.00247685185185,0
2182400,18,22.22222222222222,49.43702614378472,2026-07-30 17:21:33+00:00,4.99,0.048032407407407406,0
2183900,21,49.095238095238095,29.79472337962963,2026-07-16 17:19:44+00:00,59.99,14.049293981481481,0
2185060,9,22.0,44.350426793981484,2026-06-16 17:16:54+00:00,29.99,44.051261574074076,1
2186320,25,22.0,52.045066550925924,2026-07-20 16:15:45+00:00,6.99,10.093726851851851,0
2186680,26,45.0,33.60031527777778,2026-06-25 18:26:57+00:00,49.99,35.002615740740744,1
2187290,33,59.09090909090909,37.563218677662036,2026-07-20 17:21:29+00:00,6.99,10.048078703703704,0
2190290,34,36.55882352941177,39.31980744949074,2026-06-28 22:00:50+00:00,12.99,31.85408564814815,0
2192640,8,64.375,58.41392195766204,2023-12-21 22:51:57+00:00,4.99,951.818587962963,0
2194530,25,22.2,40.8106086033912,2026-06-25 17:57:49+00:00,10.99,35.022847222222225,0
2194780,10,47.0,64.40770061728008,2026-06-25 17:37:16+00:00,4.99,35.03711805555555,0
2195250,7,67.14285714285714,36.47930941357639,2024-06-27 18:44:24+00:00,69.99,762.9904976851852,0
2195410,22,39.54545454545455,35.77073743385417,2026-06-25 18:15:10+00:00,29.99,35.01079861111111,0
2198150,17,17.352941176470587,40.006773726851854,2026-06-25 18:39:23+00:00,14.99,34.993981481481484,0
2200780,38,40.921052631578945,33.67909065314815,2026-07-20 17:20:08+00:00,5.99,10.049016203703705,0
2201940,33,39.303030303030305,32.63282841435185,2026-06-25 19:03:52+00:00,24.99,34.976979166666666,1
2202770,5,50.0,107.46872395833333,2025-12-18 19:15:11+00:00,1.99,223.96912037037038,0
2206460,39,89.35897435897436,34.58728953459491,2026-06-25 18:15:24+00:00,29.99,35.01063657407408,0
2208920,35,75.08571428571429,38.14734170751157,2026-06-25 18:50:37+00:00,59.99,34.986180555555556,1
2212330,14,24.642857142857142,83.98622774216435,2026-06-25 17:37:24+00:00,4.99,35.037025462962966,0
2215080,30,58.666666666666664,42.927741060023145,2026-07-19 17:15:44+00:00,7.99,11.05207175925926,0
2215260,31,67.0,42.22962731481481,2026-06-25 18:27:03+00:00,14.99,35.002546296296295,0
2215430,11,32.63636363636363,65.10159722222222,2026-06-25 17:41:44+00:00,59.99,35.0340162037037,0
2217000,18,34.44444444444444,35.886264978206015,2026-06-25 18:39:04+00:00,29.99,34.99420138888889,1
2218400,32,31.1875,35.04196983273148,2026-07-25 17:16:44+00:00,12.99,5.051377314814815,0
2218750,32,22.8125,37.262054958182866,2026-07-22 17:16:18+00:00,6.66,8.05167824074074,0
2221490,29,75.17241379310344,45.00125578703704,2026-06-25 19:12:37+00:00,29.99,34.97090277777778,1
2221920,32,82.03125,41.5478330346412,2026-06-25 18:15:09+00:00,39.99,35.010810185185186,0
2223840,17,62.8235294117647,37.803600983796294,2026-07-25 16:15:26+00:00,29.99,5.093946759259259,0
2224640,17,39.94117647058823,43.37884331597222,2026-06-16 17:16:57+00:00,16.99,44.05122685185185,0
2229900,5,25.0,115.753046875,2026-06-25 18:50:51+00:00,19.99,34.98601851851852,0
2230410,13,45.15384615384615,35.13719714505787,2024-05-27 17:21:29+00:00,0.99,794.0480787037037,0
2230650,23,30.652173913043477,42.66817234848379,2026-06-25 18:50:51+00:00,29.99,34.98601851851852,0
2231380,38,81.57894736842105,33.75739082832176,2026-06-25 18:34:09+00:00,59.99,34.99761574074074,1
2231450,14,33.714285714285715,83.99007745725694,2026-06-25 17:37:17+00:00,19.99,35.03710648148148,0
2233790,29,39.172413793103445,35.979247685185186,2026-07-20 17:21:32+00:00,5.99,10.04804398148148,0
2235240,6,31.833333333333332,56.0021412037037,2025-12-18 18:19:57+00:00,2.99,224.00747685185186,0
2237720,24,28.875,55.757613727847215,2026-06-25 20:30:24+00:00,2.99,34.91688657407408,0
2239150,30,22.333333333333332,36.48805834929398,2026-06-25 18:44:43+00:00,12.99,34.99027777777778,0
2239550,34,85.29411764705883,37.7578209175,2026-06-25 18:15:09+00:00,59.99,35.010810185185186,1
2239710,11,19.09090909090909,38.68050231481482,2026-07-18 17:18:29+00:00,24.99,12.050162037037037,0
2244130,22,20.0,47.26434248236111,2026-07-25 17:31:54+00:00,22.0,5.040844907407408,0
2246340,10,40.9,43.33252700616898,2026-07-20 17:21:32+00:00,69.99,10.04804398148148,0
2251630,2,46.5,113.90421296296296,2023-05-14 10:03:17+00:00,2.99,1173.3523842592592,0
2252570,14,47.785714285714285,50.25092770655093,2025-06-26 22:22:46+00:00,59.99,398.8388541666667,0
2254890,15,18.4,44.833629298935186,2026-06-25 18:39:14+00:00,29.99,34.99408564814815,0
2257590,3,16.666666666666668,136.20179398148147,2025-06-26 21:59:39+00:00,3.99,398.8549074074074,0
2262770,15,33.333333333333336,77.98834656084492,2026-06-25 17:42:27+00:00,4.99,35.03351851851852,0
2269120,2,32.5,51.440046296296295,2023-03-16 18:51:56+00:00,3.99,1231.9852662037038,0
2273430,26,23.76923076923077,41.78652546296296,2026-06-25 17:58:03+00:00,19.99,35.02268518518518,1
2273980,13,37.92307692307692,38.088653549375,2026-06-25 18:50:19+00:00,29.99,34.98638888888889,0
2276930,29,33.827586206896555,37.07288359788195,2026-07-10 17:16:48+00:00,5.99,20.051331018518518,0
2277320,24,56.0,36.740220410625,2026-07-20 17:21:34+00:00,7.99,10.048020833333334,0
2281610,22,33.63636363636363,57.91960372574074,2026-06-25 18:50:38+00:00,4.99,34.986168981481484,0
2285150,27,38.7037037037037,38.00513176637731,2026-06-25 18:15:23+00:00,19.99,35.01064814814815,0
2287520,4,47.5,217.33747299381946,2026-06-25 17:36:31+00:00,39.99,35.037638888888885,0
2290000,34,36.61764705882353,36.2726676487037,2026-07-15 15:15:25+00:00,14.99,15.135625,0
2290180,28,78.92857142857143,42.407449845671294,2026-07-27 17:21:05+00:00,39.99,3.0483564814814814,0
2291060,18,43.0,42.96945125271991,2026-06-25 18:50:38+00:00,59.99,34.986168981481484,1
2291760,16,20.125,78.80679398148148,2026-06-25 17:36:58+00:00,5.99,35.037326388888886,0
2291850,22,43.54545454545455,47.729236662256945,2026-06-25 18:50:23+00:00,4.99,34.98634259259259,1
2293440,26,40.57692307692308,36.280988425925926,2026-07-13 17:23:43+00:00,24.99,17.04652777777778,0
2294450,22,22.272727272727273,36.64164902997685,2026-06-25 18:26:52+00:00,11.99,35.00267361111111,1
2294660,17,84.70588235294117,31.515498408564813,2026-07-18 11:15:29+00:00,9.99,12.30224537037037,0
2296990,18,41.111111111111114,52.88310457516204,2026-06-25 18:39:11+00:00,3.99,34.99412037037037,0
2300320,6,20.0,85.60414814814816,2026-06-25 17:49:32+00:00,29.99,35.02859953703704,0
2302660,13,10.0,53.034917052465275,2026-07-30 17:21:33+00:00,13.99,0.048032407407407406,0
2303350,30,37.63333333333333,37.661412835243055,2026-07-13 17:23:43+00:00,9.99,17.04652777777778,0
2306590,37,48.91891891891892,33.582035751018516,2026-07-15 17:17:18+00:00,0.99,15.050983796296297,0
2311190,14,25.0,83.98992966523149,2026-06-25 17:36:37+00:00,4.99,35.03756944444444,0
2314160,15,19.0,84.75508680555555,2026-06-25 18:04:19+00:00,19.99,35.01833333333333,0
2315690,9,48.111111111111114,38.50575086805556,2025-02-06 18:21:48+00:00,59.99,539.0061921296297,0
2318310,13,39.61538461538461,78.90200520833334,2026-06-25 17:36:23+00:00,14.99,35.03773148148148,0
2321210,2,11.0,35.51884259259259,2023-06-29 20:45:24+00:00,14.99,1126.9064699074074,0
2321470,27,27.037037037037038,33.165068108969905,2026-06-25 19:03:41+00:00,12.99,34.977106481481485,0
2322010,9,25.77777777777778,69.49633825231481,2026-06-25 17:37:19+00:00,59.99,35.037083333333335,0
2322560,22,24.545454545454547,46.692482914456015,2026-06-24 17:18:52+00:00,9.99,36.04989583333333,0
2324230,37,60.21621621621622,33.483576710381946,2026-07-10 17:16:48+00:00,0.99,20.051331018518518,0
2328750,27,49.407407407407405,38.237948717939815,2026-06-25 19:03:37+00:00,14.99,34.977152777777775,0
2331330,20,34.15,42.755056652037034,2026-07-30 17:21:33+00:00,24.99,0.048032407407407406,0
2331420,4,28.25,80.41726851851851,2025-03-13 18:20:38+00:00,9.99,504.0070023148148,0
2334730,14,11.428571428571429,73.37146456552082,2026-06-25 17:41:57+00:00,6.99,35.033865740740744,0
2336220,23,12.173913043478262,40.24522095959491,2026-07-25 17:31:55+00:00,15.99,5.0408333333333335,0
2338770,11,71.27272727272727,27.59960763888889,2024-07-18 17:16:16+00:00,59.99,742.0517013888889,0
2340650,14,38.857142857142854,59.79245103275463,2026-03-19 19:09:49+00:00,29.99,132.9728472222222,0
2341800,12,25.0,92.20944865319444,2026-03-19 18:20:55+00:00,3.99,133.00680555555556,0
2342950,31,29.838709677419356,34.858284336412034,2026-07-24 17:20:48+00:00,5.99,6.04855324074074,0
2344320,5,28.0,54.272453703703704,2025-12-18 19:27:32+00:00,24.99,223.9605439814815,0
2344520,25,43.4,40.91483555168982,2026-06-25 18:15:02+00:00,49.99,35.01089120370371,0
2356780,20,27.0,32.151752558472225,2026-07-25 13:15:19+00:00,14.99,5.219027777777778,0
2357910,24,23.041666666666668,38.21738375603009,2026-06-13 17:19:19+00:00,14.99,47.04958333333333,0
2358720,2,22.5,234.849375,2026-02-09 18:27:03+00:00,59.99,171.0025462962963,1
2361680,19,17.263157894736842,37.46754436728009,2026-07-25 17:31:55+00:00,14.99,5.0408333333333335,0
2365810,24,22.708333333333332,36.7807075281713,2026-06-25 18:15:11+00:00,5.99,35.01078703703703,1
2366980,20,35.25,36.47870614034722,2026-06-25 18:50:54+00:00,19.99,34.985983796296296,1
2369390,32,75.875,36.80800813917824,2026-06-25 18:50:54+00:00,59.99,34.985983796296296,1
2375550,23,55.43478260869565,41.674305555555556,2026-06-25 19:03:54+00:00,49.99,34.97695601851852,1
2378620,23,55.21739130434783,40.143149726423616,2026-06-25 18:56:54+00:00,11.99,34.98181712962963,1
2378900,20,23.95,51.917526803113425,2026-06-25 17:41:49+00:00,11.99,35.03395833333333,0
2379390,29,75.34482758620689,39.50177124668981,2026-06-25 18:15:08+00:00,39.99,35.01082175925926,0
2379780,23,13.695652173913043,40.50436447811342,2026-07-30 17:21:34+00:00,14.99,0.04802083333333333,0
2380050,23,40.869565217391305,31.142576283668983,2026-07-20 17:19:52+00:00,24.99,10.04920138888889,0
2384580,14,26.142857142857142,38.533224715092594,2026-07-27 17:22:07+00:00,69.99,3.047638888888889,0
2394440,19,53.68421052631579,51.84386316871528,2026-06-25 17:36:28+00:00,4.99,35.03767361111111,0
2395210,26,59.42307692307692,39.84152962962963,2026-06-25 18:15:12+00:00,39.99,35.01077546296296,0
2399420,13,21.0,44.906017554004634,2026-06-11 17:26:05+00:00,39.99,49.04488425925926,0
2399830,22,42.22727272727273,46.35965884038195,2026-06-25 18:34:27+00:00,44.99,34.99740740740741,0
2400160,19,23.94736842105263,34.67799189814815,2026-06-25 19:12:03+00:00,9.99,34.971296296296295,0
2405060,12,27.25,38.29505997474537,2026-06-25 19:12:03+00:00,24.99,34.971296296296295,1
2406770,19,19.210526315789473,41.54300090019676,2026-06-25 17:50:02+00:00,33.32,35.028252314814814,0
2407270,12,24.583333333333332,50.6477735690162,2026-07-21 17:19:10+00:00,34.99,9.0496875,0
2408820,13,26.53846153846154,48.53002507715278,2026-06-25 18:39:20+00:00,19.99,34.9940162037037,1
2414580,6,37.5,98.0981712962963,2025-03-13 18:20:12+00:00,2.99,504.0073032407407,0
2420110,12,35.75,66.1821517255787,2026-06-22 17:20:53+00:00,59.99,38.04849537037037,0
2420660,17,33.529411764705884,35.054916087962965,2026-06-11 17:25:49+00:00,19.99,49.045069444444444,1
2427700,21,15.714285714285714,43.46558275462963,2026-07-25 17:31:55+00:00,14.99,5.0408333333333335,0
2429860,27,21.59259259259259,32.27236867877315,2026-07-10 06:15:57+00:00,12.99,20.510254629629628,0
2435900,35,48.2,80.37531352123843,2026-06-25 18:15:21+00:00,6.99,35.010671296296294,1
2437510,15,49.666666666666664,67.98829447751157,2026-06-25 17:37:19+00:00,10.99,35.037083333333335,0
2440380,21,43.333333333333336,34.93114699074074,2026-07-30 05:15:23+00:00,9.99,0.5523148148148148,0
2440510,24,46.875,40.132014392106484,2026-06-25 18:56:54+00:00,69.99,34.98181712962963,0
2445690,19,14.736842105263158,40.808481224270835,2026-07-29 17:18:55+00:00,17.99,1.0498611111111111,0
2446550,15,21.333333333333332,61.059608961631945,2026-06-25 18:04:52+00:00,35.01,35.01795138888889,0
2446600,13,28.846153846153847,39.34436728394676,2026-07-09 18:13:54+00:00,24.99,21.01167824074074,0
2453360,17,28.823529411764707,48.542021122685185,2026-06-25 18:26:40+00:00,9.99,35.0028125,0
2456740,2,15.0,67.96414351851851,2025-08-19 17:18:59+00:00,39.99,345.0498148148148,0
2457220,10,31.9,47.4519830246875,2026-06-25 18:56:50+00:00,49.99,34.98186342592592,1
2457580,21,29.523809523809526,43.04933275462963,2026-07-23 17:30:08+00:00,14.99,7.042071759259259,0
2458530,60,31.033333333333335,17.954277699305553,2026-06-14 17:18:43+00:00,34.99,46.05,0
2461850,17,55.0,42.62925130208333,2026-06-25 18:56:54+00:00,49.99,34.98181712962963,0
2464530,16,25.0,37.46981790122685,2026-06-25 19:08:31+00:00,19.99,34.97375,1
2475490,18,25.555555555555557,37.47585716230324,2026-06-25 19:12:04+00:00,12.99,34.97128472222222,0
2477340,23,44.78260869565217,36.95459438130787,2026-07-16 17:19:57+00:00,39.99,14.049143518518518,0
2478970,36,51.666666666666664,29.004912037037037,2026-06-25 19:12:25+00:00,29.99,34.971041666666665,0
2479810,4,27.75,191.63768904320602,2026-06-25 18:15:31+00:00,39.99,35.010555555555555,0
2488510,29,30.0,35.64877686837963,2026-07-17 17:16:57+00:00,6.99,13.051226851851851,0
2488620,8,56.25,36.44311838623843,2025-03-13 19:29:54+00:00,69.99,503.95890046296296,0
2490990,13,41.92307692307692,47.909439621909726,2026-06-25 18:04:18+00:00,59.99,35.01834490740741,1
2492300,17,15.294117647058824,67.14688368055556,2026-06-25 17:57:23+00:00,0.99,35.023148148148145,0
2495450,30,21.0,31.594446439965278,2026-07-10 06:15:57+00:00,19.99,20.510254629629628,0
2497900,19,24.63157894736842,54.00105452674769,2026-06-25 18:09:17+00:00,7.99,35.01488425925926,0
2497920,17,30.58823529411765,45.503058449074075,2026-06-25 19:03:56+00:00,9.99,34.97693287037037,1
2506160,12,44.583333333333336,66.18128051346065,2026-06-25 17:37:09+00:00,9.99,35.037199074074074,0
2515020,13,41.53846153846154,46.739890046296296,2026-06-11 17:26:00+00:00,49.99,49.04494212962963,1
2517500,9,11.11111111111111,109.37951533564815,2026-03-19 18:19:36+00:00,0.99,133.00771990740742,0
2518960,28,43.75,36.703287894375,2026-07-13 17:29:07+00:00,34.99,17.04277777777778,0
2521380,13,40.38461538461539,53.23662808641204,2026-06-25 19:12:25+00:00,29.99,34.971041666666665,0
2523120,15,29.666666666666668,59.93941220237269,2026-06-25 17:41:43+00:00,2.99,35.03402777777778,0
2527500,17,12.352941176470589,36.97259837962963,2026-07-25 17:31:56+00:00,14.99,5.040821759259259,0
2529820,31,32.03225806451613,32.17895563270833,2026-06-25 18:39:06+00:00,4.99,34.99417824074074,0
2531310,7,20.0,50.66879050925926,2026-06-25 17:37:27+00:00,49.99,35.03699074074074,0
2532550,29,57.93103448275862,36.937595899467595,2026-07-27 17:22:08+00:00,3.99,3.047627314814815,0
2533960,23,30.652173913043477,38.142315340902776,2026-06-25 18:27:03+00:00,4.99,35.002546296296295,1
2552430,16,42.9375,49.4722793209838,2026-06-25 18:04:18+00:00,49.99,35.01834490740741,1
2555030,16,34.6875,57.80849768518519,2026-06-25 17:36:49+00:00,4.99,35.03743055555555,0
2556990,18,33.611111111111114,40.88443218953704,2026-06-25 18:09:16+00:00,19.99,35.014895833333334,0
2567870,16,13.125,49.07484645061343,2026-06-25 18:44:42+00:00,4.99,34.99028935185185,0
2591280,21,61.666666666666664,33.60279513888889,2026-06-25 18:38:59+00:00,34.99,34.99425925925926,0
2591810,6,50.333333333333336,205.22217361111112,2026-07-20 17:27:57+00:00,1.99,10.043587962962963,0
2593370,27,27.40740740740741,31.601290064097224,2026-07-23 19:15:44+00:00,9.99,6.968738425925926,0
2597080,13,11.153846153846153,54.71436246141204,2026-07-15 17:17:18+00:00,24.99,15.050983796296297,0
2607780,7,26.428571428571427,29.79529706789352,2025-01-06 18:31:53+00:00,5.0,569.9991898148148,0
2608270,17,33.411764705882355,42.44099971064815,2026-06-25 18:39:15+00:00,19.99,34.99407407407407,0
2608350,14,26.428571428571427,53.2290251068287,2026-07-19 17:15:47+00:00,7.99,11.052037037037037,0
2616460,17,57.05882352941177,52.058814380787034,2026-06-18 17:23:29+00:00,4.99,42.04668981481481,0
2622240,10,69.5,90.11668467077546,2026-06-27 23:30:28+00:00,4.99,32.79184027777778,0
2622380,3,25.0,94.44776620370371,2026-06-25 17:42:08+00:00,39.99,35.033738425925925,0
2623190,12,23.833333333333332,38.81832070706019,2026-07-30 17:21:34+00:00,49.99,0.04802083333333333,0
2625420,7,26.428571428571427,76.33673804011575,2026-06-25 17:48:46+00:00,24.99,35.029131944444444,0
2633490,19,80.52631578947368,47.833640046296296,2026-07-23 17:30:11+00:00,9.99,7.042037037037037,0
2634950,3,23.333333333333332,181.91377314814815,2026-06-25 17:57:48+00:00,49.99,35.0228587962963,0
2638370,11,18.636363636363637,60.50056712962963,2026-06-25 17:36:18+00:00,19.99,35.03778935185185,0
2644470,13,26.153846153846153,54.290036651226856,2026-06-25 18:50:19+00:00,8.99,34.98638888888889,1
2646460,3,20.0,21.999247685185185,2026-07-25 07:15:57+00:00,29.99,5.468587962962963,0
2647230,13,27.692307692307693,66.4490316357986,2026-06-25 17:37:34+00:00,7.99,35.03690972222222,0
2649800,19,22.894736842105264,39.6902662037037,2026-07-23 17:30:11+00:00,9.99,7.042037037037037,0
2651280,8,24.875,56.96855158729167,2026-07-30 17:21:35+00:00,59.99,0.04800925925925926,0
2653790,18,23.333333333333332,56.89754901960649,2026-07-23 17:30:11+00:00,3.99,7.042037037037037,0
2656540,12,23.25,43.359541245787035,2026-03-19 19:27:04+00:00,1.99,132.96086805555555,0
2665680,13,18.846153846153847,35.5570148533912,2026-07-20 17:27:23+00:00,12.99,10.043981481481481,0
2666510,23,31.52173913043478,36.55679766413195,2026-07-09 18:17:51+00:00,6.99,21.008935185185184,0
2668510,16,38.75,40.457763888888884,2026-07-27 17:21:42+00:00,49.99,3.047928240740741,0
2669320,6,65.0,43.634993055555555,2025-06-19 22:30:47+00:00,69.99,405.83328703703705,0
2670630,20,29.75,45.050557383032405,2026-06-25 17:36:20+00:00,19.99,35.037766203703704,0
2676840,19,22.63157894736842,49.450785751018515,2026-06-25 18:39:07+00:00,6.99,34.994166666666665,1
2677660,12,25.0,47.269136153194445,2026-07-30 17:21:35+00:00,69.99,0.04800925925925926,0
2678990,20,27.25,44.638930311886575,2026-06-25 18:39:21+00:00,4.99,34.99400462962963,1
2679460,17,40.0,35.93203052662037,2026-06-25 18:04:17+00:00,69.99,35.01835648148148,1
2680010,6,30.0,72.76249074074074,2026-06-25 17:36:15+00:00,59.99,35.037824074074074,0
2683150,21,41.095238095238095,33.96515798611111,2026-07-16 17:19:49+00:00,14.99,14.049236111111112,0
2688950,14,40.714285714285715,43.07797008546296,2026-06-25 18:38:58+00:00,49.99,34.99427083333333,0
2695490,13,54.23076923076923,63.25340856481481,2026-06-25 18:20:59+00:00,29.99,35.00675925925926,0
2695940,22,25.59090909090909,36.815834435625,2026-07-13 17:29:06+00:00,9.99,17.04278935185185,0
2698780,25,36.44,32.788682484560184,2026-07-27 17:20:11+00:00,9.99,3.0489814814814813,0
2698940,23,72.6086956521739,36.27538510100695,2026-06-25 18:39:40+00:00,69.99,34.99378472222222,1
2701660,10,38.0,43.89023662550926,2026-06-25 18:34:27+00:00,59.99,34.99740740740741,1
2703850,9,20.333333333333332,91.79041666666667,2026-06-25 19:03:38+00:00,24.99,34.9771412037037,0
2704110,19,16.42105263157895,43.956183127569446,2026-06-25 17:37:20+00:00,2.99,35.03707175925926,0
2709600,13,40.92307692307692,66.16828028548612,2026-06-25 17:49:15+00:00,9.99,35.0287962962963,0
2713550,11,29.09090909090909,40.50934837962963,2026-05-17 17:17:49+00:00,14.99,74.050625,0
2714970,19,35.526315789473685,37.39983217592592,2026-07-15 17:16:57+00:00,7.99,15.051226851851851,0
2716400,13,17.692307692307693,49.168736496909716,2026-06-25 18:39:02+00:00,19.99,34.994224537037034,0
2719030,12,23.75,59.05223905723379,2026-06-25 18:05:43+00:00,16.99,35.017361111111114,0
2725260,11,36.81818181818182,45.495928240740746,2026-06-11 17:26:03+00:00,24.99,49.04490740740741,1
2726450,13,25.23076923076923,71.07913773148148,2026-06-25 18:50:44+00:00,4.99,34.986099537037035,0
2732820,19,44.21052631578947,44.89499228394676,2026-06-25 18:56:32+00:00,15.99,34.982071759259256,1
2742830,11,21.363636363636363,36.387368055555555,2026-06-25 19:03:58+00:00,24.99,34.976909722222224,0
2751000,22,53.18181818181818,34.09617779981481,2026-07-25 17:31:57+00:00,29.99,5.040810185185185,0
2763670,20,36.5,40.53551169590278,2026-06-25 18:27:04+00:00,9.99,35.00253472222222,0
2768430,11,46.81818181818182,54.98257638888889,2026-06-25 17:37:10+00:00,9.99,35.0371875,0
2772750,19,34.10526315789474,32.10406571501157,2026-07-20 17:27:29+00:00,9.99,10.043912037037037,0
2780980,12,35.833333333333336,65.56509259259259,2026-07-13 17:29:10+00:00,9.99,17.042743055555555,0
2784470,13,48.46153846153846,33.185941358020834,2026-06-25 18:44:40+00:00,19.99,34.9903125,0
2786680,26,16.653846153846153,32.747830092592594,2026-06-25 18:45:00+00:00,6.99,34.99008101851852,1
2790000,19,60.526315789473685,33.06292631172454,2026-07-13 17:29:10+00:00,19.99,17.042743055555555,0
2792610,26,71.07692307692308,33.011299074074074,2026-07-16 17:19:51+00:00,2.99,14.049212962962963,0
2796010,11,52.27272727272727,46.51056481481481,2026-06-25 17:50:33+00:00,4.99,35.02789351851852,0
2803960,3,30.0,52.677077546296296,2024-12-20 15:48:28+00:00,8.99,587.1126736111111,0
2810160,16,58.3125,43.988262345671295,2026-07-17 17:16:57+00:00,6.99,13.051226851851851,0
2820820,15,24.066666666666666,37.15889550263889,2026-06-25 18:56:37+00:00,14.99,34.982013888888886,1
2825530,14,40.07142857142857,34.86027510682871,2026-07-20 17:27:42+00:00,13.99,10.043761574074074,0
2828860,19,33.73684210526316,36.495799897118054,2026-07-13 17:29:13+00:00,29.99,17.042708333333334,0
2832560,3,30.0,188.70501736111112,2025-03-13 19:23:43+00:00,2.99,503.96319444444447,0
2835570,21,29.285714285714285,40.60229224537037,2026-06-25 18:21:33+00:00,2.99,35.00636574074074,0
2849080,19,31.31578947368421,38.903818801435186,2026-06-25 18:45:06+00:00,19.99,34.990011574074074,1
2878200,6,56.666666666666664,74.80023611111112,2026-06-25 17:42:23+00:00,19.99,35.03356481481482,0
2878420,21,39.04761904761905,39.73535706018519,2026-07-25 17:16:44+00:00,9.99,5.051377314814815,0
2878600,17,71.0,38.0660083912037,2026-06-25 18:39:31+00:00,29.99,34.99388888888889,0
2878980,8,65.5,36.03172949734954,2025-06-26 22:38:13+00:00,69.99,398.828125,0
2881650,24,29.75,34.26080012076389,2026-07-12 17:15:57+00:00,7.99,18.051921296296296,0
2890830,16,32.6875,35.93618904320602,2026-07-16 17:19:52+00:00,19.99,14.04920138888889,0
2892910,3,26.666666666666668,349.5908275462963,2026-06-25 17:37:05+00:00,9.99,35.03724537037037,0
2901520,21,52.523809523809526,41.39990162037037,2026-07-28 09:15:16+00:00,4.99,2.3857291666666667,0
2904000,15,24.066666666666666,48.72561755951389,2026-07-30 17:21:36+00:00,12.99,0.047997685185185185,0
2909110,20,66.0,33.553520345995366,2026-07-20 17:27:31+00:00,6.99,10.043888888888889,0
2909400,11,41.81818181818182,54.55364467592593,2026-06-11 17:26:00+00:00,49.99,49.04494212962963,1
2916430,13,30.0,48.07717978394676,2026-07-10 17:16:50+00:00,14.99,20.05130787037037,0
2920570,10,42.5,73.78890303497685,2026-06-25 17:42:26+00:00,7.99,35.03353009259259,0
2933080,15,77.0,42.2112962962963,2026-06-18 17:23:24+00:00,19.99,42.04674768518519,0
2933130,19,44.31578947368421,33.11319187241898,2026-06-25 19:12:26+00:00,29.99,34.97103009259259,0
2951770,13,20.0,48.73594907407407,2026-07-27 17:21:17+00:00,4.99,3.0482175925925925,0
2961880,18,40.0,43.82215550108796,2026-06-25 18:26:52+00:00,14.99,35.00267361111111,1
2963880,25,38.88,31.835063657407407,2026-07-23 17:30:15+00:00,8.99,7.041990740740741,0
2993780,2,27.5,208.93086805555555,2026-07-15 17:16:54+00:00,59.99,15.051261574074074,0
2996040,19,57.63157894736842,33.94670781892361,2026-07-10 17:16:50+00:00,29.99,20.05130787037037,0
3014080,4,25.0,100.23730324074074,2026-04-23 15:15:34+00:00,59.99,98.13552083333333,1
3017860,9,54.77777777777778,45.625286458333335,2026-07-30 17:21:36+00:00,69.99,0.047997685185185185,0
3027930,18,49.22222222222222,36.94277233114583,2026-07-20 17:27:23+00:00,4.99,10.043981481481481,0
3028310,11,32.09090909090909,45.70271412037037,2026-06-25 17:57:28+00:00,19.99,35.023090277777776,0
3035570,17,61.1764705882353,38.502464554398145,2026-06-25 18:15:08+00:00,49.99,35.01082175925926,1
3036080,10,51.0,78.48908436212963,2026-06-25 17:41:49+00:00,2.99,35.03395833333333,0
3046600,7,35.0,47.17558641974537,2026-06-25 18:39:34+00:00,29.99,34.993854166666665,0
3058630,12,20.0,47.73682028619213,2026-06-25 18:34:30+00:00,39.99,34.997372685185184,0
3059070,15,31.333333333333332,36.51842675263889,2026-06-25 18:26:59+00:00,7.99,35.00259259259259,0
3061810,12,53.333333333333336,38.82480008416667,2026-06-25 19:03:58+00:00,59.99,34.976909722222224,1
3062930,7,52.857142857142854,92.1402816357986,2026-06-25 17:36:32+00:00,7.99,35.03762731481481,0
3070070,9,30.0,81.03983506944445,2026-06-25 19:12:08+00:00,12.99,34.971238425925925,0
3071770,14,70.71428571428571,46.78775908119213,2026-06-25 17:50:17+00:00,2.99,35.028078703703706,0
3097560,9,33.888888888888886,78.89226128472222,2026-06-25 17:37:10+00:00,6.99,35.0371875,0
3107330,9,31.666666666666668,69.10529369212964,2026-06-25 17:37:14+00:00,2.99,35.037141203703705,0
3107800,15,46.666666666666664,33.595909391527776,2026-07-10 17:16:50+00:00,9.99,20.05130787037037,0
3108510,9,18.88888888888889,63.76205295138889,2026-06-25 17:37:05+00:00,5.99,35.03724537037037,0
3109580,16,34.4375,33.69505632715278,2026-07-25 17:16:44+00:00,8.99,5.051377314814815,0
3117820,13,17.307692307692307,37.635923032407405,2026-06-25 18:26:59+00:00,24.99,35.00259259259259,0
3121110,8,23.75,80.71744212962963,2026-06-25 17:50:03+00:00,4.0,35.02824074074074,0
3148860,15,18.0,35.38407738094907,2026-07-27 17:21:22+00:00,4.99,3.048159722222222,0
3154940,13,65.92307692307692,54.774406828703704,2026-06-25 18:04:50+00:00,2.99,35.017974537037034,0
3156770,11,14.545454545454545,63.30556134259259,2026-06-18 17:23:24+00:00,39.99,42.04674768518519,1
3164500,8,29.375,70.39912533068286,2026-07-30 17:21:39+00:00,19.99,0.047962962962962964,0
3167550,15,24.066666666666666,37.33029679232639,2026-07-25 17:16:53+00:00,5.99,5.051273148148148,0
3179020,20,30.5,34.374375609155095,2026-07-15 18:16:02+00:00,4.99,15.010196759259259,0
3185510,42,68.85714285714286,16.376073283645834,2026-07-27 17:21:25+00:00,1.99,3.048125,0
3191030,8,37.5,61.454773478831015,2026-06-25 17:42:11+00:00,4.99,35.0337037037037,0
3194160,17,57.94117647058823,37.142294560185185,2026-06-25 18:26:39+00:00,14.99,35.00282407407408,0
3217030,11,84.18181818181819,34.60625462962963,2025-12-18 19:54:52+00:00,9.99,223.9415625,0
3228590,12,29.583333333333332,38.358348063969906,2026-06-25 18:39:23+00:00,24.99,34.993981481481484,0
3240220,12,50.0,45.18947495790509,2026-07-14 17:19:20+00:00,29.99,16.04957175925926,0
3241660,12,29.583333333333332,46.64877735689815,2026-07-24 17:20:00+00:00,9.99,6.049108796296296,0
3244220,17,24.705882352941178,30.43330222800926,2026-07-13 17:29:15+00:00,4.99,17.042685185185185,0
3320100,5,60.0,90.95331597222223,2026-06-25 17:42:02+00:00,6.99,35.03380787037037,0
3358510,5,22.0,89.1353732638889,2025-12-23 14:18:07+00:00,9.99,219.17541666666668,0
3361470,7,29.285714285714285,78.16397955246528,2026-06-25 17:41:34+00:00,2.99,35.03413194444445,0
3481760,4,22.5,82.02819444444444,2025-12-18 19:20:40+00:00,4.99,223.9653125,0
3491290,8,28.75,70.97255787037037,2026-06-25 17:41:34+00:00,4.99,35.03413194444445,0
3560480,6,53.333333333333336,72.88768518518519,2026-06-26 08:45:22+00:00,6.99,34.40649305555556,0
